customer_id,region,city_tier,segment,signup_month,age_group,member_level,acquisition_source
C000001,华中,二线,新客,2025-12,18-24,金卡,线下活动
C000002,华南,新一线,高价值,2026-04,55+,银卡,直播引流
C000003,华东,三线及以下,价格敏感,2025-12,25-34,普通,直播引流
C000004,华北,新一线,沉睡,2026-03,25-34,普通,线下活动
C000005,华中,二线,沉睡,2026-04,18-24,金卡,自然搜索
C000006,华中,新一线,新客,2025-12,35-44,银卡,自然搜索
C000007,华东,二线,高价值,2026-05,18-24,银卡,线下活动
C000008,华东,新一线,成长型,2026-03,35-44,普通,老客推荐
C000009,华中,三线及以下,新客,2025-08,55+,金卡,直播引流
C000010,华北,三线及以下,沉睡,2025-11,55+,普通,老客推荐
C000011,东北,二线,新客,2025-12,35-44,普通,内容种草
C000012,西南,三线及以下,价格敏感,2025-09,45-54,金卡,老客推荐
C000013,华东,二线,高价值,2026-03,55+,银卡,自然搜索
C000014,华北,一线,价格敏感,2026-06,45-54,银卡,内容种草
C000015,西南,新一线,成长型,2026-02,45-54,普通,直播引流
C000016,华中,三线及以下,价格敏感,2025-09,18-24,银卡,自然搜索
C000017,华南,一线,成长型,2025-09,35-44,普通,直播引流
C000018,华东,二线,新客,2025-09,25-34,金卡,自然搜索
C000019,华中,三线及以下,沉睡,2026-07,35-44,银卡,老客推荐
C000020,华东,新一线,成长型,2026-01,25-34,金卡,内容种草
C000021,华北,新一线,沉睡,2025-09,55+,金卡,直播引流
C000022,西南,一线,高价值,2026-02,55+,银卡,内容种草
C000023,华东,新一线,价格敏感,2025-12,55+,普通,直播引流
C000024,华南,一线,价格敏感,2026-04,25-34,银卡,直播引流
C000025,华中,三线及以下,价格敏感,2026-02,35-44,普通,自然搜索
C000026,华北,新一线,成长型,2026-07,55+,普通,内容种草
C000027,华东,新一线,价格敏感,2025-09,55+,普通,线下活动
C000028,华中,三线及以下,高价值,2025-09,25-34,银卡,老客推荐
C000029,华北,二线,新客,2026-05,45-54,普通,直播引流
C000030,华北,新一线,高价值,2026-05,18-24,普通,线下活动
C000031,华东,一线,成长型,2026-03,25-34,金卡,自然搜索
C000032,华东,二线,新客,2026-05,25-34,普通,自然搜索
C000033,华北,新一线,新客,2026-02,55+,普通,老客推荐
C000034,华南,二线,沉睡,2025-10,55+,普通,内容种草
C000035,华南,三线及以下,价格敏感,2026-06,55+,金卡,自然搜索
C000036,华东,二线,价格敏感,2026-02,18-24,银卡,线下活动
C000037,华南,新一线,沉睡,2025-09,45-54,普通,自然搜索
C000038,华南,新一线,成长型,2026-02,55+,银卡,内容种草
C000039,华南,新一线,价格敏感,2025-08,25-34,普通,自然搜索
C000040,华南,三线及以下,成长型,2025-09,35-44,普通,自然搜索
C000041,西南,三线及以下,价格敏感,2026-02,25-34,金卡,线下活动
C000042,华中,三线及以下,新客,2025-10,35-44,普通,内容种草
C000043,华东,二线,高价值,2025-10,45-54,普通,自然搜索
C000044,华北,二线,高价值,2026-04,45-54,金卡,自然搜索
C000045,华北,一线,高价值,2025-10,45-54,普通,自然搜索
C000046,华南,二线,沉睡,2025-11,18-24,银卡,自然搜索
C000047,华东,新一线,新客,2025-08,45-54,普通,线下活动
C000048,华南,二线,沉睡,2026-07,45-54,普通,老客推荐
C000049,华东,三线及以下,成长型,2025-08,35-44,金卡,线下活动
C000050,华中,二线,沉睡,2025-12,55+,银卡,线下活动
C000051,华中,二线,价格敏感,2026-07,45-54,金卡,直播引流
C000052,东北,新一线,价格敏感,2025-12,55+,金卡,内容种草
C000053,西南,二线,成长型,2026-06,25-34,银卡,内容种草
C000054,华北,一线,沉睡,2026-05,55+,银卡,老客推荐
C000055,东北,一线,沉睡,2025-10,55+,银卡,线下活动
C000056,华北,新一线,价格敏感,2026-03,35-44,普通,内容种草
C000057,华南,二线,高价值,2025-08,18-24,金卡,线下活动
C000058,西南,新一线,成长型,2026-05,35-44,银卡,老客推荐
C000059,华东,二线,价格敏感,2026-03,55+,普通,直播引流
C000060,华东,新一线,成长型,2026-05,18-24,金卡,内容种草
C000061,西南,新一线,沉睡,2026-02,45-54,金卡,线下活动
C000062,西南,一线,成长型,2025-09,18-24,金卡,直播引流
C000063,华北,三线及以下,沉睡,2025-09,45-54,黑金,直播引流
C000064,华北,三线及以下,沉睡,2026-03,18-24,普通,直播引流
C000065,华北,一线,价格敏感,2026-03,18-24,普通,线下活动
C000066,华东,二线,成长型,2026-01,55+,普通,内容种草
C000067,西南,一线,沉睡,2026-05,45-54,黑金,老客推荐
C000068,华南,新一线,新客,2025-12,18-24,普通,自然搜索
C000069,西南,新一线,成长型,2026-03,55+,银卡,老客推荐
C000070,华东,一线,高价值,2026-07,35-44,黑金,老客推荐
C000071,西南,新一线,成长型,2025-12,25-34,普通,内容种草
C000072,华中,新一线,沉睡,2026-04,35-44,普通,内容种草
C000073,华南,一线,价格敏感,2026-05,25-34,银卡,自然搜索
C000074,华东,二线,新客,2026-03,35-44,银卡,线下活动
C000075,华中,三线及以下,高价值,2026-02,35-44,银卡,线下活动
C000076,华中,三线及以下,成长型,2025-08,55+,金卡,直播引流
C000077,华北,新一线,高价值,2026-05,45-54,黑金,老客推荐
C000078,西南,二线,价格敏感,2026-07,18-24,普通,老客推荐
C000079,西南,二线,高价值,2025-10,18-24,银卡,内容种草
C000080,东北,二线,价格敏感,2026-06,45-54,金卡,线下活动
C000081,华东,二线,高价值,2026-01,18-24,普通,老客推荐
C000082,华中,二线,高价值,2026-04,25-34,黑金,老客推荐
C000083,华东,三线及以下,新客,2025-09,45-54,普通,内容种草
C000084,西南,二线,价格敏感,2025-08,35-44,银卡,老客推荐
C000085,东北,二线,高价值,2026-01,25-34,金卡,老客推荐
C000086,华东,一线,沉睡,2025-08,35-44,银卡,内容种草
C000087,华东,新一线,价格敏感,2026-02,35-44,普通,直播引流
C000088,华中,三线及以下,价格敏感,2025-11,18-24,普通,直播引流
C000089,华北,新一线,成长型,2026-05,35-44,普通,老客推荐
C000090,华中,一线,成长型,2026-07,25-34,普通,自然搜索
C000091,华北,三线及以下,成长型,2026-07,35-44,普通,自然搜索
C000092,华东,一线,新客,2026-05,45-54,金卡,线下活动
C000093,西南,二线,沉睡,2026-07,18-24,普通,自然搜索
C000094,东北,二线,价格敏感,2025-09,25-34,普通,直播引流
C000095,华东,三线及以下,沉睡,2026-01,35-44,普通,内容种草
C000096,东北,一线,高价值,2026-02,45-54,普通,内容种草
C000097,华东,一线,成长型,2025-12,25-34,黑金,直播引流
C000098,华北,二线,新客,2025-10,55+,普通,自然搜索
C000099,华南,二线,成长型,2026-06,35-44,普通,内容种草
C000100,华北,三线及以下,沉睡,2025-12,35-44,普通,直播引流
C000101,华中,一线,沉睡,2026-03,18-24,银卡,直播引流
C000102,华南,二线,成长型,2026-07,45-54,金卡,自然搜索
C000103,华北,新一线,新客,2026-04,25-34,银卡,线下活动
C000104,华北,新一线,价格敏感,2025-12,18-24,银卡,内容种草
C000105,华东,一线,成长型,2026-04,18-24,银卡,内容种草
C000106,华中,三线及以下,成长型,2026-01,35-44,普通,老客推荐
C000107,华东,二线,沉睡,2026-07,25-34,普通,直播引流
C000108,华南,一线,价格敏感,2025-11,55+,普通,自然搜索
C000109,西南,二线,成长型,2025-08,45-54,普通,直播引流
C000110,华中,一线,成长型,2026-05,35-44,银卡,线下活动
C000111,华中,一线,新客,2026-06,35-44,普通,内容种草
C000112,东北,一线,成长型,2025-11,25-34,普通,线下活动
C000113,华北,二线,价格敏感,2026-07,18-24,银卡,线下活动
C000114,西南,二线,价格敏感,2025-09,18-24,金卡,自然搜索
C000115,西南,二线,新客,2026-05,25-34,银卡,自然搜索
C000116,华中,三线及以下,新客,2025-11,35-44,普通,内容种草
C000117,华东,新一线,成长型,2025-09,45-54,银卡,老客推荐
C000118,东北,一线,高价值,2025-09,18-24,普通,自然搜索
C000119,华东,三线及以下,成长型,2025-09,25-34,银卡,老客推荐
C000120,华东,新一线,新客,2026-01,55+,金卡,线下活动
C000121,华南,三线及以下,沉睡,2026-02,35-44,普通,老客推荐
C000122,华南,三线及以下,成长型,2026-01,55+,黑金,内容种草
C000123,西南,二线,成长型,2026-02,45-54,银卡,内容种草
C000124,东北,一线,高价值,2026-05,45-54,金卡,自然搜索
C000125,华中,二线,价格敏感,2026-01,55+,金卡,直播引流
C000126,华东,三线及以下,价格敏感,2026-03,25-34,银卡,内容种草
C000127,华南,一线,价格敏感,2026-06,35-44,普通,直播引流
C000128,华南,一线,沉睡,2025-09,45-54,普通,直播引流
C000129,华中,新一线,成长型,2026-05,18-24,普通,自然搜索
C000130,东北,新一线,价格敏感,2025-12,55+,金卡,内容种草
C000131,西南,二线,价格敏感,2026-06,18-24,普通,线下活动
C000132,华中,一线,沉睡,2026-05,35-44,金卡,线下活动
C000133,东北,新一线,成长型,2025-08,55+,普通,内容种草
C000134,华中,三线及以下,高价值,2026-02,18-24,金卡,直播引流
C000135,华东,一线,价格敏感,2026-07,45-54,银卡,直播引流
C000136,华南,二线,价格敏感,2026-04,25-34,银卡,线下活动
C000137,华东,二线,成长型,2026-02,35-44,普通,内容种草
C000138,东北,一线,沉睡,2026-02,18-24,金卡,线下活动
C000139,华东,三线及以下,成长型,2025-09,25-34,普通,线下活动
C000140,华北,三线及以下,价格敏感,2026-02,25-34,普通,老客推荐
C000141,华东,三线及以下,沉睡,2025-09,25-34,普通,老客推荐
C000142,东北,二线,沉睡,2026-01,55+,普通,直播引流
C000143,西南,二线,新客,2025-08,18-24,银卡,线下活动
C000144,华北,新一线,新客,2026-07,25-34,银卡,线下活动
C000145,华南,新一线,新客,2026-04,35-44,银卡,老客推荐
C000146,华东,新一线,成长型,2025-08,25-34,普通,直播引流
C000147,华南,一线,新客,2026-01,35-44,银卡,线下活动
C000148,华北,三线及以下,新客,2026-07,55+,黑金,老客推荐
C000149,华东,二线,价格敏感,2026-05,55+,黑金,老客推荐
C000150,华中,三线及以下,价格敏感,2026-01,25-34,金卡,自然搜索
C000151,华东,二线,新客,2026-02,35-44,金卡,线下活动
C000152,华北,二线,成长型,2025-10,55+,金卡,内容种草
C000153,华北,一线,高价值,2025-10,35-44,普通,直播引流
C000154,华中,二线,价格敏感,2026-01,18-24,普通,老客推荐
C000155,华南,一线,高价值,2025-08,18-24,银卡,线下活动
C000156,华南,三线及以下,价格敏感,2026-02,25-34,金卡,线下活动
C000157,华南,二线,高价值,2025-11,55+,银卡,直播引流
C000158,华东,三线及以下,成长型,2026-03,25-34,黑金,自然搜索
C000159,华中,二线,成长型,2026-04,45-54,普通,线下活动
C000160,西南,三线及以下,新客,2025-12,25-34,银卡,内容种草
C000161,华东,二线,价格敏感,2026-02,18-24,金卡,内容种草
C000162,华中,新一线,价格敏感,2025-12,18-24,普通,线下活动
C000163,华东,三线及以下,成长型,2026-01,18-24,普通,老客推荐
C000164,东北,三线及以下,新客,2026-02,18-24,普通,直播引流
C000165,华南,新一线,成长型,2026-05,18-24,黑金,内容种草
C000166,华中,新一线,成长型,2026-02,25-34,银卡,直播引流
C000167,华中,一线,新客,2026-06,55+,普通,自然搜索
C000168,华东,一线,新客,2025-10,25-34,普通,直播引流
C000169,华东,三线及以下,价格敏感,2026-05,25-34,普通,自然搜索
C000170,华南,新一线,高价值,2026-04,35-44,银卡,线下活动
C000171,东北,新一线,成长型,2026-07,45-54,金卡,直播引流
C000172,华东,三线及以下,成长型,2026-07,55+,金卡,自然搜索
C000173,华东,新一线,价格敏感,2025-09,25-34,银卡,内容种草
C000174,华南,三线及以下,成长型,2026-02,55+,金卡,内容种草
C000175,华中,二线,成长型,2026-04,35-44,普通,线下活动
C000176,华东,三线及以下,沉睡,2026-06,55+,普通,直播引流
C000177,东北,一线,价格敏感,2025-09,25-34,银卡,内容种草
C000178,西南,三线及以下,成长型,2026-01,18-24,金卡,老客推荐
C000179,华南,三线及以下,成长型,2025-12,55+,普通,直播引流
C000180,华中,新一线,新客,2026-07,18-24,银卡,线下活动
C000181,华北,二线,成长型,2025-12,35-44,金卡,内容种草
C000182,华中,三线及以下,成长型,2026-07,55+,普通,自然搜索
C000183,西南,新一线,新客,2025-08,55+,普通,内容种草
C000184,华东,三线及以下,新客,2025-10,45-54,普通,老客推荐
C000185,西南,一线,新客,2026-06,35-44,黑金,自然搜索
C000186,华东,一线,新客,2026-04,18-24,普通,内容种草
C000187,东北,新一线,价格敏感,2026-05,18-24,银卡,线下活动
C000188,西南,新一线,高价值,2025-08,25-34,普通,线下活动
C000189,华中,三线及以下,价格敏感,2026-07,45-54,普通,老客推荐
C000190,华南,三线及以下,成长型,2025-10,45-54,普通,直播引流
C000191,华北,新一线,成长型,2026-03,18-24,普通,自然搜索
C000192,华南,一线,新客,2026-05,55+,普通,直播引流
C000193,华南,一线,成长型,2026-03,45-54,银卡,直播引流
C000194,华南,新一线,价格敏感,2026-07,18-24,普通,线下活动
C000195,华中,二线,高价值,2026-03,25-34,普通,线下活动
C000196,西南,三线及以下,新客,2025-11,18-24,普通,老客推荐
C000197,西南,三线及以下,价格敏感,2025-11,55+,银卡,直播引流
C000198,华东,二线,价格敏感,2025-08,35-44,黑金,自然搜索
C000199,华南,二线,新客,2026-05,25-34,金卡,自然搜索
C000200,华中,二线,新客,2026-04,35-44,普通,内容种草
C000201,华中,三线及以下,新客,2025-12,18-24,普通,直播引流
C000202,西南,一线,价格敏感,2026-02,45-54,普通,内容种草
C000203,西南,新一线,新客,2025-12,45-54,金卡,直播引流
C000204,华东,三线及以下,沉睡,2026-02,35-44,银卡,内容种草
C000205,华南,二线,新客,2025-09,18-24,普通,自然搜索
C000206,华北,新一线,沉睡,2026-01,45-54,金卡,老客推荐
C000207,华中,二线,价格敏感,2026-01,45-54,金卡,直播引流
C000208,西南,一线,新客,2025-11,25-34,普通,直播引流
C000209,东北,二线,价格敏感,2026-05,45-54,金卡,自然搜索
C000210,华东,二线,沉睡,2026-06,25-34,金卡,直播引流
C000211,华东,二线,成长型,2026-06,45-54,普通,自然搜索
C000212,华东,三线及以下,成长型,2025-12,35-44,金卡,线下活动
C000213,华南,二线,价格敏感,2025-09,55+,金卡,老客推荐
C000214,华中,一线,成长型,2026-04,35-44,银卡,直播引流
C000215,华中,一线,价格敏感,2025-12,18-24,普通,线下活动
C000216,华中,三线及以下,高价值,2025-11,18-24,金卡,线下活动
C000217,华南,二线,价格敏感,2026-05,18-24,黑金,直播引流
C000218,华东,二线,新客,2026-04,25-34,金卡,内容种草
C000219,东北,三线及以下,成长型,2025-11,25-34,普通,内容种草
C000220,华东,新一线,新客,2026-05,55+,金卡,老客推荐
C000221,东北,三线及以下,高价值,2026-07,25-34,普通,内容种草
C000222,东北,新一线,新客,2025-12,25-34,金卡,自然搜索
C000223,华北,二线,沉睡,2026-06,25-34,银卡,老客推荐
C000224,华北,一线,沉睡,2026-01,25-34,银卡,线下活动
C000225,华东,二线,沉睡,2026-02,18-24,金卡,内容种草
C000226,华北,一线,沉睡,2025-12,45-54,银卡,老客推荐
C000227,华北,三线及以下,沉睡,2026-07,55+,金卡,老客推荐
C000228,华东,三线及以下,沉睡,2026-03,45-54,银卡,自然搜索
C000229,华北,二线,沉睡,2025-10,45-54,普通,直播引流
C000230,华东,三线及以下,价格敏感,2026-07,18-24,普通,线下活动
C000231,东北,二线,成长型,2026-04,35-44,普通,老客推荐
C000232,华中,一线,成长型,2025-08,18-24,普通,自然搜索
C000233,华南,一线,沉睡,2026-07,55+,银卡,老客推荐
C000234,西南,三线及以下,价格敏感,2025-12,45-54,普通,老客推荐
C000235,华东,二线,成长型,2025-09,25-34,银卡,线下活动
C000236,华北,三线及以下,价格敏感,2025-12,45-54,银卡,内容种草
C000237,西南,一线,价格敏感,2026-05,18-24,银卡,老客推荐
C000238,华南,三线及以下,成长型,2026-07,55+,银卡,线下活动
C000239,华东,一线,成长型,2025-10,55+,普通,内容种草
C000240,华北,新一线,价格敏感,2025-08,35-44,普通,自然搜索
C000241,华北,二线,沉睡,2025-08,35-44,普通,自然搜索
C000242,华东,二线,成长型,2026-03,35-44,黑金,老客推荐
C000243,华东,二线,沉睡,2025-12,45-54,普通,线下活动
C000244,华东,二线,成长型,2025-08,35-44,普通,内容种草
C000245,华东,一线,成长型,2026-05,55+,金卡,内容种草
C000246,华东,二线,沉睡,2026-06,45-54,普通,老客推荐
C000247,华中,一线,价格敏感,2025-12,35-44,银卡,线下活动
C000248,华东,二线,成长型,2025-08,18-24,普通,内容种草
C000249,西南,三线及以下,成长型,2026-01,25-34,金卡,内容种草
C000250,东北,二线,高价值,2026-02,55+,普通,线下活动
C000251,华南,三线及以下,沉睡,2026-02,18-24,银卡,线下活动
C000252,华南,三线及以下,价格敏感,2025-09,25-34,黑金,自然搜索
C000253,华东,二线,新客,2025-11,18-24,银卡,自然搜索
C000254,华中,三线及以下,价格敏感,2026-02,35-44,普通,自然搜索
C000255,东北,二线,价格敏感,2026-03,55+,普通,自然搜索
C000256,华北,二线,新客,2026-04,18-24,银卡,内容种草
C000257,华南,二线,沉睡,2025-11,55+,普通,线下活动
C000258,华北,新一线,沉睡,2026-07,18-24,银卡,老客推荐
C000259,华北,二线,新客,2025-12,25-34,金卡,老客推荐
C000260,东北,新一线,新客,2026-02,55+,普通,线下活动
C000261,东北,新一线,新客,2026-06,25-34,银卡,自然搜索
C000262,华中,新一线,新客,2025-12,55+,普通,老客推荐
C000263,西南,新一线,价格敏感,2026-06,35-44,普通,自然搜索
C000264,东北,一线,成长型,2026-02,35-44,银卡,直播引流
C000265,华中,一线,成长型,2025-12,18-24,普通,直播引流
C000266,西南,二线,价格敏感,2026-06,45-54,普通,线下活动
C000267,华东,一线,新客,2026-07,45-54,银卡,自然搜索
C000268,华南,二线,高价值,2026-01,18-24,普通,内容种草
C000269,华中,新一线,新客,2026-05,18-24,普通,内容种草
C000270,华中,二线,成长型,2025-10,45-54,普通,直播引流
C000271,华中,新一线,价格敏感,2025-09,55+,普通,线下活动
C000272,东北,二线,成长型,2026-02,45-54,金卡,线下活动
C000273,华南,三线及以下,高价值,2026-04,45-54,普通,自然搜索
C000274,华南,一线,高价值,2025-12,35-44,普通,直播引流
C000275,华东,三线及以下,新客,2025-09,25-34,普通,直播引流
C000276,东北,新一线,价格敏感,2025-08,35-44,普通,老客推荐
C000277,华北,新一线,高价值,2025-11,25-34,普通,内容种草
C000278,华中,三线及以下,价格敏感,2025-09,18-24,金卡,自然搜索
C000279,华北,二线,沉睡,2025-10,18-24,黑金,直播引流
C000280,华北,一线,新客,2025-11,25-34,黑金,直播引流
C000281,华东,新一线,成长型,2026-04,55+,银卡,自然搜索
C000282,华南,新一线,沉睡,2025-10,25-34,金卡,内容种草
C000283,华南,一线,价格敏感,2025-11,18-24,普通,内容种草
C000284,华北,二线,沉睡,2025-12,55+,普通,老客推荐
C000285,东北,三线及以下,新客,2026-07,25-34,普通,直播引流
C000286,西南,一线,成长型,2026-03,25-34,银卡,老客推荐
C000287,华东,三线及以下,沉睡,2026-01,18-24,银卡,自然搜索
C000288,华东,三线及以下,价格敏感,2025-12,35-44,金卡,直播引流
C000289,东北,二线,价格敏感,2026-06,18-24,银卡,线下活动
C000290,华北,一线,高价值,2026-02,35-44,黑金,内容种草
C000291,华北,二线,新客,2025-12,25-34,银卡,内容种草
C000292,西南,三线及以下,沉睡,2025-08,25-34,普通,自然搜索
C000293,西南,三线及以下,价格敏感,2026-04,55+,普通,老客推荐
C000294,华北,三线及以下,成长型,2026-07,55+,普通,老客推荐
C000295,西南,二线,沉睡,2026-02,25-34,黑金,自然搜索
C000296,华东,二线,高价值,2025-10,35-44,普通,自然搜索
C000297,华东,二线,价格敏感,2026-01,25-34,金卡,自然搜索
C000298,华东,三线及以下,成长型,2026-07,18-24,银卡,直播引流
C000299,华北,新一线,成长型,2025-10,35-44,普通,自然搜索
C000300,华南,新一线,新客,2026-02,18-24,银卡,自然搜索
C000301,华东,新一线,价格敏感,2025-08,35-44,银卡,直播引流
C000302,华东,二线,新客,2026-03,35-44,黑金,内容种草
C000303,华南,新一线,成长型,2026-07,55+,银卡,直播引流
C000304,西南,新一线,沉睡,2025-11,55+,普通,自然搜索
C000305,华南,三线及以下,高价值,2025-08,45-54,银卡,线下活动
C000306,华南,二线,成长型,2025-08,45-54,黑金,线下活动
C000307,华中,新一线,价格敏感,2025-12,25-34,普通,直播引流
C000308,华北,一线,价格敏感,2026-02,55+,普通,直播引流
C000309,华中,二线,成长型,2026-06,35-44,银卡,直播引流
C000310,华中,二线,高价值,2025-11,45-54,普通,直播引流
C000311,华南,三线及以下,沉睡,2026-05,35-44,普通,老客推荐
C000312,华北,一线,新客,2026-07,25-34,金卡,老客推荐
C000313,东北,二线,价格敏感,2026-04,55+,黑金,线下活动
C000314,华东,一线,价格敏感,2025-11,25-34,普通,直播引流
C000315,华中,一线,成长型,2026-07,35-44,银卡,自然搜索
C000316,西南,新一线,沉睡,2026-06,25-34,金卡,内容种草
C000317,华东,二线,成长型,2026-04,25-34,普通,自然搜索
C000318,华东,新一线,成长型,2025-11,55+,金卡,线下活动
C000319,华东,新一线,高价值,2026-03,35-44,普通,老客推荐
C000320,华南,一线,成长型,2025-10,45-54,金卡,老客推荐
C000321,华中,二线,新客,2025-09,45-54,普通,老客推荐
C000322,华中,一线,价格敏感,2026-07,25-34,普通,自然搜索
C000323,华北,三线及以下,沉睡,2025-09,25-34,普通,内容种草
C000324,华北,一线,价格敏感,2025-08,25-34,银卡,老客推荐
C000325,西南,新一线,沉睡,2026-07,18-24,银卡,内容种草
C000326,华东,二线,价格敏感,2026-06,18-24,普通,线下活动
C000327,华东,二线,沉睡,2025-11,25-34,普通,自然搜索
C000328,华南,新一线,高价值,2025-09,18-24,金卡,线下活动
C000329,华东,三线及以下,新客,2025-12,25-34,金卡,线下活动
C000330,华东,一线,沉睡,2025-12,18-24,银卡,直播引流
C000331,华北,二线,成长型,2025-08,35-44,银卡,线下活动
C000332,华东,新一线,成长型,2025-08,45-54,金卡,直播引流
C000333,华南,新一线,新客,2026-04,35-44,普通,自然搜索
C000334,华北,三线及以下,高价值,2026-01,25-34,黑金,直播引流
C000335,华南,二线,成长型,2026-04,35-44,金卡,直播引流
C000336,华东,二线,价格敏感,2025-10,45-54,普通,内容种草
C000337,华南,新一线,价格敏感,2026-06,18-24,金卡,直播引流
C000338,华南,新一线,成长型,2026-07,45-54,金卡,老客推荐
C000339,华北,三线及以下,新客,2025-09,45-54,银卡,老客推荐
C000340,华中,三线及以下,新客,2026-03,35-44,银卡,线下活动
C000341,东北,新一线,沉睡,2026-01,35-44,普通,直播引流
C000342,西南,二线,成长型,2026-06,45-54,普通,内容种草
C000343,西南,三线及以下,成长型,2025-11,18-24,金卡,直播引流
C000344,华东,三线及以下,沉睡,2026-06,25-34,普通,线下活动
C000345,华中,二线,成长型,2025-12,45-54,普通,直播引流
C000346,华南,二线,沉睡,2025-11,18-24,银卡,线下活动
C000347,华南,新一线,价格敏感,2026-06,55+,普通,内容种草
C000348,西南,新一线,成长型,2026-02,18-24,银卡,老客推荐
C000349,华中,一线,新客,2026-04,25-34,金卡,线下活动
C000350,华中,新一线,成长型,2025-08,35-44,银卡,自然搜索
C000351,华中,三线及以下,高价值,2026-05,55+,银卡,内容种草
C000352,西南,二线,沉睡,2026-05,25-34,银卡,内容种草
C000353,华南,二线,价格敏感,2025-08,18-24,黑金,自然搜索
C000354,华中,二线,新客,2025-10,35-44,普通,线下活动
C000355,华北,新一线,成长型,2026-06,35-44,银卡,线下活动
C000356,华南,三线及以下,成长型,2025-11,35-44,金卡,直播引流
C000357,华东,一线,成长型,2026-04,18-24,银卡,内容种草
C000358,华北,二线,成长型,2026-06,18-24,金卡,直播引流
C000359,华北,二线,成长型,2026-06,18-24,黑金,老客推荐
C000360,华南,二线,新客,2026-02,55+,金卡,内容种草
C000361,华南,二线,新客,2025-10,55+,普通,自然搜索
C000362,东北,二线,成长型,2026-04,45-54,银卡,老客推荐
C000363,华南,三线及以下,成长型,2026-03,55+,普通,直播引流
C000364,华南,二线,成长型,2026-04,25-34,黑金,内容种草
C000365,华中,三线及以下,成长型,2026-02,55+,金卡,老客推荐
C000366,西南,一线,价格敏感,2026-04,55+,银卡,线下活动
C000367,华南,三线及以下,成长型,2026-01,25-34,金卡,自然搜索
C000368,华中,一线,成长型,2025-12,45-54,普通,直播引流
C000369,华中,新一线,新客,2025-12,35-44,普通,线下活动
C000370,华东,三线及以下,价格敏感,2025-08,18-24,银卡,内容种草
C000371,华中,新一线,沉睡,2026-02,35-44,银卡,直播引流
C000372,东北,新一线,价格敏感,2026-04,18-24,银卡,自然搜索
C000373,华北,新一线,价格敏感,2025-08,45-54,银卡,内容种草
C000374,华东,二线,沉睡,2026-05,35-44,金卡,自然搜索
C000375,华南,二线,成长型,2026-01,18-24,金卡,自然搜索
C000376,华南,二线,新客,2025-12,55+,金卡,直播引流
C000377,华南,二线,沉睡,2025-08,35-44,普通,内容种草
C000378,华北,二线,成长型,2026-04,55+,银卡,自然搜索
C000379,华中,二线,成长型,2025-10,25-34,银卡,直播引流
C000380,华东,新一线,高价值,2026-07,35-44,普通,线下活动
C000381,西南,一线,新客,2025-10,35-44,金卡,直播引流
C000382,华中,三线及以下,成长型,2025-11,18-24,普通,自然搜索
C000383,西南,新一线,成长型,2026-06,45-54,普通,老客推荐
C000384,西南,二线,新客,2026-06,55+,银卡,老客推荐
C000385,东北,新一线,成长型,2026-04,45-54,金卡,线下活动
C000386,华南,三线及以下,成长型,2026-03,45-54,银卡,老客推荐
C000387,西南,三线及以下,价格敏感,2025-10,18-24,普通,内容种草
C000388,华北,新一线,价格敏感,2026-07,18-24,普通,内容种草
C000389,华北,二线,沉睡,2025-09,45-54,金卡,自然搜索
C000390,华中,二线,新客,2026-05,35-44,普通,内容种草
C000391,华南,二线,成长型,2025-09,18-24,银卡,直播引流
C000392,华南,二线,成长型,2026-07,25-34,银卡,线下活动
C000393,华中,一线,价格敏感,2025-11,45-54,金卡,自然搜索
C000394,华北,二线,高价值,2026-05,55+,银卡,线下活动
C000395,华南,二线,沉睡,2026-07,45-54,普通,自然搜索
C000396,华北,新一线,价格敏感,2026-01,55+,普通,直播引流
C000397,西南,三线及以下,价格敏感,2026-01,18-24,普通,自然搜索
C000398,西南,新一线,新客,2026-03,55+,银卡,自然搜索
C000399,华北,二线,新客,2026-04,18-24,普通,内容种草
C000400,华北,二线,新客,2026-05,18-24,普通,自然搜索
C000401,华南,二线,沉睡,2025-10,45-54,黑金,直播引流
C000402,华北,二线,高价值,2025-12,45-54,普通,直播引流
C000403,华南,三线及以下,新客,2025-08,18-24,黑金,线下活动
C000404,华北,新一线,沉睡,2026-06,18-24,金卡,老客推荐
C000405,华南,二线,高价值,2025-08,35-44,金卡,直播引流
C000406,华东,三线及以下,成长型,2026-02,18-24,普通,线下活动
C000407,华北,二线,价格敏感,2025-12,25-34,银卡,老客推荐
C000408,东北,新一线,成长型,2026-02,18-24,金卡,自然搜索
C000409,华东,二线,沉睡,2026-02,35-44,银卡,自然搜索
C000410,华北,三线及以下,沉睡,2025-12,45-54,黑金,老客推荐
C000411,华北,三线及以下,成长型,2026-02,45-54,金卡,直播引流
C000412,华东,二线,成长型,2026-07,35-44,普通,自然搜索
C000413,西南,二线,成长型,2026-07,45-54,金卡,内容种草
C000414,华东,二线,价格敏感,2025-11,35-44,金卡,线下活动
C000415,华北,二线,新客,2026-04,45-54,银卡,内容种草
C000416,华北,二线,新客,2025-08,45-54,银卡,老客推荐
C000417,华北,一线,沉睡,2026-07,25-34,普通,直播引流
C000418,西南,二线,价格敏感,2026-07,35-44,银卡,直播引流
C000419,华东,新一线,高价值,2026-06,25-34,普通,老客推荐
C000420,华东,二线,成长型,2025-10,55+,黑金,内容种草
C000421,华北,三线及以下,沉睡,2026-06,25-34,银卡,直播引流
C000422,华中,新一线,成长型,2026-01,55+,黑金,内容种草
C000423,东北,一线,高价值,2026-04,18-24,金卡,内容种草
C000424,华中,三线及以下,新客,2025-12,35-44,普通,自然搜索
C000425,华东,一线,成长型,2026-06,55+,金卡,自然搜索
C000426,华北,二线,成长型,2025-10,35-44,金卡,老客推荐
C000427,华北,三线及以下,价格敏感,2025-08,18-24,银卡,老客推荐
C000428,华东,一线,价格敏感,2025-10,25-34,金卡,线下活动
C000429,华北,新一线,沉睡,2026-02,18-24,银卡,内容种草
C000430,东北,新一线,高价值,2026-04,35-44,金卡,内容种草
C000431,华中,三线及以下,高价值,2025-08,55+,银卡,内容种草
C000432,华东,新一线,新客,2026-05,25-34,黑金,自然搜索
C000433,华中,三线及以下,高价值,2026-03,35-44,银卡,自然搜索
C000434,西南,一线,价格敏感,2025-08,45-54,普通,线下活动
C000435,华南,新一线,成长型,2026-04,25-34,金卡,线下活动
C000436,华东,新一线,价格敏感,2026-01,45-54,黑金,线下活动
C000437,华北,一线,沉睡,2026-07,35-44,普通,直播引流
C000438,华东,二线,沉睡,2026-06,35-44,银卡,自然搜索
C000439,华南,新一线,成长型,2025-11,25-34,金卡,线下活动
C000440,东北,二线,成长型,2025-12,25-34,银卡,线下活动
C000441,华东,一线,价格敏感,2026-07,18-24,银卡,自然搜索
C000442,华北,新一线,成长型,2025-12,35-44,金卡,老客推荐
C000443,华北,新一线,新客,2026-03,25-34,金卡,老客推荐
C000444,华东,二线,新客,2026-07,35-44,银卡,线下活动
C000445,华北,一线,价格敏感,2026-05,35-44,银卡,线下活动
C000446,华东,二线,新客,2026-07,55+,黑金,线下活动
C000447,华北,二线,成长型,2026-07,25-34,银卡,内容种草
C000448,华北,新一线,成长型,2025-09,35-44,银卡,内容种草
C000449,华中,新一线,新客,2026-02,35-44,普通,内容种草
C000450,华南,二线,新客,2026-02,45-54,普通,老客推荐
C000451,华东,二线,成长型,2025-09,18-24,黑金,直播引流
C000452,东北,二线,成长型,2025-08,45-54,普通,老客推荐
C000453,东北,二线,新客,2026-07,18-24,金卡,内容种草
C000454,华东,新一线,沉睡,2026-01,18-24,金卡,直播引流
C000455,华东,二线,成长型,2025-09,45-54,金卡,自然搜索
C000456,华东,二线,价格敏感,2026-04,25-34,银卡,自然搜索
C000457,华北,二线,价格敏感,2025-12,18-24,普通,自然搜索
C000458,华东,新一线,新客,2025-11,55+,普通,内容种草
C000459,华南,三线及以下,高价值,2026-03,35-44,普通,老客推荐
C000460,华中,新一线,价格敏感,2025-10,35-44,普通,自然搜索
C000461,华北,二线,新客,2026-04,45-54,普通,直播引流
C000462,西南,新一线,成长型,2026-06,25-34,普通,自然搜索
C000463,华北,三线及以下,价格敏感,2025-08,25-34,银卡,老客推荐
C000464,华东,一线,新客,2026-02,25-34,金卡,直播引流
C000465,华东,一线,成长型,2026-06,35-44,普通,直播引流
C000466,华北,二线,高价值,2026-03,45-54,金卡,老客推荐
C000467,华东,三线及以下,沉睡,2026-06,35-44,普通,内容种草
C000468,东北,三线及以下,价格敏感,2026-06,55+,银卡,内容种草
C000469,华北,一线,价格敏感,2026-05,18-24,普通,线下活动
C000470,华东,三线及以下,成长型,2026-04,25-34,银卡,自然搜索
C000471,西南,二线,沉睡,2026-06,45-54,金卡,直播引流
C000472,华南,三线及以下,高价值,2026-02,35-44,金卡,自然搜索
C000473,华东,二线,价格敏感,2026-05,45-54,普通,直播引流
C000474,华东,二线,沉睡,2025-08,35-44,金卡,直播引流
C000475,西南,三线及以下,沉睡,2026-03,45-54,金卡,自然搜索
C000476,西南,一线,成长型,2025-11,18-24,银卡,线下活动
C000477,华东,二线,沉睡,2025-09,25-34,普通,自然搜索
C000478,东北,三线及以下,价格敏感,2025-11,25-34,银卡,线下活动
C000479,华南,三线及以下,沉睡,2026-02,45-54,银卡,直播引流
C000480,华南,三线及以下,价格敏感,2026-07,25-34,银卡,自然搜索
C000481,华东,新一线,成长型,2025-10,45-54,银卡,老客推荐
C000482,华东,二线,成长型,2025-12,25-34,银卡,老客推荐
C000483,华东,新一线,成长型,2026-03,45-54,银卡,线下活动
C000484,华北,二线,成长型,2026-02,18-24,金卡,内容种草
C000485,西南,三线及以下,成长型,2026-01,25-34,银卡,老客推荐
C000486,华南,二线,价格敏感,2025-08,35-44,普通,老客推荐
C000487,华北,三线及以下,成长型,2026-01,35-44,普通,内容种草
C000488,西南,新一线,价格敏感,2025-12,45-54,普通,内容种草
C000489,华南,二线,价格敏感,2026-05,18-24,金卡,线下活动
C000490,华中,二线,成长型,2026-05,55+,普通,内容种草
C000491,西南,二线,沉睡,2026-04,45-54,普通,线下活动
C000492,华东,新一线,价格敏感,2025-09,55+,普通,内容种草
C000493,华南,二线,新客,2025-09,55+,金卡,内容种草
C000494,华东,新一线,成长型,2026-04,55+,普通,线下活动
C000495,华北,二线,价格敏感,2025-10,25-34,金卡,内容种草
C000496,华东,三线及以下,价格敏感,2025-08,45-54,金卡,线下活动
C000497,华北,二线,成长型,2025-12,45-54,普通,直播引流
C000498,华北,一线,新客,2025-10,45-54,普通,老客推荐
C000499,华东,三线及以下,成长型,2026-06,45-54,黑金,直播引流
C000500,华东,新一线,高价值,2025-09,55+,银卡,自然搜索
C000501,华中,二线,价格敏感,2026-04,18-24,银卡,老客推荐
C000502,华北,新一线,价格敏感,2026-06,45-54,普通,老客推荐
C000503,华东,新一线,高价值,2025-11,45-54,金卡,老客推荐
C000504,华北,新一线,高价值,2026-06,18-24,金卡,直播引流
C000505,华南,三线及以下,高价值,2026-03,45-54,银卡,自然搜索
C000506,华东,三线及以下,高价值,2025-12,35-44,普通,老客推荐
C000507,华南,二线,沉睡,2026-06,45-54,银卡,直播引流
C000508,西南,二线,沉睡,2025-11,35-44,普通,内容种草
C000509,华南,二线,成长型,2026-01,55+,银卡,自然搜索
C000510,华北,新一线,高价值,2025-12,35-44,普通,直播引流
C000511,西南,二线,新客,2026-06,45-54,普通,线下活动
C000512,华东,新一线,沉睡,2026-03,35-44,金卡,老客推荐
C000513,华南,一线,沉睡,2025-08,55+,金卡,线下活动
C000514,华北,新一线,价格敏感,2025-12,55+,普通,内容种草
C000515,华南,新一线,沉睡,2026-04,55+,普通,老客推荐
C000516,华北,二线,新客,2025-11,25-34,银卡,自然搜索
C000517,华南,二线,价格敏感,2025-12,35-44,银卡,自然搜索
C000518,华南,一线,新客,2025-10,55+,银卡,线下活动
C000519,华北,一线,价格敏感,2026-03,18-24,普通,内容种草
C000520,华南,二线,沉睡,2025-09,25-34,普通,线下活动
C000521,华北,三线及以下,新客,2025-08,35-44,金卡,线下活动
C000522,东北,二线,新客,2025-12,18-24,普通,内容种草
C000523,华南,三线及以下,成长型,2025-09,25-34,普通,自然搜索
C000524,华中,二线,高价值,2025-10,55+,普通,老客推荐
C000525,华南,二线,成长型,2025-12,18-24,普通,直播引流
C000526,西南,二线,成长型,2026-02,25-34,黑金,自然搜索
C000527,西南,三线及以下,成长型,2025-10,18-24,普通,内容种草
C000528,华中,一线,价格敏感,2025-12,35-44,银卡,线下活动
C000529,华南,新一线,价格敏感,2025-10,55+,普通,自然搜索
C000530,华中,一线,成长型,2026-07,25-34,银卡,老客推荐
C000531,华南,新一线,新客,2025-09,18-24,普通,直播引流
C000532,西南,一线,高价值,2025-09,35-44,银卡,线下活动
C000533,华东,新一线,价格敏感,2026-05,35-44,普通,内容种草
C000534,华东,一线,成长型,2026-01,35-44,普通,自然搜索
C000535,华北,新一线,沉睡,2025-08,45-54,普通,自然搜索
C000536,华南,三线及以下,高价值,2025-12,35-44,普通,自然搜索
C000537,西南,新一线,高价值,2025-08,18-24,金卡,老客推荐
C000538,华北,新一线,沉睡,2025-12,18-24,金卡,内容种草
C000539,华东,二线,成长型,2026-01,25-34,普通,线下活动
C000540,西南,一线,高价值,2026-04,55+,金卡,内容种草
C000541,华南,新一线,沉睡,2025-08,45-54,黑金,线下活动
C000542,东北,新一线,高价值,2026-05,55+,黑金,自然搜索
C000543,华南,二线,价格敏感,2026-03,35-44,银卡,内容种草
C000544,华北,新一线,成长型,2026-02,45-54,银卡,直播引流
C000545,华东,一线,沉睡,2026-02,35-44,普通,老客推荐
C000546,华东,三线及以下,高价值,2026-04,45-54,金卡,自然搜索
C000547,西南,三线及以下,成长型,2026-04,35-44,普通,直播引流
C000548,西南,一线,成长型,2026-02,25-34,金卡,线下活动
C000549,华中,二线,成长型,2026-05,18-24,黑金,直播引流
C000550,华南,新一线,价格敏感,2025-08,25-34,普通,直播引流
C000551,华南,一线,高价值,2025-09,18-24,普通,老客推荐
C000552,华北,二线,成长型,2026-06,25-34,金卡,直播引流
C000553,西南,新一线,价格敏感,2025-08,35-44,普通,内容种草
C000554,华中,三线及以下,新客,2025-09,25-34,银卡,自然搜索
C000555,华北,新一线,价格敏感,2026-02,45-54,普通,内容种草
C000556,华东,二线,价格敏感,2025-08,18-24,金卡,直播引流
C000557,华北,新一线,价格敏感,2026-06,55+,银卡,自然搜索
C000558,华中,一线,高价值,2025-10,18-24,普通,内容种草
C000559,东北,三线及以下,高价值,2025-11,55+,银卡,自然搜索
C000560,华北,三线及以下,沉睡,2026-06,55+,普通,直播引流
C000561,华北,三线及以下,成长型,2026-05,25-34,金卡,老客推荐
C000562,华南,三线及以下,成长型,2025-11,18-24,金卡,直播引流
C000563,华北,新一线,成长型,2026-05,35-44,银卡,内容种草
C000564,华中,二线,价格敏感,2025-11,45-54,普通,自然搜索
C000565,华中,二线,沉睡,2026-02,55+,金卡,线下活动
C000566,华北,二线,价格敏感,2026-03,18-24,银卡,线下活动
C000567,华北,新一线,成长型,2026-04,45-54,普通,自然搜索
C000568,西南,二线,成长型,2026-03,25-34,普通,直播引流
C000569,华北,三线及以下,高价值,2026-05,45-54,普通,老客推荐
C000570,华东,二线,沉睡,2026-01,45-54,普通,内容种草
C000571,华东,三线及以下,新客,2025-10,45-54,银卡,内容种草
C000572,东北,二线,成长型,2026-05,45-54,金卡,直播引流
C000573,西南,三线及以下,沉睡,2026-02,55+,普通,内容种草
C000574,华东,三线及以下,新客,2025-11,45-54,普通,自然搜索
C000575,华北,一线,新客,2025-10,55+,金卡,直播引流
C000576,华南,新一线,成长型,2026-07,45-54,普通,内容种草
C000577,华北,一线,新客,2025-09,35-44,普通,自然搜索
C000578,华中,新一线,成长型,2025-08,55+,普通,线下活动
C000579,华北,一线,价格敏感,2026-05,25-34,银卡,自然搜索
C000580,华北,一线,高价值,2026-07,18-24,金卡,内容种草
C000581,华北,新一线,成长型,2026-04,45-54,普通,线下活动
C000582,西南,二线,价格敏感,2026-04,55+,银卡,直播引流
C000583,华南,一线,沉睡,2026-05,25-34,普通,直播引流
C000584,华东,二线,新客,2026-02,18-24,银卡,老客推荐
C000585,华东,三线及以下,沉睡,2026-06,45-54,金卡,老客推荐
C000586,华东,一线,价格敏感,2026-02,55+,普通,老客推荐
C000587,华北,新一线,新客,2026-02,45-54,黑金,老客推荐
C000588,东北,三线及以下,高价值,2026-02,25-34,普通,线下活动
C000589,华南,三线及以下,高价值,2026-05,45-54,银卡,老客推荐
C000590,华南,三线及以下,成长型,2026-04,55+,普通,自然搜索
C000591,西南,新一线,价格敏感,2025-11,45-54,银卡,线下活动
C000592,华南,三线及以下,新客,2026-04,18-24,银卡,自然搜索
C000593,华中,新一线,成长型,2026-04,55+,普通,直播引流
C000594,华北,二线,高价值,2025-11,35-44,金卡,自然搜索
C000595,东北,二线,高价值,2026-01,18-24,普通,内容种草
C000596,华东,一线,高价值,2026-06,55+,普通,内容种草
C000597,华北,一线,价格敏感,2026-01,18-24,黑金,老客推荐
C000598,华北,二线,新客,2026-04,18-24,银卡,老客推荐
C000599,华东,二线,价格敏感,2026-06,45-54,金卡,直播引流
C000600,华南,三线及以下,高价值,2026-05,55+,银卡,线下活动
C000601,华东,三线及以下,新客,2025-11,35-44,普通,线下活动
C000602,华东,一线,成长型,2026-05,55+,普通,自然搜索
C000603,西南,三线及以下,价格敏感,2025-11,55+,金卡,直播引流
C000604,东北,二线,价格敏感,2025-10,25-34,金卡,内容种草
C000605,华北,三线及以下,高价值,2025-11,45-54,银卡,线下活动
C000606,华东,一线,沉睡,2025-08,18-24,普通,线下活动
C000607,华东,新一线,成长型,2026-06,45-54,普通,自然搜索
C000608,华中,二线,成长型,2025-10,25-34,普通,直播引流
C000609,东北,二线,新客,2026-01,18-24,普通,内容种草
C000610,华东,二线,价格敏感,2026-03,55+,黑金,老客推荐
C000611,华南,二线,成长型,2026-05,18-24,银卡,直播引流
C000612,华南,一线,沉睡,2025-10,25-34,银卡,直播引流
C000613,华南,新一线,成长型,2025-12,18-24,黑金,线下活动
C000614,华北,三线及以下,沉睡,2026-07,18-24,普通,直播引流
C000615,华北,二线,高价值,2025-11,35-44,金卡,自然搜索
C000616,东北,三线及以下,沉睡,2025-11,25-34,金卡,内容种草
C000617,华南,二线,价格敏感,2026-04,45-54,普通,自然搜索
C000618,华东,一线,成长型,2026-05,25-34,普通,老客推荐
C000619,华东,一线,价格敏感,2026-01,25-34,普通,自然搜索
C000620,东北,三线及以下,新客,2025-10,18-24,金卡,直播引流
C000621,华北,二线,成长型,2025-08,18-24,普通,线下活动
C000622,华南,一线,价格敏感,2026-01,18-24,银卡,线下活动
C000623,华北,新一线,成长型,2026-05,35-44,普通,直播引流
C000624,东北,新一线,沉睡,2025-08,45-54,银卡,直播引流
C000625,华东,新一线,新客,2025-08,45-54,金卡,直播引流
C000626,东北,二线,价格敏感,2026-03,45-54,普通,线下活动
C000627,华中,三线及以下,新客,2025-12,55+,金卡,内容种草
C000628,华中,二线,价格敏感,2026-01,35-44,黑金,内容种草
C000629,华东,二线,高价值,2025-09,25-34,普通,自然搜索
C000630,华南,新一线,新客,2025-11,18-24,黑金,直播引流
C000631,华北,二线,高价值,2026-07,45-54,银卡,内容种草
C000632,华中,三线及以下,价格敏感,2026-01,18-24,银卡,老客推荐
C000633,华东,二线,新客,2026-04,45-54,普通,直播引流
C000634,华东,三线及以下,新客,2026-02,45-54,普通,老客推荐
C000635,西南,二线,价格敏感,2025-12,25-34,银卡,内容种草
C000636,华南,新一线,价格敏感,2026-02,55+,金卡,内容种草
C000637,西南,三线及以下,价格敏感,2026-04,55+,银卡,内容种草
C000638,华中,新一线,价格敏感,2025-08,55+,普通,自然搜索
C000639,华东,二线,成长型,2025-11,45-54,普通,自然搜索
C000640,华南,新一线,成长型,2026-05,25-34,普通,内容种草
C000641,华南,二线,沉睡,2025-08,25-34,金卡,老客推荐
C000642,华中,三线及以下,沉睡,2026-07,45-54,普通,自然搜索
C000643,华东,二线,价格敏感,2026-04,25-34,普通,自然搜索
C000644,华东,二线,价格敏感,2026-06,35-44,普通,内容种草
C000645,华东,三线及以下,价格敏感,2026-07,45-54,普通,内容种草
C000646,华北,二线,沉睡,2026-06,25-34,普通,内容种草
C000647,东北,新一线,沉睡,2025-09,18-24,普通,线下活动
C000648,华北,三线及以下,高价值,2026-03,45-54,普通,内容种草
C000649,西南,二线,成长型,2025-11,25-34,普通,线下活动
C000650,华南,新一线,成长型,2025-10,25-34,银卡,线下活动
C000651,东北,二线,价格敏感,2026-07,25-34,黑金,内容种草
C000652,华中,三线及以下,成长型,2026-05,35-44,金卡,内容种草
C000653,东北,三线及以下,成长型,2026-02,35-44,银卡,老客推荐
C000654,西南,二线,新客,2025-08,18-24,普通,自然搜索
C000655,西南,二线,价格敏感,2026-04,45-54,银卡,老客推荐
C000656,华东,新一线,沉睡,2025-11,55+,普通,老客推荐
C000657,华南,三线及以下,新客,2025-12,18-24,普通,内容种草
C000658,华北,二线,成长型,2026-07,18-24,普通,直播引流
C000659,东北,二线,新客,2026-05,45-54,银卡,线下活动
C000660,东北,二线,价格敏感,2026-03,55+,金卡,线下活动
C000661,东北,新一线,成长型,2026-06,25-34,普通,自然搜索
C000662,华中,一线,价格敏感,2026-07,25-34,银卡,自然搜索
C000663,西南,二线,沉睡,2026-05,55+,银卡,直播引流
C000664,华东,三线及以下,成长型,2026-03,18-24,普通,内容种草
C000665,东北,新一线,价格敏感,2026-06,25-34,黑金,自然搜索
C000666,华中,二线,价格敏感,2026-04,25-34,普通,内容种草
C000667,华东,二线,价格敏感,2026-06,18-24,金卡,老客推荐
C000668,华中,三线及以下,价格敏感,2025-08,45-54,金卡,直播引流
C000669,东北,一线,新客,2026-03,35-44,银卡,线下活动
C000670,华北,一线,新客,2025-12,25-34,金卡,老客推荐
C000671,华东,新一线,成长型,2026-02,45-54,普通,自然搜索
C000672,华东,新一线,价格敏感,2025-09,35-44,普通,直播引流
C000673,西南,二线,高价值,2026-06,35-44,普通,线下活动
C000674,华东,新一线,新客,2025-12,35-44,银卡,线下活动
C000675,西南,一线,沉睡,2025-09,18-24,普通,线下活动
C000676,华北,二线,新客,2026-04,35-44,银卡,老客推荐
C000677,华东,二线,新客,2025-08,55+,银卡,线下活动
C000678,华东,三线及以下,价格敏感,2026-01,45-54,金卡,老客推荐
C000679,西南,一线,成长型,2026-06,35-44,金卡,内容种草
C000680,华北,三线及以下,成长型,2025-08,18-24,银卡,自然搜索
C000681,华东,一线,新客,2025-11,35-44,普通,内容种草
C000682,华南,三线及以下,成长型,2026-06,55+,黑金,自然搜索
C000683,华南,三线及以下,成长型,2026-04,45-54,普通,内容种草
C000684,东北,二线,高价值,2026-03,25-34,金卡,内容种草
C000685,西南,二线,价格敏感,2026-06,35-44,普通,自然搜索
C000686,华南,新一线,新客,2026-03,55+,银卡,线下活动
C000687,华东,三线及以下,成长型,2025-08,18-24,普通,直播引流
C000688,华北,新一线,成长型,2026-07,18-24,普通,线下活动
C000689,西南,三线及以下,新客,2026-02,45-54,普通,线下活动
C000690,华中,新一线,高价值,2026-04,55+,普通,内容种草
C000691,华东,新一线,高价值,2026-03,25-34,银卡,内容种草
C000692,华北,二线,新客,2026-03,25-34,银卡,线下活动
C000693,华南,二线,价格敏感,2026-04,55+,普通,老客推荐
C000694,华东,三线及以下,新客,2026-02,18-24,普通,线下活动
C000695,华南,二线,高价值,2026-07,18-24,普通,直播引流
C000696,华东,二线,成长型,2026-03,18-24,普通,自然搜索
C000697,华中,新一线,沉睡,2026-02,25-34,银卡,线下活动
C000698,华南,三线及以下,价格敏感,2026-03,25-34,银卡,自然搜索
C000699,华东,一线,价格敏感,2026-03,55+,普通,自然搜索
C000700,东北,三线及以下,价格敏感,2026-06,18-24,普通,内容种草
C000701,华东,新一线,高价值,2025-09,55+,普通,自然搜索
C000702,华东,新一线,成长型,2026-01,35-44,银卡,自然搜索
C000703,西南,二线,成长型,2025-09,45-54,银卡,直播引流
C000704,华北,二线,价格敏感,2026-03,25-34,普通,自然搜索
C000705,华南,三线及以下,高价值,2025-08,25-34,金卡,自然搜索
C000706,华北,新一线,成长型,2026-04,25-34,银卡,内容种草
C000707,华东,二线,新客,2025-10,55+,银卡,直播引流
C000708,东北,三线及以下,高价值,2025-09,35-44,金卡,线下活动
C000709,西南,二线,价格敏感,2026-06,18-24,金卡,自然搜索
C000710,华南,一线,价格敏感,2026-03,45-54,普通,线下活动
C000711,华中,二线,成长型,2026-05,18-24,普通,直播引流
C000712,西南,新一线,高价值,2025-09,25-34,银卡,老客推荐
C000713,华南,一线,成长型,2026-06,45-54,金卡,内容种草
C000714,东北,二线,价格敏感,2026-07,45-54,普通,老客推荐
C000715,华东,二线,成长型,2026-04,18-24,金卡,内容种草
C000716,西南,一线,价格敏感,2025-12,35-44,普通,线下活动
C000717,华南,一线,沉睡,2026-02,45-54,银卡,内容种草
C000718,华东,新一线,成长型,2026-04,18-24,普通,老客推荐
C000719,华北,二线,新客,2026-06,25-34,金卡,自然搜索
C000720,华东,三线及以下,新客,2026-06,18-24,银卡,自然搜索
C000721,华东,一线,价格敏感,2026-01,35-44,金卡,线下活动
C000722,华中,三线及以下,成长型,2026-05,45-54,普通,线下活动
C000723,华中,新一线,成长型,2025-09,55+,金卡,老客推荐
C000724,华北,三线及以下,成长型,2026-01,45-54,普通,线下活动
C000725,华北,二线,价格敏感,2026-01,35-44,金卡,直播引流
C000726,东北,新一线,成长型,2026-07,55+,金卡,内容种草
C000727,东北,二线,新客,2026-02,25-34,黑金,老客推荐
C000728,华北,一线,高价值,2026-07,55+,银卡,老客推荐
C000729,华东,三线及以下,沉睡,2025-12,55+,普通,线下活动
C000730,华中,二线,成长型,2026-06,45-54,银卡,线下活动
C000731,华中,三线及以下,价格敏感,2025-08,55+,普通,内容种草
C000732,东北,三线及以下,高价值,2026-05,45-54,普通,内容种草
C000733,华北,二线,高价值,2026-03,45-54,普通,直播引流
C000734,华中,三线及以下,成长型,2026-04,18-24,金卡,老客推荐
C000735,华北,二线,价格敏感,2026-06,35-44,金卡,线下活动
C000736,华东,二线,新客,2026-04,25-34,普通,老客推荐
C000737,东北,二线,新客,2026-03,35-44,银卡,线下活动
C000738,华北,三线及以下,价格敏感,2025-09,45-54,金卡,老客推荐
C000739,华北,二线,高价值,2026-05,25-34,普通,自然搜索
C000740,华东,三线及以下,价格敏感,2026-04,45-54,普通,线下活动
C000741,华南,一线,新客,2025-08,35-44,普通,内容种草
C000742,华南,二线,成长型,2026-05,25-34,银卡,老客推荐
C000743,华南,一线,价格敏感,2025-09,35-44,普通,直播引流
C000744,华东,二线,价格敏感,2026-02,45-54,银卡,内容种草
C000745,华东,新一线,成长型,2026-07,35-44,普通,老客推荐
C000746,华东,三线及以下,价格敏感,2025-09,25-34,普通,内容种草
C000747,华东,三线及以下,成长型,2026-03,55+,普通,线下活动
C000748,华南,二线,价格敏感,2026-02,45-54,普通,老客推荐
C000749,华北,三线及以下,成长型,2025-11,18-24,金卡,直播引流
C000750,华中,三线及以下,成长型,2026-03,35-44,金卡,线下活动
C000751,华南,三线及以下,新客,2025-12,35-44,银卡,自然搜索
C000752,东北,二线,价格敏感,2026-07,35-44,银卡,自然搜索
C000753,西南,二线,成长型,2025-12,45-54,银卡,线下活动
C000754,华东,二线,新客,2025-12,55+,银卡,直播引流
C000755,华东,三线及以下,新客,2026-01,45-54,银卡,内容种草
C000756,华中,三线及以下,高价值,2025-08,25-34,银卡,老客推荐
C000757,华北,一线,新客,2026-06,45-54,黑金,自然搜索
C000758,华中,一线,价格敏感,2026-03,25-34,普通,内容种草
C000759,华南,二线,成长型,2026-04,35-44,普通,内容种草
C000760,华东,二线,价格敏感,2026-06,18-24,金卡,直播引流
C000761,华中,二线,价格敏感,2026-05,18-24,普通,直播引流
C000762,华北,新一线,沉睡,2025-10,35-44,金卡,自然搜索
C000763,华南,二线,高价值,2026-07,55+,银卡,线下活动
C000764,西南,二线,沉睡,2025-08,45-54,普通,直播引流
C000765,华北,二线,高价值,2025-09,18-24,普通,直播引流
C000766,华东,三线及以下,高价值,2025-08,55+,普通,老客推荐
C000767,华南,二线,新客,2025-08,18-24,普通,线下活动
C000768,华北,一线,成长型,2025-10,18-24,金卡,线下活动
C000769,华南,新一线,成长型,2026-05,18-24,普通,直播引流
C000770,华中,二线,价格敏感,2026-04,25-34,普通,老客推荐
C000771,华东,二线,成长型,2026-04,55+,金卡,自然搜索
C000772,西南,二线,沉睡,2026-05,45-54,普通,内容种草
C000773,华东,一线,高价值,2025-10,25-34,普通,自然搜索
C000774,华中,新一线,成长型,2026-02,45-54,普通,直播引流
C000775,华中,一线,沉睡,2026-06,35-44,普通,直播引流
C000776,东北,一线,沉睡,2026-06,35-44,银卡,线下活动
C000777,华中,三线及以下,成长型,2026-02,18-24,普通,老客推荐
C000778,华北,新一线,价格敏感,2026-07,18-24,金卡,内容种草
C000779,华北,三线及以下,沉睡,2025-10,25-34,普通,老客推荐
C000780,华北,三线及以下,新客,2026-04,35-44,银卡,老客推荐
C000781,东北,二线,成长型,2026-06,45-54,普通,老客推荐
C000782,华东,新一线,价格敏感,2026-01,18-24,银卡,内容种草
C000783,华北,二线,高价值,2025-08,55+,普通,内容种草
C000784,华中,二线,沉睡,2026-06,35-44,银卡,内容种草
C000785,华北,一线,新客,2025-12,18-24,普通,线下活动
C000786,东北,二线,价格敏感,2026-05,25-34,银卡,直播引流
C000787,华中,二线,新客,2025-11,35-44,黑金,自然搜索
C000788,东北,三线及以下,价格敏感,2026-04,45-54,普通,线下活动
C000789,东北,三线及以下,价格敏感,2026-02,35-44,银卡,直播引流
C000790,东北,二线,价格敏感,2026-07,25-34,普通,线下活动
C000791,华南,一线,沉睡,2026-01,25-34,普通,老客推荐
C000792,华南,一线,新客,2026-03,45-54,普通,线下活动
C000793,西南,三线及以下,成长型,2026-04,45-54,普通,直播引流
C000794,华中,新一线,新客,2025-09,18-24,金卡,直播引流
C000795,西南,一线,成长型,2025-11,35-44,普通,线下活动
C000796,华南,新一线,成长型,2025-09,18-24,黑金,线下活动
C000797,西南,二线,高价值,2026-01,35-44,普通,线下活动
C000798,华东,三线及以下,成长型,2026-05,25-34,银卡,线下活动
C000799,华中,二线,新客,2025-08,45-54,金卡,自然搜索
C000800,东北,二线,成长型,2025-08,55+,银卡,内容种草
C000801,华南,三线及以下,沉睡,2025-12,35-44,黑金,直播引流
C000802,华南,新一线,成长型,2026-01,35-44,金卡,线下活动
C000803,华中,三线及以下,沉睡,2026-01,18-24,金卡,线下活动
C000804,东北,二线,沉睡,2026-06,35-44,普通,线下活动
C000805,华北,二线,价格敏感,2026-07,18-24,普通,自然搜索
C000806,华东,二线,沉睡,2025-12,25-34,银卡,自然搜索
C000807,西南,二线,成长型,2026-04,35-44,黑金,直播引流
C000808,华东,三线及以下,成长型,2025-09,25-34,普通,直播引流
C000809,西南,二线,新客,2026-07,55+,普通,老客推荐
C000810,华中,三线及以下,成长型,2025-12,35-44,黑金,自然搜索
C000811,华中,新一线,成长型,2026-01,35-44,普通,线下活动
C000812,华南,三线及以下,沉睡,2025-09,35-44,金卡,内容种草
C000813,华中,一线,新客,2025-12,18-24,金卡,线下活动
C000814,华北,二线,沉睡,2026-03,55+,普通,老客推荐
C000815,华东,三线及以下,高价值,2026-03,18-24,普通,内容种草
C000816,西南,新一线,沉睡,2026-06,55+,普通,直播引流
C000817,华北,二线,新客,2026-04,45-54,银卡,自然搜索
C000818,华东,三线及以下,沉睡,2026-01,35-44,银卡,内容种草
C000819,华北,三线及以下,新客,2025-10,45-54,金卡,老客推荐
C000820,华北,二线,价格敏感,2026-06,55+,普通,直播引流
C000821,东北,新一线,新客,2025-08,35-44,金卡,内容种草
C000822,华中,新一线,高价值,2025-12,55+,普通,自然搜索
C000823,西南,二线,成长型,2026-07,35-44,普通,线下活动
C000824,华中,新一线,价格敏感,2025-09,35-44,普通,自然搜索
C000825,西南,一线,价格敏感,2026-02,45-54,金卡,线下活动
C000826,华东,三线及以下,沉睡,2025-10,25-34,银卡,老客推荐
C000827,西南,一线,成长型,2026-01,25-34,普通,直播引流
C000828,西南,三线及以下,新客,2026-02,35-44,银卡,直播引流
C000829,华东,二线,成长型,2025-12,35-44,普通,直播引流
C000830,华南,三线及以下,价格敏感,2026-02,18-24,普通,直播引流
C000831,东北,三线及以下,沉睡,2026-05,45-54,银卡,内容种草
C000832,西南,一线,沉睡,2025-08,25-34,银卡,线下活动
C000833,华东,二线,沉睡,2025-09,18-24,银卡,直播引流
C000834,东北,二线,新客,2026-03,18-24,银卡,内容种草
C000835,华南,一线,新客,2026-02,45-54,普通,直播引流
C000836,东北,三线及以下,新客,2025-09,18-24,金卡,内容种草
C000837,华东,三线及以下,沉睡,2026-06,25-34,银卡,老客推荐
C000838,东北,三线及以下,新客,2025-08,25-34,金卡,线下活动
C000839,华北,二线,成长型,2025-10,25-34,普通,直播引流
C000840,东北,三线及以下,成长型,2026-07,45-54,普通,自然搜索
C000841,华东,二线,沉睡,2026-02,45-54,银卡,自然搜索
C000842,华东,二线,成长型,2026-04,55+,普通,线下活动
C000843,华东,新一线,价格敏感,2025-08,35-44,普通,内容种草
C000844,华东,一线,成长型,2026-02,45-54,银卡,自然搜索
C000845,华中,三线及以下,新客,2026-03,55+,银卡,内容种草
C000846,华北,三线及以下,成长型,2026-02,35-44,银卡,线下活动
C000847,华南,三线及以下,成长型,2025-09,25-34,普通,老客推荐
C000848,西南,二线,新客,2025-08,25-34,金卡,线下活动
C000849,华中,二线,新客,2026-01,35-44,金卡,直播引流
C000850,华北,二线,价格敏感,2025-10,18-24,金卡,直播引流
C000851,华东,三线及以下,新客,2026-06,25-34,银卡,自然搜索
C000852,华中,三线及以下,价格敏感,2026-07,45-54,普通,线下活动
C000853,西南,三线及以下,成长型,2026-07,25-34,金卡,老客推荐
C000854,华中,三线及以下,成长型,2026-03,45-54,银卡,直播引流
C000855,东北,一线,价格敏感,2025-10,55+,金卡,直播引流
C000856,华中,二线,价格敏感,2026-07,35-44,银卡,老客推荐
C000857,东北,二线,成长型,2026-03,35-44,黑金,直播引流
C000858,西南,新一线,新客,2026-04,45-54,银卡,线下活动
C000859,华南,三线及以下,新客,2026-05,35-44,金卡,自然搜索
C000860,华东,新一线,沉睡,2026-07,45-54,普通,内容种草
C000861,华中,二线,成长型,2026-01,25-34,银卡,自然搜索
C000862,西南,新一线,沉睡,2025-11,25-34,黑金,内容种草
C000863,华北,三线及以下,成长型,2025-12,35-44,金卡,直播引流
C000864,东北,新一线,价格敏感,2026-04,18-24,普通,自然搜索
C000865,西南,二线,沉睡,2025-08,18-24,银卡,老客推荐
C000866,华东,二线,成长型,2026-04,18-24,银卡,线下活动
C000867,华北,二线,成长型,2026-02,55+,黑金,内容种草
C000868,西南,新一线,价格敏感,2025-10,55+,金卡,直播引流
C000869,华南,二线,高价值,2026-07,55+,普通,内容种草
C000870,华东,二线,价格敏感,2026-01,35-44,普通,线下活动
C000871,西南,二线,新客,2025-09,35-44,银卡,线下活动
C000872,华北,二线,沉睡,2025-10,18-24,金卡,线下活动
C000873,华北,二线,新客,2025-09,35-44,普通,老客推荐
C000874,华北,新一线,沉睡,2025-12,55+,普通,直播引流
C000875,华中,一线,价格敏感,2026-07,55+,普通,老客推荐
C000876,华南,新一线,成长型,2026-07,18-24,普通,老客推荐
C000877,华北,新一线,新客,2025-12,18-24,黑金,直播引流
C000878,华南,三线及以下,价格敏感,2025-12,18-24,普通,自然搜索
C000879,华中,三线及以下,成长型,2025-11,55+,金卡,直播引流
C000880,华东,二线,新客,2025-12,25-34,银卡,内容种草
C000881,华南,三线及以下,新客,2026-02,18-24,普通,内容种草
C000882,东北,一线,价格敏感,2026-04,35-44,普通,老客推荐
C000883,华北,二线,新客,2026-02,45-54,普通,线下活动
C000884,华南,三线及以下,价格敏感,2025-10,18-24,普通,老客推荐
C000885,东北,二线,价格敏感,2025-08,55+,银卡,老客推荐
C000886,华南,二线,沉睡,2025-08,25-34,金卡,自然搜索
C000887,华东,三线及以下,成长型,2026-02,45-54,金卡,老客推荐
C000888,东北,新一线,成长型,2026-04,45-54,金卡,内容种草
C000889,华中,新一线,成长型,2025-09,45-54,普通,自然搜索
C000890,华中,二线,新客,2025-12,35-44,银卡,直播引流
C000891,西南,二线,成长型,2025-09,18-24,普通,老客推荐
C000892,西南,三线及以下,高价值,2026-03,25-34,金卡,线下活动
C000893,西南,三线及以下,新客,2026-02,18-24,金卡,线下活动
C000894,华东,二线,成长型,2026-03,45-54,银卡,内容种草
C000895,华北,新一线,沉睡,2026-07,18-24,银卡,老客推荐
C000896,东北,二线,价格敏感,2026-06,45-54,黑金,老客推荐
C000897,华中,三线及以下,成长型,2026-01,55+,普通,老客推荐
C000898,华南,新一线,沉睡,2025-09,55+,银卡,自然搜索
C000899,华东,新一线,价格敏感,2025-10,55+,银卡,老客推荐
C000900,华东,一线,沉睡,2025-12,55+,黑金,线下活动
C000901,东北,二线,价格敏感,2026-05,55+,普通,线下活动
C000902,华北,三线及以下,高价值,2026-01,55+,银卡,老客推荐
C000903,华南,二线,新客,2026-06,55+,金卡,直播引流
C000904,华东,一线,成长型,2025-10,18-24,普通,内容种草
C000905,华北,一线,沉睡,2026-03,45-54,普通,自然搜索
C000906,东北,二线,价格敏感,2025-12,35-44,普通,直播引流
C000907,华南,一线,沉睡,2026-07,18-24,银卡,直播引流
C000908,华中,二线,成长型,2026-03,45-54,普通,内容种草
C000909,西南,三线及以下,价格敏感,2026-07,45-54,普通,线下活动
C000910,华东,三线及以下,成长型,2025-11,18-24,金卡,老客推荐
C000911,华中,三线及以下,新客,2026-02,35-44,普通,内容种草
C000912,华北,三线及以下,成长型,2025-09,35-44,银卡,自然搜索
C000913,华东,一线,成长型,2025-09,25-34,普通,自然搜索
C000914,华东,二线,新客,2026-07,35-44,金卡,内容种草
C000915,东北,二线,价格敏感,2026-02,45-54,银卡,内容种草
C000916,华东,新一线,新客,2025-08,35-44,普通,内容种草
C000917,华东,一线,沉睡,2026-02,25-34,普通,老客推荐
C000918,东北,三线及以下,沉睡,2025-08,18-24,普通,内容种草
C000919,西南,三线及以下,成长型,2025-08,35-44,普通,内容种草
C000920,华东,二线,价格敏感,2026-05,25-34,银卡,老客推荐
C000921,华南,二线,沉睡,2025-11,45-54,普通,线下活动
C000922,华中,三线及以下,成长型,2025-12,35-44,金卡,自然搜索
C000923,华中,新一线,沉睡,2026-07,25-34,银卡,老客推荐
C000924,西南,新一线,成长型,2025-10,35-44,金卡,内容种草
C000925,华北,一线,新客,2026-03,35-44,银卡,直播引流
C000926,华东,一线,新客,2025-08,35-44,金卡,自然搜索
C000927,华北,二线,高价值,2025-10,25-34,金卡,自然搜索
C000928,华东,一线,价格敏感,2025-10,35-44,普通,内容种草
C000929,华南,一线,新客,2026-04,45-54,金卡,直播引流
C000930,华东,三线及以下,成长型,2025-11,55+,银卡,线下活动
C000931,东北,新一线,沉睡,2025-11,35-44,银卡,内容种草
C000932,华东,二线,成长型,2025-08,25-34,金卡,线下活动
C000933,华北,三线及以下,价格敏感,2026-06,18-24,普通,内容种草
C000934,西南,三线及以下,价格敏感,2026-03,35-44,普通,内容种草
C000935,华东,一线,成长型,2025-08,25-34,普通,内容种草
C000936,华南,二线,成长型,2026-04,18-24,金卡,内容种草
C000937,华东,二线,成长型,2025-08,25-34,普通,自然搜索
C000938,华中,二线,价格敏感,2026-07,45-54,黑金,自然搜索
C000939,华东,新一线,价格敏感,2026-04,18-24,普通,老客推荐
C000940,东北,三线及以下,新客,2026-07,55+,普通,线下活动
C000941,华中,二线,成长型,2026-04,18-24,普通,老客推荐
C000942,华北,一线,价格敏感,2026-01,18-24,黑金,线下活动
C000943,华南,二线,价格敏感,2026-03,45-54,银卡,线下活动
C000944,华东,新一线,高价值,2026-01,18-24,金卡,内容种草
C000945,华中,三线及以下,成长型,2025-11,25-34,普通,老客推荐
C000946,华南,三线及以下,价格敏感,2026-07,45-54,黑金,老客推荐
C000947,华南,二线,成长型,2026-01,55+,银卡,老客推荐
C000948,华东,新一线,价格敏感,2025-09,18-24,金卡,线下活动
C000949,华中,新一线,沉睡,2026-06,25-34,黑金,自然搜索
C000950,华北,二线,沉睡,2025-10,25-34,普通,老客推荐
C000951,华中,三线及以下,成长型,2026-01,45-54,黑金,老客推荐
C000952,华南,一线,高价值,2025-12,35-44,金卡,直播引流
C000953,华北,新一线,价格敏感,2025-11,18-24,银卡,内容种草
C000954,华东,二线,成长型,2026-02,45-54,普通,自然搜索
C000955,华中,二线,高价值,2025-08,25-34,金卡,线下活动
C000956,华南,二线,价格敏感,2026-03,18-24,银卡,直播引流
C000957,华东,新一线,成长型,2025-11,55+,普通,直播引流
C000958,华南,新一线,成长型,2026-02,18-24,银卡,自然搜索
C000959,华中,新一线,价格敏感,2025-10,45-54,普通,老客推荐
C000960,华东,二线,新客,2025-12,55+,普通,老客推荐
C000961,华东,三线及以下,成长型,2025-09,35-44,黑金,直播引流
C000962,西南,新一线,成长型,2026-06,45-54,普通,老客推荐
C000963,西南,三线及以下,价格敏感,2026-03,18-24,普通,线下活动
C000964,华中,三线及以下,沉睡,2025-12,25-34,黑金,自然搜索
C000965,华中,新一线,价格敏感,2025-11,18-24,银卡,线下活动
C000966,西南,二线,价格敏感,2025-12,55+,银卡,线下活动
C000967,华东,新一线,成长型,2026-04,25-34,普通,老客推荐
C000968,华北,新一线,成长型,2026-07,25-34,金卡,老客推荐
C000969,华南,三线及以下,成长型,2026-07,35-44,银卡,直播引流
C000970,华中,三线及以下,沉睡,2026-05,18-24,普通,内容种草
C000971,华北,三线及以下,沉睡,2025-12,35-44,普通,线下活动
C000972,华东,二线,价格敏感,2025-10,55+,金卡,内容种草
C000973,华北,二线,沉睡,2025-12,35-44,普通,自然搜索
C000974,东北,二线,沉睡,2025-12,45-54,银卡,线下活动
C000975,西南,二线,新客,2025-08,45-54,银卡,老客推荐
C000976,华中,一线,价格敏感,2026-05,18-24,普通,自然搜索
C000977,华中,新一线,沉睡,2025-12,18-24,银卡,内容种草
C000978,华南,三线及以下,新客,2025-09,35-44,金卡,自然搜索
C000979,华北,二线,价格敏感,2026-07,25-34,金卡,老客推荐
C000980,华东,二线,沉睡,2026-05,35-44,银卡,直播引流
C000981,华东,二线,成长型,2026-02,25-34,金卡,直播引流
C000982,华北,三线及以下,新客,2026-01,18-24,普通,直播引流
C000983,华北,二线,新客,2025-10,55+,普通,直播引流
C000984,华东,二线,价格敏感,2026-05,35-44,普通,老客推荐
C000985,华东,二线,成长型,2026-06,45-54,金卡,自然搜索
C000986,华南,二线,成长型,2026-03,18-24,银卡,老客推荐
C000987,华北,二线,高价值,2026-07,25-34,银卡,内容种草
C000988,西南,三线及以下,新客,2025-11,25-34,银卡,直播引流
C000989,华东,二线,价格敏感,2025-09,55+,普通,老客推荐
C000990,华东,新一线,高价值,2026-05,35-44,普通,老客推荐
C000991,西南,一线,成长型,2026-07,18-24,金卡,老客推荐
C000992,华南,新一线,新客,2026-06,45-54,银卡,线下活动
C000993,华东,二线,新客,2025-12,25-34,银卡,老客推荐
C000994,华北,新一线,成长型,2025-08,25-34,普通,线下活动
C000995,华东,一线,成长型,2025-09,25-34,普通,内容种草
C000996,华中,二线,高价值,2026-03,25-34,银卡,线下活动
C000997,华南,二线,高价值,2025-09,18-24,普通,自然搜索
C000998,华北,新一线,高价值,2026-07,25-34,普通,自然搜索
C000999,西南,二线,价格敏感,2025-10,35-44,金卡,老客推荐
C001000,华中,三线及以下,价格敏感,2025-11,25-34,金卡,线下活动
C001001,华中,二线,沉睡,2025-10,35-44,金卡,直播引流
C001002,华东,三线及以下,价格敏感,2026-02,25-34,普通,内容种草
C001003,华中,二线,高价值,2025-08,35-44,金卡,直播引流
C001004,华中,新一线,价格敏感,2026-07,25-34,银卡,直播引流
C001005,华中,二线,价格敏感,2026-03,55+,银卡,线下活动
C001006,华中,新一线,价格敏感,2025-09,35-44,普通,老客推荐
C001007,东北,一线,成长型,2026-05,25-34,银卡,内容种草
C001008,西南,新一线,成长型,2025-08,18-24,银卡,自然搜索
C001009,华北,新一线,沉睡,2026-01,18-24,普通,直播引流
C001010,西南,三线及以下,价格敏感,2025-09,25-34,普通,内容种草
C001011,华东,三线及以下,沉睡,2026-05,45-54,普通,内容种草
C001012,华南,二线,高价值,2025-12,45-54,银卡,老客推荐
C001013,东北,新一线,新客,2026-06,35-44,银卡,线下活动
C001014,华东,新一线,高价值,2026-02,35-44,普通,线下活动
C001015,华东,三线及以下,新客,2025-08,18-24,黑金,自然搜索
C001016,华南,新一线,新客,2026-01,25-34,金卡,直播引流
C001017,华东,二线,新客,2025-10,25-34,普通,内容种草
C001018,华东,二线,新客,2025-09,18-24,金卡,线下活动
C001019,华南,二线,高价值,2026-04,45-54,黑金,老客推荐
C001020,华北,新一线,成长型,2025-11,55+,银卡,自然搜索
C001021,东北,二线,新客,2025-10,55+,黑金,自然搜索
C001022,华中,三线及以下,价格敏感,2026-07,45-54,普通,内容种草
C001023,西南,三线及以下,成长型,2026-06,18-24,普通,直播引流
C001024,华南,三线及以下,新客,2026-06,25-34,普通,老客推荐
C001025,华南,新一线,成长型,2026-05,45-54,金卡,自然搜索
C001026,华南,三线及以下,成长型,2026-02,35-44,金卡,自然搜索
C001027,华南,二线,沉睡,2026-02,35-44,金卡,直播引流
C001028,华北,二线,成长型,2026-04,25-34,银卡,内容种草
C001029,华东,一线,价格敏感,2026-03,35-44,普通,老客推荐
C001030,华中,二线,成长型,2025-09,45-54,黑金,自然搜索
C001031,华中,二线,价格敏感,2025-10,45-54,普通,自然搜索
C001032,华东,一线,新客,2026-01,45-54,金卡,内容种草
C001033,西南,三线及以下,沉睡,2026-04,55+,普通,内容种草
C001034,东北,一线,新客,2026-02,18-24,普通,线下活动
C001035,华北,一线,价格敏感,2025-12,18-24,金卡,直播引流
C001036,华东,二线,价格敏感,2025-08,35-44,金卡,老客推荐
C001037,东北,二线,价格敏感,2025-10,35-44,普通,内容种草
C001038,华北,二线,新客,2025-09,25-34,黑金,内容种草
C001039,华中,一线,新客,2026-07,45-54,金卡,自然搜索
C001040,华北,三线及以下,价格敏感,2026-07,45-54,普通,线下活动
C001041,东北,新一线,沉睡,2026-05,25-34,银卡,自然搜索
C001042,华南,三线及以下,成长型,2025-10,45-54,银卡,线下活动
C001043,东北,二线,价格敏感,2026-07,25-34,金卡,线下活动
C001044,华北,新一线,沉睡,2026-01,35-44,普通,直播引流
C001045,华南,二线,价格敏感,2025-10,55+,普通,直播引流
C001046,华南,新一线,新客,2025-09,18-24,银卡,直播引流
C001047,东北,三线及以下,高价值,2026-04,35-44,普通,内容种草
C001048,华北,一线,成长型,2025-11,35-44,普通,老客推荐
C001049,华南,三线及以下,新客,2025-10,55+,普通,直播引流
C001050,华南,二线,沉睡,2025-11,25-34,金卡,线下活动
C001051,华中,三线及以下,价格敏感,2026-02,18-24,普通,老客推荐
C001052,华东,三线及以下,成长型,2025-08,55+,普通,线下活动
C001053,华北,二线,沉睡,2026-03,25-34,普通,内容种草
C001054,华中,二线,价格敏感,2025-11,18-24,普通,老客推荐
C001055,西南,新一线,成长型,2025-10,55+,普通,线下活动
C001056,华南,新一线,成长型,2026-07,35-44,银卡,线下活动
C001057,华东,二线,成长型,2025-10,45-54,普通,老客推荐
C001058,华北,二线,高价值,2026-02,55+,银卡,内容种草
C001059,华东,三线及以下,成长型,2025-09,25-34,普通,老客推荐
C001060,东北,三线及以下,高价值,2025-10,35-44,普通,老客推荐
C001061,华东,二线,沉睡,2026-01,25-34,金卡,自然搜索
C001062,华北,一线,成长型,2026-03,25-34,普通,老客推荐
C001063,华北,二线,价格敏感,2026-04,45-54,金卡,内容种草
C001064,东北,二线,价格敏感,2026-01,18-24,普通,老客推荐
C001065,华南,三线及以下,沉睡,2025-08,45-54,银卡,老客推荐
C001066,华南,二线,成长型,2025-10,25-34,普通,直播引流
C001067,华北,新一线,价格敏感,2025-11,55+,银卡,线下活动
C001068,华东,新一线,成长型,2025-10,18-24,普通,自然搜索
C001069,华东,二线,成长型,2026-06,25-34,银卡,老客推荐
C001070,华中,二线,新客,2026-06,25-34,金卡,老客推荐
C001071,华南,二线,高价值,2026-06,35-44,金卡,内容种草
C001072,西南,二线,成长型,2025-08,25-34,普通,老客推荐
C001073,华东,一线,成长型,2025-12,18-24,普通,自然搜索
C001074,华南,新一线,价格敏感,2026-02,18-24,普通,老客推荐
C001075,华东,一线,价格敏感,2026-01,25-34,金卡,直播引流
C001076,华中,三线及以下,新客,2026-04,45-54,黑金,直播引流
C001077,华南,一线,沉睡,2025-12,35-44,黑金,老客推荐
C001078,华北,三线及以下,成长型,2026-03,35-44,普通,内容种草
C001079,华南,二线,价格敏感,2026-07,45-54,普通,老客推荐
C001080,华北,二线,沉睡,2025-09,25-34,银卡,内容种草
C001081,华东,二线,成长型,2025-09,25-34,银卡,直播引流
C001082,华北,三线及以下,价格敏感,2026-01,45-54,银卡,自然搜索
C001083,华中,一线,成长型,2026-07,18-24,银卡,老客推荐
C001084,华北,新一线,沉睡,2026-02,45-54,银卡,老客推荐
C001085,华东,一线,沉睡,2026-03,55+,银卡,内容种草
C001086,华北,二线,成长型,2026-01,25-34,银卡,内容种草
C001087,华南,二线,新客,2025-12,55+,金卡,直播引流
C001088,华南,新一线,沉睡,2026-05,55+,银卡,老客推荐
C001089,华北,三线及以下,成长型,2026-05,35-44,普通,老客推荐
C001090,华东,新一线,新客,2026-02,18-24,金卡,自然搜索
C001091,华北,一线,价格敏感,2025-11,35-44,银卡,自然搜索
C001092,华东,二线,高价值,2026-05,55+,普通,直播引流
C001093,华东,一线,新客,2026-01,55+,普通,内容种草
C001094,西南,新一线,价格敏感,2025-08,25-34,普通,线下活动
C001095,华北,一线,价格敏感,2026-01,45-54,普通,直播引流
C001096,东北,三线及以下,沉睡,2025-09,45-54,银卡,直播引流
C001097,华南,二线,新客,2026-03,45-54,黑金,线下活动
C001098,东北,一线,价格敏感,2026-06,35-44,银卡,直播引流
C001099,华北,三线及以下,新客,2026-03,45-54,银卡,线下活动
C001100,华东,三线及以下,成长型,2026-01,45-54,金卡,直播引流
C001101,华北,一线,成长型,2026-01,55+,银卡,线下活动
C001102,华东,二线,价格敏感,2025-11,35-44,普通,自然搜索
C001103,西南,二线,新客,2026-04,45-54,银卡,老客推荐
C001104,华东,三线及以下,沉睡,2026-05,18-24,黑金,线下活动
C001105,西南,新一线,沉睡,2026-04,55+,普通,自然搜索
C001106,华北,二线,成长型,2026-03,25-34,普通,内容种草
C001107,华东,三线及以下,高价值,2025-10,45-54,金卡,自然搜索
C001108,华中,新一线,成长型,2026-05,35-44,金卡,线下活动
C001109,华北,一线,价格敏感,2025-09,45-54,普通,内容种草
C001110,华东,新一线,新客,2025-09,35-44,普通,内容种草
C001111,华北,新一线,高价值,2026-04,45-54,银卡,自然搜索
C001112,华北,二线,价格敏感,2026-06,35-44,普通,内容种草
C001113,华东,三线及以下,价格敏感,2025-10,55+,银卡,直播引流
C001114,华东,新一线,新客,2025-09,35-44,普通,线下活动
C001115,华东,一线,高价值,2026-07,18-24,普通,线下活动
C001116,华南,二线,成长型,2025-09,55+,普通,内容种草
C001117,华中,新一线,成长型,2026-05,18-24,普通,自然搜索
C001118,华北,新一线,成长型,2026-03,18-24,银卡,线下活动
C001119,华东,三线及以下,价格敏感,2026-01,35-44,黑金,直播引流
C001120,华北,一线,新客,2025-09,25-34,普通,老客推荐
C001121,华北,二线,价格敏感,2026-07,45-54,普通,线下活动
C001122,华中,二线,新客,2026-06,25-34,银卡,自然搜索
C001123,华东,三线及以下,新客,2026-02,45-54,金卡,自然搜索
C001124,华北,一线,成长型,2026-03,18-24,银卡,自然搜索
C001125,东北,二线,沉睡,2026-03,55+,普通,直播引流
C001126,华中,二线,高价值,2026-03,18-24,银卡,自然搜索
C001127,东北,新一线,价格敏感,2025-12,25-34,黑金,自然搜索
C001128,华南,二线,新客,2025-11,18-24,普通,直播引流
C001129,华南,二线,成长型,2026-03,18-24,银卡,内容种草
C001130,华北,一线,成长型,2026-01,18-24,普通,自然搜索
C001131,华北,新一线,新客,2026-07,55+,普通,老客推荐
C001132,华南,二线,价格敏感,2026-02,45-54,银卡,直播引流
C001133,华东,新一线,成长型,2026-04,25-34,普通,自然搜索
C001134,东北,新一线,价格敏感,2026-06,25-34,普通,内容种草
C001135,华北,新一线,价格敏感,2026-04,45-54,普通,内容种草
C001136,华南,三线及以下,价格敏感,2026-06,45-54,金卡,自然搜索
C001137,华北,二线,成长型,2026-06,35-44,黑金,线下活动
C001138,东北,一线,新客,2026-02,35-44,银卡,内容种草
C001139,华东,三线及以下,成长型,2025-10,18-24,普通,直播引流
C001140,华南,新一线,新客,2025-09,55+,普通,自然搜索
C001141,西南,三线及以下,成长型,2026-01,35-44,银卡,内容种草
C001142,华南,新一线,价格敏感,2026-04,45-54,金卡,自然搜索
C001143,华东,新一线,成长型,2026-02,55+,普通,自然搜索
C001144,华南,新一线,沉睡,2026-01,25-34,普通,直播引流
C001145,西南,二线,价格敏感,2026-03,55+,普通,老客推荐
C001146,华东,一线,成长型,2026-01,35-44,金卡,自然搜索
C001147,华中,一线,价格敏感,2025-08,25-34,普通,直播引流
C001148,西南,三线及以下,价格敏感,2026-07,45-54,金卡,内容种草
C001149,西南,二线,新客,2026-05,55+,银卡,线下活动
C001150,华北,二线,沉睡,2026-05,45-54,普通,线下活动
C001151,西南,新一线,新客,2026-05,35-44,银卡,直播引流
C001152,东北,三线及以下,成长型,2026-04,25-34,普通,内容种草
C001153,华北,三线及以下,成长型,2025-12,18-24,普通,线下活动
C001154,西南,三线及以下,价格敏感,2025-10,35-44,银卡,内容种草
C001155,西南,二线,成长型,2026-03,25-34,普通,自然搜索
C001156,华北,一线,沉睡,2025-10,45-54,银卡,自然搜索
C001157,东北,新一线,成长型,2025-11,18-24,普通,老客推荐
C001158,西南,新一线,新客,2026-04,18-24,银卡,自然搜索
C001159,西南,新一线,价格敏感,2025-12,45-54,银卡,老客推荐
C001160,华中,二线,成长型,2025-08,18-24,银卡,内容种草
C001161,华中,新一线,价格敏感,2026-03,18-24,普通,直播引流
C001162,东北,新一线,新客,2026-01,18-24,金卡,老客推荐
C001163,东北,二线,价格敏感,2026-03,55+,普通,内容种草
C001164,东北,新一线,沉睡,2026-07,18-24,普通,线下活动
C001165,华北,新一线,成长型,2026-04,35-44,金卡,线下活动
C001166,华中,二线,高价值,2025-11,18-24,金卡,老客推荐
C001167,华南,三线及以下,价格敏感,2026-04,25-34,普通,内容种草
C001168,华中,新一线,价格敏感,2025-11,55+,金卡,老客推荐
C001169,华中,三线及以下,沉睡,2025-10,45-54,普通,线下活动
C001170,华中,二线,新客,2025-09,25-34,银卡,线下活动
C001171,华南,三线及以下,成长型,2026-05,18-24,银卡,内容种草
C001172,华南,二线,成长型,2026-02,18-24,普通,线下活动
C001173,华中,二线,沉睡,2026-05,25-34,金卡,自然搜索
C001174,西南,二线,高价值,2025-12,45-54,普通,内容种草
C001175,华北,一线,高价值,2026-01,35-44,普通,内容种草
C001176,华南,新一线,成长型,2025-12,18-24,金卡,老客推荐
C001177,西南,新一线,价格敏感,2026-05,25-34,银卡,老客推荐
C001178,华北,一线,沉睡,2026-02,45-54,普通,自然搜索
C001179,华中,二线,价格敏感,2025-10,45-54,银卡,自然搜索
C001180,华北,二线,价格敏感,2026-02,18-24,普通,自然搜索
C001181,华南,三线及以下,成长型,2026-06,18-24,银卡,直播引流
C001182,华中,二线,成长型,2026-01,45-54,银卡,直播引流
C001183,华北,二线,高价值,2025-09,35-44,普通,内容种草
C001184,西南,三线及以下,高价值,2026-07,25-34,普通,老客推荐
C001185,华南,新一线,成长型,2026-07,35-44,金卡,线下活动
C001186,东北,三线及以下,新客,2026-02,35-44,银卡,内容种草
C001187,东北,二线,新客,2026-04,18-24,金卡,直播引流
C001188,华南,三线及以下,成长型,2026-07,35-44,普通,内容种草
C001189,华南,新一线,沉睡,2026-05,35-44,金卡,直播引流
C001190,西南,二线,价格敏感,2026-06,25-34,普通,内容种草
C001191,华南,二线,成长型,2025-12,18-24,金卡,自然搜索
C001192,华东,二线,价格敏感,2026-05,55+,普通,直播引流
C001193,东北,新一线,成长型,2026-01,55+,普通,老客推荐
C001194,华东,二线,高价值,2025-10,35-44,银卡,线下活动
C001195,华东,三线及以下,价格敏感,2026-05,18-24,普通,直播引流
C001196,华北,三线及以下,新客,2025-09,25-34,金卡,老客推荐
C001197,华东,二线,高价值,2025-10,18-24,普通,线下活动
C001198,东北,新一线,沉睡,2025-08,55+,银卡,自然搜索
C001199,华南,二线,沉睡,2025-11,25-34,普通,直播引流
C001200,西南,三线及以下,成长型,2025-11,35-44,普通,线下活动
C001201,华中,二线,新客,2026-01,18-24,普通,内容种草
C001202,华东,新一线,沉睡,2026-05,18-24,普通,内容种草
C001203,华南,一线,沉睡,2026-04,55+,银卡,自然搜索
C001204,东北,新一线,高价值,2025-12,35-44,普通,自然搜索
C001205,华东,新一线,高价值,2026-05,25-34,银卡,内容种草
C001206,西南,新一线,新客,2026-07,18-24,普通,线下活动
C001207,华东,一线,价格敏感,2025-09,35-44,普通,自然搜索
C001208,华中,二线,沉睡,2026-05,25-34,银卡,老客推荐
C001209,西南,二线,成长型,2025-10,25-34,银卡,线下活动
C001210,华中,二线,成长型,2026-03,45-54,银卡,内容种草
C001211,华南,三线及以下,成长型,2026-06,25-34,银卡,内容种草
C001212,华北,三线及以下,价格敏感,2025-10,35-44,普通,内容种草
C001213,华南,二线,价格敏感,2026-03,18-24,普通,直播引流
C001214,西南,二线,价格敏感,2025-10,45-54,普通,老客推荐
C001215,华中,新一线,成长型,2026-03,55+,金卡,自然搜索
C001216,东北,一线,价格敏感,2025-11,45-54,银卡,线下活动
C001217,东北,三线及以下,价格敏感,2025-08,55+,普通,线下活动
C001218,华东,三线及以下,价格敏感,2026-04,35-44,普通,老客推荐
C001219,华中,新一线,价格敏感,2025-08,25-34,普通,线下活动
C001220,东北,新一线,新客,2026-01,45-54,金卡,老客推荐
C001221,西南,三线及以下,新客,2025-11,25-34,银卡,自然搜索
C001222,华南,三线及以下,高价值,2025-12,25-34,金卡,直播引流
C001223,华东,新一线,成长型,2025-10,45-54,金卡,直播引流
C001224,华南,新一线,成长型,2025-09,35-44,金卡,老客推荐
C001225,华南,新一线,价格敏感,2025-10,45-54,黑金,直播引流
C001226,华中,三线及以下,高价值,2026-02,18-24,普通,内容种草
C001227,华中,新一线,高价值,2025-10,18-24,普通,老客推荐
C001228,西南,新一线,价格敏感,2026-02,55+,银卡,自然搜索
C001229,华北,一线,沉睡,2025-10,35-44,银卡,线下活动
C001230,华中,二线,成长型,2026-02,45-54,银卡,线下活动
C001231,东北,一线,成长型,2026-05,55+,普通,内容种草
C001232,华北,二线,成长型,2025-12,45-54,普通,自然搜索
C001233,华北,三线及以下,新客,2025-12,45-54,普通,内容种草
C001234,西南,三线及以下,沉睡,2025-12,35-44,银卡,线下活动
C001235,华中,二线,新客,2026-07,25-34,银卡,自然搜索
C001236,华东,一线,成长型,2025-08,55+,普通,老客推荐
C001237,华南,二线,价格敏感,2026-06,35-44,普通,内容种草
C001238,华北,新一线,沉睡,2025-11,45-54,普通,自然搜索
C001239,华北,新一线,沉睡,2025-09,55+,普通,直播引流
C001240,华南,二线,新客,2026-06,55+,金卡,内容种草
C001241,华北,一线,高价值,2025-09,35-44,金卡,内容种草
C001242,华东,二线,成长型,2025-11,35-44,银卡,内容种草
C001243,华中,二线,新客,2025-09,55+,金卡,老客推荐
C001244,华东,二线,成长型,2026-04,55+,普通,自然搜索
C001245,华南,三线及以下,高价值,2025-11,35-44,银卡,线下活动
C001246,华北,二线,沉睡,2025-08,18-24,普通,线下活动
C001247,华北,一线,新客,2025-09,45-54,银卡,老客推荐
C001248,华北,二线,新客,2026-07,35-44,普通,直播引流
C001249,华北,新一线,沉睡,2026-04,35-44,普通,内容种草
C001250,西南,一线,成长型,2025-12,55+,普通,自然搜索
C001251,华东,二线,价格敏感,2025-08,35-44,金卡,老客推荐
C001252,华中,一线,价格敏感,2026-03,35-44,黑金,老客推荐
C001253,华东,三线及以下,沉睡,2025-09,18-24,银卡,直播引流
C001254,华北,二线,新客,2026-07,18-24,金卡,线下活动
C001255,华东,一线,成长型,2025-12,45-54,金卡,直播引流
C001256,西南,三线及以下,价格敏感,2026-07,35-44,黑金,老客推荐
C001257,华南,二线,价格敏感,2026-06,35-44,黑金,线下活动
C001258,华东,二线,新客,2026-06,45-54,银卡,线下活动
C001259,华中,二线,新客,2026-05,25-34,普通,自然搜索
C001260,西南,三线及以下,高价值,2026-05,35-44,普通,内容种草
C001261,华东,二线,新客,2025-12,55+,普通,内容种草
C001262,华东,三线及以下,价格敏感,2025-11,35-44,银卡,自然搜索
C001263,东北,新一线,价格敏感,2026-05,18-24,普通,线下活动
C001264,华东,一线,沉睡,2026-05,25-34,普通,老客推荐
C001265,华中,新一线,新客,2025-09,25-34,银卡,内容种草
C001266,华南,二线,成长型,2026-07,35-44,普通,线下活动
C001267,华中,三线及以下,成长型,2025-10,55+,金卡,线下活动
C001268,华北,三线及以下,价格敏感,2025-09,25-34,普通,自然搜索
C001269,华东,新一线,成长型,2025-11,45-54,银卡,线下活动
C001270,华南,三线及以下,新客,2026-02,55+,银卡,自然搜索
C001271,华东,三线及以下,成长型,2026-04,18-24,普通,老客推荐
C001272,华南,新一线,成长型,2026-07,55+,银卡,线下活动
C001273,西南,二线,价格敏感,2026-05,18-24,普通,直播引流
C001274,华南,三线及以下,成长型,2025-08,45-54,普通,线下活动
C001275,东北,二线,新客,2026-05,25-34,黑金,内容种草
C001276,华中,三线及以下,价格敏感,2025-08,35-44,银卡,老客推荐
C001277,华中,三线及以下,沉睡,2026-06,18-24,金卡,直播引流
C001278,东北,二线,价格敏感,2026-07,55+,普通,自然搜索
C001279,华北,三线及以下,成长型,2025-10,45-54,普通,内容种草
C001280,华东,三线及以下,沉睡,2025-10,45-54,银卡,内容种草
C001281,华中,一线,价格敏感,2026-07,35-44,普通,内容种草
C001282,西南,新一线,价格敏感,2026-01,25-34,银卡,自然搜索
C001283,华东,新一线,成长型,2026-06,18-24,普通,自然搜索
C001284,西南,三线及以下,新客,2026-01,25-34,银卡,自然搜索
C001285,华北,新一线,高价值,2026-03,35-44,普通,自然搜索
C001286,华北,一线,成长型,2026-03,35-44,普通,老客推荐
C001287,华中,二线,新客,2026-06,25-34,普通,内容种草
C001288,华南,二线,新客,2026-05,45-54,银卡,线下活动
C001289,华东,三线及以下,沉睡,2025-10,25-34,金卡,老客推荐
C001290,华南,新一线,沉睡,2026-03,35-44,银卡,线下活动
C001291,华东,二线,价格敏感,2026-05,35-44,黑金,直播引流
C001292,华南,二线,价格敏感,2025-12,18-24,金卡,直播引流
C001293,华东,二线,沉睡,2026-06,18-24,金卡,直播引流
C001294,华中,二线,新客,2025-09,25-34,银卡,直播引流
C001295,华中,三线及以下,新客,2025-12,45-54,银卡,自然搜索
C001296,华东,三线及以下,沉睡,2025-08,25-34,金卡,老客推荐
C001297,西南,二线,价格敏感,2025-10,45-54,黑金,线下活动
C001298,华东,三线及以下,新客,2026-07,35-44,金卡,自然搜索
C001299,西南,三线及以下,价格敏感,2026-01,35-44,金卡,线下活动
C001300,西南,二线,新客,2026-03,45-54,银卡,直播引流
C001301,华北,二线,价格敏感,2025-10,25-34,普通,老客推荐
C001302,华中,二线,成长型,2025-11,55+,普通,直播引流
C001303,华东,新一线,价格敏感,2025-10,25-34,普通,自然搜索
C001304,东北,二线,价格敏感,2025-10,25-34,普通,老客推荐
C001305,西南,三线及以下,成长型,2026-02,25-34,银卡,内容种草
C001306,西南,二线,成长型,2025-10,18-24,银卡,老客推荐
C001307,西南,三线及以下,价格敏感,2025-11,35-44,金卡,老客推荐
C001308,华南,三线及以下,沉睡,2026-03,45-54,普通,老客推荐
C001309,华南,新一线,价格敏感,2025-08,25-34,银卡,内容种草
C001310,华北,二线,沉睡,2025-11,45-54,普通,线下活动
C001311,华北,新一线,价格敏感,2026-02,45-54,黑金,自然搜索
C001312,华中,二线,成长型,2026-04,45-54,普通,老客推荐
C001313,华北,一线,价格敏感,2025-11,35-44,银卡,自然搜索
C001314,华南,二线,新客,2026-07,45-54,银卡,内容种草
C001315,华东,三线及以下,新客,2026-04,25-34,银卡,自然搜索
C001316,华北,二线,新客,2025-11,45-54,普通,自然搜索
C001317,西南,新一线,新客,2026-05,55+,普通,线下活动
C001318,华中,三线及以下,高价值,2025-12,55+,银卡,内容种草
C001319,华南,新一线,新客,2025-09,35-44,银卡,老客推荐
C001320,华东,新一线,沉睡,2026-05,45-54,普通,线下活动
C001321,华东,一线,价格敏感,2026-05,25-34,普通,自然搜索
C001322,华北,一线,新客,2026-04,18-24,普通,线下活动
C001323,华东,二线,沉睡,2025-11,35-44,黑金,线下活动
C001324,东北,新一线,高价值,2025-09,25-34,银卡,线下活动
C001325,华中,二线,成长型,2025-12,35-44,普通,直播引流
C001326,华南,三线及以下,成长型,2026-03,25-34,银卡,线下活动
C001327,华东,三线及以下,价格敏感,2025-10,35-44,普通,老客推荐
C001328,华北,二线,沉睡,2026-06,35-44,银卡,线下活动
C001329,西南,二线,高价值,2025-12,35-44,银卡,直播引流
C001330,西南,新一线,成长型,2026-04,18-24,银卡,自然搜索
C001331,华南,二线,价格敏感,2026-01,35-44,金卡,直播引流
C001332,华东,新一线,价格敏感,2026-07,25-34,银卡,线下活动
C001333,西南,新一线,成长型,2025-11,25-34,银卡,内容种草
C001334,华北,新一线,成长型,2025-08,18-24,银卡,直播引流
C001335,华东,一线,沉睡,2026-01,55+,普通,线下活动
C001336,西南,新一线,新客,2026-06,18-24,普通,直播引流
C001337,华东,一线,新客,2026-06,18-24,普通,线下活动
C001338,华南,二线,高价值,2026-05,45-54,银卡,自然搜索
C001339,华北,新一线,成长型,2026-02,18-24,银卡,内容种草
C001340,华东,新一线,成长型,2026-03,45-54,普通,线下活动
C001341,华南,二线,价格敏感,2026-07,18-24,普通,老客推荐
C001342,华北,三线及以下,价格敏感,2025-08,55+,普通,老客推荐
C001343,西南,二线,新客,2025-08,45-54,金卡,自然搜索
C001344,华中,新一线,成长型,2025-12,35-44,银卡,自然搜索
C001345,西南,二线,新客,2025-09,25-34,普通,内容种草
C001346,华东,二线,价格敏感,2026-04,55+,金卡,老客推荐
C001347,华北,三线及以下,价格敏感,2025-11,55+,普通,老客推荐
C001348,华中,新一线,新客,2026-03,18-24,普通,内容种草
C001349,华中,新一线,新客,2025-12,25-34,银卡,直播引流
C001350,华东,二线,沉睡,2026-07,45-54,普通,老客推荐
C001351,华北,新一线,沉睡,2025-09,18-24,金卡,线下活动
C001352,华东,一线,成长型,2025-11,45-54,金卡,老客推荐
C001353,华南,二线,价格敏感,2026-01,25-34,普通,线下活动
C001354,华南,一线,价格敏感,2026-07,45-54,银卡,线下活动
C001355,华中,一线,高价值,2026-03,35-44,普通,线下活动
C001356,华北,二线,价格敏感,2026-01,25-34,银卡,老客推荐
C001357,华北,三线及以下,价格敏感,2026-05,25-34,银卡,老客推荐
C001358,华北,二线,成长型,2026-02,55+,金卡,直播引流
C001359,华中,二线,成长型,2026-04,35-44,金卡,直播引流
C001360,华东,新一线,沉睡,2025-11,35-44,银卡,线下活动
C001361,华中,新一线,新客,2026-07,25-34,普通,内容种草
C001362,华南,一线,高价值,2026-04,55+,普通,直播引流
C001363,华北,一线,价格敏感,2026-05,45-54,银卡,直播引流
C001364,华东,新一线,沉睡,2026-01,55+,普通,自然搜索
C001365,华北,三线及以下,沉睡,2026-06,35-44,普通,线下活动
C001366,华南,三线及以下,沉睡,2025-09,18-24,普通,线下活动
C001367,华东,一线,价格敏感,2026-06,25-34,金卡,直播引流
C001368,华中,新一线,成长型,2025-09,35-44,金卡,直播引流
C001369,华中,新一线,高价值,2025-08,35-44,金卡,老客推荐
C001370,东北,三线及以下,沉睡,2026-06,45-54,黑金,线下活动
C001371,华东,二线,成长型,2026-03,55+,银卡,直播引流
C001372,华南,二线,高价值,2026-02,18-24,黑金,自然搜索
C001373,东北,二线,价格敏感,2025-10,45-54,普通,线下活动
C001374,西南,三线及以下,价格敏感,2026-03,35-44,金卡,内容种草
C001375,华南,三线及以下,价格敏感,2026-02,45-54,普通,自然搜索
C001376,华南,二线,高价值,2025-09,55+,黑金,老客推荐
C001377,华东,三线及以下,成长型,2025-10,55+,普通,老客推荐
C001378,华南,三线及以下,成长型,2026-04,18-24,银卡,线下活动
C001379,华中,二线,价格敏感,2025-12,55+,银卡,老客推荐
C001380,西南,一线,新客,2026-06,45-54,银卡,自然搜索
C001381,华南,新一线,价格敏感,2025-10,55+,金卡,直播引流
C001382,东北,新一线,新客,2025-11,35-44,金卡,直播引流
C001383,华中,三线及以下,价格敏感,2025-08,25-34,金卡,线下活动
C001384,华中,一线,新客,2025-09,45-54,银卡,自然搜索
C001385,东北,新一线,新客,2026-05,55+,银卡,自然搜索
C001386,华南,三线及以下,成长型,2025-11,55+,金卡,老客推荐
C001387,华东,二线,价格敏感,2026-02,55+,金卡,内容种草
C001388,华南,二线,沉睡,2026-03,18-24,金卡,直播引流
C001389,华东,三线及以下,价格敏感,2026-07,35-44,普通,老客推荐
C001390,西南,二线,高价值,2025-11,55+,黑金,线下活动
C001391,华北,二线,成长型,2026-06,18-24,普通,自然搜索
C001392,华南,二线,沉睡,2025-12,18-24,银卡,内容种草
C001393,华东,二线,沉睡,2026-01,25-34,银卡,老客推荐
C001394,华中,三线及以下,价格敏感,2026-04,18-24,银卡,直播引流
C001395,华北,新一线,成长型,2025-09,25-34,普通,内容种草
C001396,华中,新一线,价格敏感,2025-08,18-24,普通,线下活动
C001397,华东,一线,新客,2025-12,25-34,银卡,内容种草
C001398,华东,一线,新客,2026-02,55+,普通,老客推荐
C001399,华中,新一线,新客,2026-01,25-34,银卡,线下活动
C001400,华南,新一线,成长型,2026-05,55+,金卡,老客推荐
C001401,华东,三线及以下,成长型,2026-03,45-54,普通,自然搜索
C001402,华东,三线及以下,价格敏感,2026-06,35-44,黑金,老客推荐
C001403,东北,二线,新客,2025-12,55+,普通,老客推荐
C001404,华北,一线,成长型,2026-04,55+,黑金,线下活动
C001405,华东,三线及以下,沉睡,2025-11,35-44,普通,自然搜索
C001406,东北,三线及以下,成长型,2025-12,55+,金卡,直播引流
C001407,西南,二线,新客,2026-07,35-44,普通,直播引流
C001408,东北,二线,沉睡,2026-03,35-44,金卡,老客推荐
C001409,东北,二线,沉睡,2026-07,35-44,普通,老客推荐
C001410,华中,二线,成长型,2026-06,55+,银卡,线下活动
C001411,华南,一线,新客,2025-11,45-54,普通,内容种草
C001412,华中,一线,价格敏感,2025-12,45-54,金卡,直播引流
C001413,华北,三线及以下,成长型,2026-02,55+,普通,老客推荐
C001414,华东,一线,沉睡,2026-03,25-34,金卡,老客推荐
C001415,华南,二线,沉睡,2026-02,35-44,普通,内容种草
C001416,西南,二线,价格敏感,2026-07,45-54,普通,自然搜索
C001417,华中,新一线,成长型,2026-02,55+,黑金,老客推荐
C001418,华北,三线及以下,沉睡,2026-04,55+,金卡,直播引流
C001419,华南,二线,成长型,2026-05,35-44,普通,直播引流
C001420,东北,新一线,成长型,2026-02,18-24,普通,直播引流
C001421,华东,二线,新客,2026-05,35-44,银卡,老客推荐
C001422,西南,二线,成长型,2026-01,55+,普通,自然搜索
C001423,华中,新一线,沉睡,2025-09,18-24,黑金,线下活动
C001424,西南,三线及以下,沉睡,2026-04,25-34,黑金,自然搜索
C001425,华南,一线,价格敏感,2025-10,35-44,普通,内容种草
C001426,华东,二线,价格敏感,2026-06,55+,银卡,线下活动
C001427,华中,新一线,价格敏感,2026-02,18-24,金卡,内容种草
C001428,华北,二线,价格敏感,2026-02,45-54,普通,线下活动
C001429,西南,三线及以下,价格敏感,2025-08,25-34,金卡,直播引流
C001430,华南,新一线,新客,2025-08,25-34,银卡,内容种草
C001431,华北,新一线,成长型,2026-02,25-34,银卡,老客推荐
C001432,西南,新一线,价格敏感,2025-10,35-44,金卡,自然搜索
C001433,东北,三线及以下,新客,2025-09,45-54,金卡,线下活动
C001434,华中,二线,新客,2025-12,18-24,普通,直播引流
C001435,华南,新一线,新客,2026-06,55+,黑金,直播引流
C001436,东北,三线及以下,沉睡,2025-09,55+,普通,内容种草
C001437,华北,三线及以下,成长型,2026-07,18-24,普通,内容种草
C001438,华东,三线及以下,价格敏感,2026-06,55+,普通,直播引流
C001439,华南,二线,沉睡,2026-03,45-54,黑金,线下活动
C001440,华东,二线,价格敏感,2026-07,55+,银卡,线下活动
C001441,华北,一线,成长型,2026-01,45-54,银卡,线下活动
C001442,西南,二线,新客,2025-10,18-24,普通,线下活动
C001443,华北,一线,高价值,2026-04,35-44,普通,直播引流
C001444,华东,三线及以下,成长型,2026-01,18-24,银卡,直播引流
C001445,东北,三线及以下,新客,2026-01,25-34,金卡,直播引流
C001446,华南,二线,沉睡,2025-12,35-44,黑金,线下活动
C001447,华东,二线,价格敏感,2025-08,25-34,普通,老客推荐
C001448,华东,新一线,新客,2026-03,35-44,金卡,老客推荐
C001449,东北,新一线,价格敏感,2025-09,18-24,银卡,自然搜索
C001450,华中,三线及以下,成长型,2025-09,35-44,银卡,老客推荐
C001451,华北,新一线,沉睡,2025-08,25-34,金卡,线下活动
C001452,华中,三线及以下,成长型,2025-12,18-24,金卡,老客推荐
C001453,西南,三线及以下,成长型,2026-02,25-34,普通,老客推荐
C001454,华中,二线,成长型,2025-09,18-24,银卡,内容种草
C001455,东北,二线,新客,2026-01,18-24,普通,内容种草
C001456,东北,二线,价格敏感,2025-10,55+,普通,自然搜索
C001457,西南,二线,成长型,2026-01,25-34,金卡,自然搜索
C001458,华北,二线,高价值,2026-07,45-54,黑金,自然搜索
C001459,华东,新一线,成长型,2025-09,25-34,银卡,老客推荐
C001460,华北,二线,成长型,2026-04,18-24,普通,线下活动
C001461,华北,新一线,成长型,2025-09,55+,普通,老客推荐
C001462,东北,三线及以下,新客,2026-04,35-44,普通,老客推荐
C001463,华中,三线及以下,新客,2025-08,45-54,普通,老客推荐
C001464,西南,三线及以下,新客,2026-05,55+,普通,内容种草
C001465,华南,新一线,成长型,2026-04,55+,金卡,直播引流
C001466,西南,一线,价格敏感,2025-10,35-44,普通,线下活动
C001467,华南,三线及以下,成长型,2025-09,45-54,普通,自然搜索
C001468,华中,新一线,高价值,2026-06,35-44,黑金,老客推荐
C001469,东北,三线及以下,成长型,2025-09,55+,黑金,老客推荐
C001470,华南,一线,价格敏感,2026-07,35-44,金卡,线下活动
C001471,华东,一线,高价值,2026-07,18-24,普通,直播引流
C001472,西南,新一线,成长型,2025-08,35-44,银卡,自然搜索
C001473,华南,新一线,价格敏感,2026-04,18-24,普通,自然搜索
C001474,华中,二线,价格敏感,2025-09,45-54,银卡,直播引流
C001475,华中,一线,价格敏感,2025-09,45-54,银卡,内容种草
C001476,华北,新一线,沉睡,2025-11,45-54,银卡,老客推荐
C001477,华东,三线及以下,沉睡,2025-11,55+,银卡,内容种草
C001478,华南,二线,成长型,2026-01,45-54,普通,自然搜索
C001479,西南,二线,新客,2025-08,18-24,普通,线下活动
C001480,华东,新一线,成长型,2026-05,18-24,银卡,内容种草
C001481,华南,三线及以下,新客,2026-05,18-24,黑金,自然搜索
C001482,华中,新一线,新客,2026-06,25-34,金卡,直播引流
C001483,西南,新一线,成长型,2026-07,35-44,普通,直播引流
C001484,西南,二线,沉睡,2026-05,55+,金卡,直播引流
C001485,华南,二线,成长型,2026-03,25-34,银卡,直播引流
C001486,华南,一线,价格敏感,2026-02,25-34,银卡,自然搜索
C001487,华北,二线,沉睡,2025-12,25-34,普通,老客推荐
C001488,华中,三线及以下,新客,2026-05,25-34,普通,直播引流
C001489,华北,三线及以下,价格敏感,2025-08,55+,银卡,自然搜索
C001490,华南,新一线,新客,2026-02,25-34,普通,直播引流
C001491,华东,新一线,价格敏感,2026-01,18-24,银卡,直播引流
C001492,西南,一线,高价值,2026-06,25-34,普通,老客推荐
C001493,西南,新一线,价格敏感,2026-05,55+,普通,自然搜索
C001494,华东,一线,沉睡,2026-01,45-54,金卡,自然搜索
C001495,东北,二线,成长型,2026-02,18-24,金卡,老客推荐
C001496,华北,新一线,新客,2026-05,18-24,银卡,直播引流
C001497,华中,新一线,新客,2026-06,18-24,普通,自然搜索
C001498,华北,三线及以下,高价值,2026-05,55+,金卡,直播引流
C001499,华东,二线,成长型,2026-06,25-34,普通,内容种草
C001500,华中,三线及以下,高价值,2026-04,55+,普通,直播引流
C001501,华南,二线,价格敏感,2026-05,35-44,银卡,内容种草
C001502,华东,一线,成长型,2026-06,55+,黑金,老客推荐
C001503,东北,一线,高价值,2025-09,45-54,普通,内容种草
C001504,华东,新一线,价格敏感,2026-02,18-24,金卡,直播引流
C001505,华东,一线,价格敏感,2026-04,35-44,普通,线下活动
C001506,华东,三线及以下,价格敏感,2026-06,25-34,普通,直播引流
C001507,东北,二线,新客,2026-03,25-34,金卡,内容种草
C001508,华北,新一线,高价值,2026-06,55+,银卡,线下活动
C001509,华中,新一线,高价值,2026-01,45-54,银卡,老客推荐
C001510,东北,二线,新客,2026-06,55+,普通,线下活动
C001511,东北,二线,沉睡,2025-12,18-24,普通,线下活动
C001512,华东,新一线,价格敏感,2025-08,35-44,银卡,自然搜索
C001513,西南,新一线,成长型,2025-11,25-34,普通,老客推荐
C001514,东北,新一线,高价值,2026-06,35-44,银卡,线下活动
C001515,华中,二线,价格敏感,2025-12,25-34,普通,直播引流
C001516,华南,二线,沉睡,2026-02,25-34,普通,自然搜索
C001517,西南,三线及以下,沉睡,2025-08,18-24,普通,老客推荐
C001518,华中,二线,成长型,2026-04,18-24,金卡,线下活动
C001519,东北,三线及以下,成长型,2026-02,45-54,银卡,直播引流
C001520,东北,三线及以下,成长型,2025-10,25-34,银卡,线下活动
C001521,华中,新一线,价格敏感,2025-11,18-24,银卡,内容种草
C001522,华南,二线,新客,2025-10,55+,普通,内容种草
C001523,华北,二线,成长型,2026-02,25-34,普通,线下活动
C001524,华北,三线及以下,沉睡,2026-06,55+,金卡,内容种草
C001525,西南,三线及以下,新客,2026-01,45-54,普通,线下活动
C001526,华北,三线及以下,成长型,2026-01,55+,黑金,直播引流
C001527,华南,三线及以下,新客,2026-04,35-44,普通,线下活动
C001528,华南,二线,价格敏感,2026-02,35-44,普通,内容种草
C001529,西南,三线及以下,高价值,2026-02,25-34,普通,老客推荐
C001530,西南,三线及以下,成长型,2026-02,35-44,银卡,老客推荐
C001531,华北,新一线,价格敏感,2025-09,45-54,普通,老客推荐
C001532,西南,一线,成长型,2026-01,25-34,普通,老客推荐
C001533,华北,二线,价格敏感,2025-12,45-54,普通,老客推荐
C001534,西南,新一线,新客,2026-02,55+,银卡,自然搜索
C001535,华南,新一线,价格敏感,2025-08,55+,银卡,自然搜索
C001536,华中,一线,新客,2026-06,18-24,银卡,直播引流
C001537,华北,二线,新客,2025-10,18-24,普通,内容种草
C001538,华中,新一线,成长型,2025-12,25-34,普通,线下活动
C001539,华南,二线,沉睡,2026-06,25-34,金卡,内容种草
C001540,华东,一线,价格敏感,2026-02,18-24,金卡,直播引流
C001541,东北,二线,新客,2026-07,18-24,黑金,线下活动
C001542,华南,二线,价格敏感,2026-03,45-54,普通,线下活动
C001543,西南,三线及以下,高价值,2026-04,18-24,金卡,直播引流
C001544,华东,二线,新客,2025-12,55+,普通,线下活动
C001545,华中,三线及以下,成长型,2025-08,18-24,普通,内容种草
C001546,东北,三线及以下,高价值,2026-04,25-34,普通,内容种草
C001547,华南,新一线,新客,2025-10,55+,黑金,线下活动
C001548,华北,一线,新客,2026-02,35-44,普通,内容种草
C001549,华中,三线及以下,价格敏感,2026-03,45-54,银卡,线下活动
C001550,东北,二线,价格敏感,2025-09,55+,普通,直播引流
C001551,华中,新一线,价格敏感,2026-07,18-24,普通,内容种草
C001552,东北,一线,成长型,2025-10,45-54,黑金,线下活动
C001553,华东,新一线,沉睡,2025-10,35-44,银卡,线下活动
C001554,华南,新一线,新客,2026-02,55+,金卡,内容种草
C001555,西南,三线及以下,高价值,2026-03,25-34,银卡,直播引流
C001556,华中,二线,成长型,2026-05,18-24,黑金,内容种草
C001557,华东,二线,高价值,2026-02,18-24,黑金,老客推荐
C001558,华南,二线,成长型,2025-08,55+,银卡,自然搜索
C001559,华南,一线,价格敏感,2025-08,45-54,银卡,自然搜索
C001560,华东,二线,价格敏感,2026-05,55+,银卡,自然搜索
C001561,华中,一线,价格敏感,2025-09,55+,银卡,老客推荐
C001562,华南,三线及以下,价格敏感,2026-05,45-54,普通,线下活动
C001563,华南,一线,成长型,2026-05,45-54,金卡,老客推荐
C001564,西南,二线,价格敏感,2025-11,45-54,普通,直播引流
C001565,华中,三线及以下,价格敏感,2026-04,55+,黑金,自然搜索
C001566,华南,二线,沉睡,2026-03,25-34,普通,内容种草
C001567,华中,一线,价格敏感,2026-07,18-24,金卡,线下活动
C001568,华南,新一线,成长型,2026-04,25-34,黑金,直播引流
C001569,西南,一线,价格敏感,2026-02,35-44,普通,自然搜索
C001570,华北,二线,高价值,2026-03,25-34,普通,线下活动
C001571,华北,二线,沉睡,2025-09,18-24,普通,线下活动
C001572,华东,二线,高价值,2025-11,35-44,普通,线下活动
C001573,华东,二线,沉睡,2025-08,25-34,普通,直播引流
C001574,华中,二线,新客,2026-04,18-24,银卡,老客推荐
C001575,华东,二线,高价值,2026-03,35-44,金卡,直播引流
C001576,华中,一线,成长型,2025-12,18-24,银卡,老客推荐
C001577,华中,二线,沉睡,2026-02,25-34,银卡,自然搜索
C001578,西南,二线,新客,2026-04,55+,银卡,自然搜索
C001579,华东,一线,成长型,2026-01,45-54,银卡,线下活动
C001580,华北,一线,沉睡,2025-11,55+,普通,老客推荐
C001581,东北,二线,成长型,2026-04,18-24,黑金,内容种草
C001582,西南,三线及以下,价格敏感,2025-08,18-24,普通,内容种草
C001583,华南,三线及以下,沉睡,2026-03,55+,银卡,老客推荐
C001584,华中,二线,沉睡,2025-08,25-34,银卡,老客推荐
C001585,华东,二线,成长型,2026-06,35-44,银卡,内容种草
C001586,东北,新一线,沉睡,2025-11,25-34,普通,内容种草
C001587,华北,二线,价格敏感,2026-01,18-24,银卡,老客推荐
C001588,华北,三线及以下,成长型,2026-05,35-44,普通,线下活动
C001589,东北,新一线,成长型,2025-12,18-24,普通,内容种草
C001590,华北,三线及以下,高价值,2025-08,25-34,普通,内容种草
C001591,华东,二线,高价值,2026-07,55+,普通,自然搜索
C001592,华中,一线,新客,2025-08,45-54,银卡,自然搜索
C001593,华东,二线,价格敏感,2025-12,35-44,普通,直播引流
C001594,华东,三线及以下,新客,2026-07,35-44,普通,内容种草
C001595,华东,新一线,新客,2025-08,55+,普通,内容种草
C001596,西南,二线,价格敏感,2025-11,35-44,金卡,老客推荐
C001597,东北,三线及以下,沉睡,2026-02,35-44,银卡,内容种草
C001598,华南,二线,成长型,2026-04,18-24,普通,线下活动
C001599,华东,二线,价格敏感,2025-10,25-34,金卡,内容种草
C001600,华北,一线,价格敏感,2026-05,55+,金卡,直播引流
C001601,华北,三线及以下,价格敏感,2025-10,35-44,普通,内容种草
C001602,华北,三线及以下,成长型,2026-03,18-24,黑金,内容种草
C001603,华南,二线,新客,2026-02,35-44,银卡,直播引流
C001604,华东,二线,高价值,2025-10,25-34,普通,内容种草
C001605,西南,新一线,高价值,2026-01,25-34,普通,直播引流
C001606,华北,一线,沉睡,2026-02,55+,金卡,自然搜索
C001607,华中,三线及以下,价格敏感,2026-06,18-24,黑金,自然搜索
C001608,华北,二线,成长型,2026-03,25-34,银卡,自然搜索
C001609,华北,二线,沉睡,2026-01,55+,普通,线下活动
C001610,华中,新一线,价格敏感,2026-06,35-44,金卡,自然搜索
C001611,西南,三线及以下,新客,2026-04,55+,金卡,线下活动
C001612,东北,三线及以下,成长型,2025-10,18-24,银卡,内容种草
C001613,华北,二线,沉睡,2026-07,45-54,金卡,自然搜索
C001614,华南,三线及以下,新客,2026-07,18-24,普通,线下活动
C001615,东北,二线,成长型,2025-10,25-34,金卡,内容种草
C001616,东北,一线,新客,2026-01,25-34,银卡,自然搜索
C001617,华中,二线,价格敏感,2025-10,25-34,普通,线下活动
C001618,华南,二线,价格敏感,2026-07,45-54,普通,内容种草
C001619,东北,二线,成长型,2025-12,55+,银卡,线下活动
C001620,华北,三线及以下,新客,2025-09,25-34,普通,老客推荐
C001621,华东,二线,成长型,2026-02,25-34,银卡,老客推荐
C001622,华东,新一线,新客,2025-10,45-54,金卡,线下活动
C001623,华北,二线,成长型,2026-04,45-54,普通,线下活动
C001624,东北,三线及以下,成长型,2026-02,35-44,金卡,自然搜索
C001625,华南,二线,沉睡,2025-10,25-34,普通,线下活动
C001626,华南,二线,价格敏感,2025-12,35-44,普通,内容种草
C001627,华南,新一线,高价值,2025-10,45-54,金卡,线下活动
C001628,东北,一线,价格敏感,2025-11,25-34,普通,直播引流
C001629,西南,二线,成长型,2026-04,35-44,普通,直播引流
C001630,华中,二线,沉睡,2026-01,35-44,普通,自然搜索
C001631,华东,二线,沉睡,2026-04,55+,金卡,内容种草
C001632,西南,三线及以下,价格敏感,2025-10,35-44,金卡,老客推荐
C001633,华东,二线,新客,2026-02,45-54,金卡,自然搜索
C001634,华中,一线,新客,2026-01,55+,金卡,直播引流
C001635,华南,二线,价格敏感,2026-06,18-24,普通,自然搜索
C001636,华南,二线,成长型,2026-03,18-24,普通,线下活动
C001637,华南,新一线,高价值,2025-10,18-24,金卡,自然搜索
C001638,华中,二线,沉睡,2025-10,35-44,普通,自然搜索
C001639,华北,三线及以下,价格敏感,2026-02,55+,普通,自然搜索
C001640,华北,三线及以下,高价值,2025-12,18-24,普通,线下活动
C001641,西南,一线,价格敏感,2026-06,35-44,普通,老客推荐
C001642,华北,三线及以下,成长型,2026-02,18-24,黑金,直播引流
C001643,华中,二线,新客,2025-12,25-34,普通,内容种草
C001644,华北,二线,价格敏感,2025-11,18-24,金卡,直播引流
C001645,华东,三线及以下,成长型,2026-04,45-54,普通,内容种草
C001646,西南,一线,成长型,2025-08,18-24,银卡,老客推荐
C001647,华北,三线及以下,沉睡,2026-01,55+,普通,自然搜索
C001648,华南,二线,新客,2026-04,45-54,普通,直播引流
C001649,华东,三线及以下,高价值,2025-11,18-24,普通,线下活动
C001650,华北,三线及以下,沉睡,2025-10,25-34,黑金,自然搜索
C001651,华北,三线及以下,成长型,2026-07,18-24,银卡,线下活动
C001652,东北,三线及以下,价格敏感,2025-12,35-44,银卡,自然搜索
C001653,东北,一线,沉睡,2026-02,45-54,普通,内容种草
C001654,华北,一线,价格敏感,2025-11,45-54,黑金,内容种草
C001655,华东,一线,价格敏感,2025-11,45-54,普通,老客推荐
C001656,华北,一线,高价值,2026-03,25-34,银卡,自然搜索
C001657,西南,新一线,价格敏感,2025-11,18-24,普通,自然搜索
C001658,华东,新一线,新客,2026-01,18-24,金卡,内容种草
C001659,华南,新一线,沉睡,2026-02,45-54,普通,线下活动
C001660,华南,三线及以下,高价值,2025-09,18-24,普通,内容种草
C001661,华中,二线,成长型,2026-02,55+,银卡,内容种草
C001662,华北,三线及以下,价格敏感,2026-05,18-24,普通,内容种草
C001663,西南,三线及以下,新客,2026-04,45-54,金卡,线下活动
C001664,西南,一线,成长型,2025-08,55+,金卡,线下活动
C001665,华东,一线,价格敏感,2026-02,45-54,银卡,内容种草
C001666,华中,二线,成长型,2025-08,35-44,普通,自然搜索
C001667,华东,三线及以下,成长型,2026-04,35-44,金卡,直播引流
C001668,华北,二线,价格敏感,2026-03,18-24,金卡,自然搜索
C001669,华东,二线,新客,2025-10,55+,黑金,自然搜索
C001670,东北,新一线,新客,2025-09,25-34,普通,老客推荐
C001671,华中,二线,新客,2026-03,35-44,银卡,老客推荐
C001672,华东,三线及以下,成长型,2026-01,55+,普通,内容种草
C001673,华东,三线及以下,沉睡,2026-02,35-44,金卡,自然搜索
C001674,东北,新一线,高价值,2025-12,25-34,普通,线下活动
C001675,华南,二线,沉睡,2025-09,18-24,普通,自然搜索
C001676,东北,一线,成长型,2026-04,55+,普通,自然搜索
C001677,华东,三线及以下,价格敏感,2025-09,18-24,普通,直播引流
C001678,华东,二线,沉睡,2025-08,25-34,银卡,自然搜索
C001679,华北,二线,沉睡,2025-09,25-34,金卡,线下活动
C001680,华南,二线,新客,2025-08,45-54,普通,线下活动
C001681,华中,新一线,沉睡,2026-01,18-24,普通,直播引流
C001682,华东,三线及以下,沉睡,2025-09,25-34,金卡,直播引流
C001683,西南,新一线,价格敏感,2026-02,35-44,普通,自然搜索
C001684,西南,新一线,沉睡,2026-07,25-34,普通,内容种草
C001685,华北,三线及以下,沉睡,2026-03,18-24,银卡,直播引流
C001686,华北,新一线,高价值,2026-03,55+,银卡,内容种草
C001687,华中,新一线,沉睡,2026-06,25-34,金卡,老客推荐
C001688,华南,新一线,成长型,2026-05,35-44,银卡,老客推荐
C001689,华东,二线,新客,2026-06,35-44,普通,自然搜索
C001690,东北,三线及以下,成长型,2026-03,45-54,普通,自然搜索
C001691,西南,一线,高价值,2026-04,55+,普通,直播引流
C001692,华东,新一线,新客,2025-09,25-34,银卡,自然搜索
C001693,西南,新一线,价格敏感,2026-07,55+,银卡,老客推荐
C001694,华南,二线,成长型,2025-10,18-24,普通,线下活动
C001695,华东,新一线,成长型,2026-02,45-54,普通,直播引流
C001696,华东,二线,沉睡,2026-07,35-44,普通,内容种草
C001697,西南,一线,价格敏感,2025-09,45-54,黑金,老客推荐
C001698,华东,新一线,成长型,2025-09,18-24,银卡,内容种草
C001699,西南,三线及以下,价格敏感,2026-03,55+,金卡,内容种草
C001700,华东,一线,新客,2025-10,55+,银卡,直播引流
C001701,华东,三线及以下,价格敏感,2025-08,25-34,金卡,直播引流
C001702,华北,三线及以下,沉睡,2026-05,35-44,金卡,线下活动
C001703,西南,二线,沉睡,2026-03,35-44,普通,老客推荐
C001704,华北,新一线,成长型,2026-06,55+,普通,自然搜索
C001705,华南,二线,新客,2025-10,18-24,普通,自然搜索
C001706,华南,新一线,价格敏感,2026-06,18-24,银卡,内容种草
C001707,华东,三线及以下,新客,2026-07,25-34,普通,直播引流
C001708,华东,二线,高价值,2025-12,25-34,金卡,老客推荐
C001709,华北,一线,成长型,2026-07,45-54,金卡,自然搜索
C001710,东北,二线,新客,2025-12,45-54,普通,老客推荐
C001711,东北,二线,新客,2026-06,35-44,银卡,自然搜索
C001712,东北,一线,高价值,2025-08,45-54,普通,老客推荐
C001713,华南,新一线,沉睡,2025-10,25-34,银卡,线下活动
C001714,华中,新一线,新客,2026-06,45-54,普通,老客推荐
C001715,华北,一线,新客,2026-05,35-44,银卡,直播引流
C001716,华北,三线及以下,新客,2026-04,18-24,黑金,线下活动
C001717,华北,二线,沉睡,2025-10,55+,银卡,线下活动
C001718,华东,新一线,沉睡,2026-01,25-34,普通,自然搜索
C001719,华东,三线及以下,新客,2026-06,35-44,普通,老客推荐
C001720,华中,二线,沉睡,2026-04,25-34,普通,自然搜索
C001721,西南,新一线,新客,2026-06,55+,普通,线下活动
C001722,华南,二线,高价值,2026-06,25-34,普通,自然搜索
C001723,东北,三线及以下,成长型,2026-02,55+,黑金,自然搜索
C001724,华东,新一线,价格敏感,2025-08,25-34,银卡,自然搜索
C001725,华东,二线,成长型,2026-06,25-34,银卡,直播引流
C001726,东北,三线及以下,成长型,2026-07,55+,普通,线下活动
C001727,华中,三线及以下,沉睡,2025-12,35-44,普通,直播引流
C001728,华东,新一线,新客,2025-12,18-24,金卡,直播引流
C001729,西南,三线及以下,新客,2025-08,25-34,金卡,老客推荐
C001730,华南,三线及以下,价格敏感,2026-02,35-44,银卡,自然搜索
C001731,华中,三线及以下,新客,2026-06,18-24,银卡,内容种草
C001732,东北,新一线,成长型,2026-02,45-54,金卡,直播引流
C001733,华东,三线及以下,新客,2025-09,18-24,普通,线下活动
C001734,华北,新一线,沉睡,2026-01,35-44,银卡,内容种草
C001735,西南,二线,新客,2026-06,18-24,普通,直播引流
C001736,华东,三线及以下,成长型,2025-10,45-54,黑金,内容种草
C001737,西南,新一线,新客,2026-06,45-54,普通,线下活动
C001738,西南,三线及以下,沉睡,2025-12,18-24,银卡,内容种草
C001739,华北,新一线,价格敏感,2025-10,45-54,普通,直播引流
C001740,华中,三线及以下,沉睡,2025-10,25-34,银卡,老客推荐
C001741,华东,二线,成长型,2025-12,18-24,普通,老客推荐
C001742,西南,二线,价格敏感,2026-04,55+,金卡,自然搜索
C001743,华北,二线,成长型,2025-09,55+,银卡,线下活动
C001744,华东,三线及以下,价格敏感,2025-12,35-44,金卡,内容种草
C001745,华东,三线及以下,沉睡,2026-05,18-24,普通,自然搜索
C001746,西南,三线及以下,高价值,2025-12,45-54,银卡,老客推荐
C001747,华北,三线及以下,成长型,2025-11,55+,普通,直播引流
C001748,西南,二线,新客,2025-12,25-34,金卡,直播引流
C001749,东北,三线及以下,成长型,2025-10,55+,金卡,直播引流
C001750,华南,新一线,成长型,2025-12,45-54,普通,直播引流
C001751,华东,一线,沉睡,2026-04,45-54,普通,内容种草
C001752,西南,二线,价格敏感,2025-12,45-54,普通,老客推荐
C001753,华中,三线及以下,成长型,2025-10,25-34,普通,内容种草
C001754,华南,二线,沉睡,2026-05,18-24,银卡,直播引流
C001755,东北,三线及以下,成长型,2026-06,45-54,普通,老客推荐
C001756,华南,新一线,价格敏感,2025-09,45-54,银卡,直播引流
C001757,西南,三线及以下,新客,2026-04,55+,普通,内容种草
C001758,华北,一线,新客,2025-10,55+,银卡,自然搜索
C001759,华东,三线及以下,价格敏感,2025-10,35-44,金卡,线下活动
C001760,华南,新一线,成长型,2025-10,55+,普通,自然搜索
C001761,华中,新一线,新客,2025-11,18-24,普通,内容种草
C001762,华南,三线及以下,沉睡,2026-07,55+,普通,直播引流
C001763,华中,一线,成长型,2025-10,55+,金卡,直播引流
C001764,西南,三线及以下,沉睡,2026-03,55+,普通,自然搜索
C001765,华东,三线及以下,成长型,2025-10,18-24,银卡,直播引流
C001766,华南,二线,价格敏感,2026-07,18-24,普通,老客推荐
C001767,东北,三线及以下,价格敏感,2025-10,45-54,普通,老客推荐
C001768,华北,新一线,价格敏感,2026-07,45-54,普通,自然搜索
C001769,华南,新一线,沉睡,2025-08,35-44,黑金,线下活动
C001770,华南,新一线,新客,2025-11,25-34,银卡,老客推荐
C001771,华东,二线,新客,2025-08,35-44,普通,老客推荐
C001772,华东,二线,成长型,2026-01,35-44,金卡,线下活动
C001773,华南,新一线,价格敏感,2025-10,35-44,普通,内容种草
C001774,西南,二线,成长型,2026-03,18-24,普通,自然搜索
C001775,华中,新一线,价格敏感,2025-08,45-54,金卡,老客推荐
C001776,华北,二线,沉睡,2026-01,55+,银卡,自然搜索
C001777,华东,三线及以下,新客,2026-02,45-54,银卡,内容种草
C001778,华南,一线,新客,2026-05,45-54,金卡,老客推荐
C001779,东北,三线及以下,高价值,2026-04,35-44,黑金,线下活动
C001780,华中,二线,高价值,2025-10,45-54,普通,线下活动
C001781,华中,一线,高价值,2026-07,18-24,普通,内容种草
C001782,华东,二线,新客,2025-08,55+,金卡,内容种草
C001783,华北,二线,成长型,2025-08,18-24,普通,直播引流
C001784,华东,三线及以下,成长型,2026-07,35-44,普通,线下活动
C001785,西南,二线,成长型,2026-06,55+,银卡,内容种草
C001786,西南,一线,高价值,2025-12,35-44,普通,自然搜索
C001787,华东,新一线,新客,2026-05,25-34,普通,线下活动
C001788,华东,二线,价格敏感,2025-08,18-24,银卡,内容种草
C001789,华中,二线,成长型,2025-10,18-24,银卡,直播引流
C001790,东北,一线,价格敏感,2026-06,25-34,普通,自然搜索
C001791,华东,一线,新客,2025-11,18-24,普通,直播引流
C001792,华中,三线及以下,沉睡,2026-02,55+,普通,线下活动
C001793,华东,二线,新客,2026-06,55+,普通,直播引流
C001794,华南,新一线,高价值,2025-12,25-34,普通,线下活动
C001795,华东,新一线,高价值,2026-07,55+,金卡,内容种草
C001796,华北,二线,价格敏感,2025-08,18-24,普通,自然搜索
C001797,华南,新一线,成长型,2026-02,35-44,黑金,内容种草
C001798,华东,二线,高价值,2026-02,25-34,银卡,线下活动
C001799,西南,一线,成长型,2026-01,55+,普通,内容种草
C001800,华北,二线,成长型,2025-09,45-54,银卡,直播引流
C001801,西南,二线,新客,2025-09,45-54,普通,内容种草
C001802,华北,新一线,沉睡,2025-09,35-44,银卡,直播引流
C001803,华北,三线及以下,沉睡,2026-07,45-54,普通,线下活动
C001804,华北,新一线,新客,2025-10,18-24,银卡,直播引流
C001805,东北,新一线,成长型,2026-07,18-24,普通,线下活动
C001806,华北,一线,成长型,2026-04,25-34,黑金,自然搜索
C001807,华中,二线,新客,2025-10,18-24,银卡,直播引流
C001808,东北,一线,高价值,2026-07,55+,普通,内容种草
C001809,东北,新一线,新客,2026-07,35-44,金卡,内容种草
C001810,华南,新一线,价格敏感,2026-01,35-44,银卡,自然搜索
C001811,华北,一线,价格敏感,2025-09,45-54,普通,老客推荐
C001812,西南,二线,价格敏感,2026-03,18-24,普通,线下活动
C001813,华东,三线及以下,高价值,2026-04,45-54,普通,线下活动
C001814,西南,一线,成长型,2025-09,25-34,金卡,自然搜索
C001815,华北,三线及以下,成长型,2026-05,45-54,银卡,线下活动
C001816,华东,一线,价格敏感,2026-07,25-34,普通,线下活动
C001817,华东,一线,成长型,2026-05,25-34,普通,老客推荐
C001818,华东,三线及以下,价格敏感,2025-12,45-54,普通,线下活动
C001819,华东,二线,高价值,2025-09,55+,普通,内容种草
C001820,东北,三线及以下,价格敏感,2026-04,35-44,银卡,直播引流
C001821,华东,三线及以下,高价值,2026-04,35-44,普通,线下活动
C001822,华东,新一线,沉睡,2026-02,18-24,普通,内容种草
C001823,西南,二线,新客,2026-05,25-34,金卡,老客推荐
C001824,华中,三线及以下,新客,2025-11,18-24,银卡,自然搜索
C001825,华东,二线,沉睡,2026-07,18-24,金卡,内容种草
C001826,东北,三线及以下,成长型,2026-06,55+,普通,自然搜索
C001827,华东,新一线,成长型,2025-12,18-24,普通,线下活动
C001828,东北,三线及以下,新客,2026-05,18-24,金卡,老客推荐
C001829,华北,新一线,成长型,2026-06,45-54,普通,内容种草
C001830,华北,二线,成长型,2026-07,45-54,银卡,内容种草
C001831,华北,一线,价格敏感,2025-12,55+,银卡,老客推荐
C001832,华东,一线,成长型,2026-02,18-24,普通,自然搜索
C001833,华中,新一线,新客,2025-11,45-54,普通,老客推荐
C001834,华北,二线,沉睡,2026-07,35-44,金卡,老客推荐
C001835,东北,三线及以下,新客,2025-08,18-24,银卡,线下活动
C001836,华东,二线,成长型,2025-12,18-24,普通,自然搜索
C001837,东北,一线,沉睡,2025-09,55+,普通,自然搜索
C001838,华南,二线,成长型,2025-12,35-44,普通,线下活动
C001839,华南,新一线,新客,2026-03,55+,普通,线下活动
C001840,华南,二线,成长型,2025-12,18-24,黑金,内容种草
C001841,东北,二线,成长型,2025-10,45-54,银卡,自然搜索
C001842,华东,二线,沉睡,2026-05,18-24,金卡,直播引流
C001843,东北,新一线,价格敏感,2025-12,55+,黑金,线下活动
C001844,华中,新一线,高价值,2025-09,25-34,金卡,自然搜索
C001845,华东,一线,价格敏感,2025-11,35-44,普通,直播引流
C001846,华中,三线及以下,成长型,2026-01,25-34,金卡,老客推荐
C001847,华南,一线,新客,2026-05,55+,黑金,自然搜索
C001848,华东,新一线,成长型,2026-07,18-24,金卡,线下活动
C001849,华中,三线及以下,高价值,2025-10,35-44,普通,老客推荐
C001850,华东,一线,成长型,2026-06,18-24,黑金,直播引流
C001851,华南,三线及以下,成长型,2025-08,18-24,普通,内容种草
C001852,华东,三线及以下,价格敏感,2025-12,25-34,银卡,直播引流
C001853,西南,一线,价格敏感,2026-01,18-24,黑金,直播引流
C001854,华南,一线,成长型,2025-11,25-34,普通,线下活动
C001855,华中,二线,成长型,2026-01,25-34,银卡,线下活动
C001856,东北,三线及以下,成长型,2025-09,55+,银卡,内容种草
C001857,西南,新一线,价格敏感,2026-04,18-24,银卡,内容种草
C001858,华中,三线及以下,沉睡,2026-06,55+,银卡,内容种草
C001859,华南,三线及以下,价格敏感,2026-05,18-24,银卡,线下活动
C001860,华中,二线,新客,2025-09,55+,黑金,直播引流
C001861,华北,新一线,价格敏感,2026-01,35-44,金卡,自然搜索
C001862,华南,新一线,新客,2025-10,45-54,金卡,老客推荐
C001863,西南,新一线,沉睡,2026-03,55+,银卡,老客推荐
C001864,西南,二线,成长型,2026-02,18-24,普通,自然搜索
C001865,华东,二线,价格敏感,2026-02,18-24,普通,老客推荐
C001866,东北,二线,成长型,2025-09,55+,普通,内容种草
C001867,华东,三线及以下,价格敏感,2025-12,18-24,金卡,自然搜索
C001868,华北,新一线,沉睡,2026-07,25-34,普通,老客推荐
C001869,华南,三线及以下,高价值,2026-02,18-24,银卡,直播引流
C001870,华东,新一线,高价值,2026-02,45-54,银卡,内容种草
C001871,华南,三线及以下,成长型,2026-01,55+,金卡,老客推荐
C001872,华北,三线及以下,成长型,2026-03,25-34,普通,内容种草
C001873,华南,新一线,成长型,2026-03,55+,普通,内容种草
C001874,华东,一线,新客,2025-11,45-54,普通,内容种草
C001875,华中,二线,价格敏感,2026-07,55+,银卡,直播引流
C001876,华中,新一线,新客,2026-02,35-44,黑金,直播引流
C001877,华中,二线,高价值,2026-06,55+,银卡,线下活动
C001878,华东,二线,新客,2026-04,35-44,银卡,线下活动
C001879,华东,一线,沉睡,2026-04,55+,银卡,老客推荐
C001880,东北,三线及以下,沉睡,2026-06,25-34,银卡,内容种草
C001881,东北,三线及以下,成长型,2026-04,45-54,银卡,线下活动
C001882,华中,一线,高价值,2025-11,18-24,普通,自然搜索
C001883,华北,新一线,成长型,2025-12,45-54,普通,线下活动
C001884,华东,新一线,成长型,2026-04,45-54,金卡,老客推荐
C001885,华东,二线,价格敏感,2025-10,55+,银卡,老客推荐
C001886,华北,新一线,价格敏感,2026-07,55+,金卡,老客推荐
C001887,华南,新一线,价格敏感,2026-02,25-34,普通,直播引流
C001888,华北,新一线,价格敏感,2025-12,25-34,普通,内容种草
C001889,华东,一线,价格敏感,2026-01,55+,银卡,直播引流
C001890,华东,二线,新客,2026-01,45-54,黑金,老客推荐
C001891,东北,二线,沉睡,2026-07,18-24,普通,老客推荐
C001892,西南,二线,成长型,2026-02,18-24,银卡,直播引流
C001893,华南,三线及以下,价格敏感,2025-11,55+,金卡,线下活动
C001894,西南,三线及以下,价格敏感,2025-10,45-54,普通,直播引流
C001895,华南,新一线,成长型,2026-06,35-44,金卡,老客推荐
C001896,华南,新一线,价格敏感,2026-03,35-44,普通,线下活动
C001897,华中,二线,成长型,2026-02,45-54,银卡,自然搜索
C001898,东北,二线,价格敏感,2026-01,55+,银卡,内容种草
C001899,华东,三线及以下,价格敏感,2025-12,55+,普通,内容种草
C001900,华北,二线,价格敏感,2025-11,35-44,银卡,内容种草
C001901,华东,新一线,价格敏感,2026-03,18-24,金卡,线下活动
C001902,华中,三线及以下,沉睡,2025-09,45-54,普通,直播引流
C001903,华南,二线,价格敏感,2026-05,55+,普通,自然搜索
C001904,东北,三线及以下,新客,2025-09,55+,金卡,老客推荐
C001905,华北,二线,沉睡,2025-11,18-24,银卡,线下活动
C001906,华中,新一线,成长型,2026-03,55+,普通,自然搜索
C001907,华北,三线及以下,价格敏感,2026-07,25-34,普通,内容种草
C001908,东北,新一线,新客,2026-03,35-44,银卡,直播引流
C001909,华北,一线,价格敏感,2026-03,55+,普通,内容种草
C001910,华南,三线及以下,价格敏感,2026-01,25-34,黑金,自然搜索
C001911,华北,新一线,价格敏感,2026-04,18-24,银卡,线下活动
C001912,华中,三线及以下,价格敏感,2026-04,55+,普通,线下活动
C001913,东北,二线,新客,2026-07,45-54,银卡,自然搜索
C001914,华南,二线,成长型,2026-07,18-24,金卡,自然搜索
C001915,华南,二线,价格敏感,2026-05,18-24,普通,线下活动
C001916,华南,二线,价格敏感,2026-05,25-34,普通,内容种草
C001917,华北,一线,沉睡,2026-01,45-54,金卡,自然搜索
C001918,华南,新一线,价格敏感,2026-05,35-44,金卡,老客推荐
C001919,东北,新一线,高价值,2026-07,18-24,普通,内容种草
C001920,华南,新一线,高价值,2025-10,25-34,普通,直播引流
C001921,华南,一线,沉睡,2026-01,55+,黑金,线下活动
C001922,西南,二线,成长型,2026-04,45-54,普通,老客推荐
C001923,华中,三线及以下,高价值,2025-10,35-44,普通,老客推荐
C001924,东北,一线,成长型,2025-11,18-24,银卡,自然搜索
C001925,华东,三线及以下,新客,2026-07,25-34,银卡,内容种草
C001926,西南,一线,新客,2025-12,35-44,金卡,线下活动
C001927,华东,一线,新客,2026-06,18-24,普通,老客推荐
C001928,东北,新一线,沉睡,2025-09,45-54,普通,直播引流
C001929,华东,二线,成长型,2026-03,55+,普通,直播引流
C001930,华东,一线,成长型,2026-07,55+,普通,内容种草
C001931,东北,新一线,价格敏感,2026-02,18-24,银卡,内容种草
C001932,西南,新一线,成长型,2026-01,55+,金卡,自然搜索
C001933,华中,三线及以下,新客,2026-03,18-24,银卡,直播引流
C001934,东北,一线,价格敏感,2026-01,25-34,黑金,线下活动
C001935,华中,新一线,价格敏感,2026-02,55+,黑金,直播引流
C001936,西南,三线及以下,高价值,2026-01,18-24,黑金,直播引流
C001937,华东,三线及以下,新客,2025-11,18-24,银卡,老客推荐
C001938,华北,二线,成长型,2025-11,25-34,普通,线下活动
C001939,华北,一线,新客,2025-09,45-54,金卡,线下活动
C001940,西南,一线,价格敏感,2026-04,55+,银卡,内容种草
C001941,东北,二线,新客,2025-12,55+,普通,自然搜索
C001942,华中,新一线,价格敏感,2026-03,18-24,银卡,老客推荐
C001943,华北,二线,价格敏感,2026-06,45-54,银卡,内容种草
C001944,华中,新一线,成长型,2026-07,55+,金卡,老客推荐
C001945,东北,新一线,新客,2025-12,25-34,金卡,线下活动
C001946,华东,新一线,成长型,2025-10,45-54,银卡,直播引流
C001947,华东,三线及以下,成长型,2026-06,45-54,黑金,自然搜索
C001948,华中,二线,成长型,2025-09,55+,金卡,自然搜索
C001949,华北,一线,成长型,2025-10,25-34,银卡,老客推荐
C001950,华东,新一线,成长型,2026-05,25-34,普通,直播引流
C001951,东北,新一线,成长型,2026-03,18-24,普通,线下活动
C001952,东北,新一线,高价值,2025-10,45-54,普通,内容种草
C001953,华中,一线,高价值,2025-11,35-44,银卡,老客推荐
C001954,华北,新一线,沉睡,2026-05,55+,普通,自然搜索
C001955,华南,三线及以下,成长型,2026-06,25-34,金卡,内容种草
C001956,华北,三线及以下,新客,2026-03,35-44,普通,自然搜索
C001957,华北,新一线,价格敏感,2026-07,45-54,普通,老客推荐
C001958,华北,新一线,成长型,2025-12,25-34,银卡,内容种草
C001959,西南,一线,价格敏感,2025-12,35-44,银卡,自然搜索
C001960,西南,二线,新客,2025-11,25-34,银卡,直播引流
C001961,华东,二线,沉睡,2026-02,25-34,银卡,自然搜索
C001962,华东,三线及以下,价格敏感,2025-12,35-44,金卡,内容种草
C001963,东北,三线及以下,成长型,2026-05,25-34,黑金,自然搜索
C001964,华南,二线,沉睡,2026-03,25-34,银卡,老客推荐
C001965,华南,一线,成长型,2025-12,55+,金卡,内容种草
C001966,华南,一线,价格敏感,2026-02,18-24,普通,线下活动
C001967,华北,新一线,高价值,2026-07,25-34,银卡,老客推荐
C001968,西南,一线,成长型,2026-03,25-34,普通,线下活动
C001969,华北,新一线,价格敏感,2026-07,18-24,银卡,直播引流
C001970,华东,一线,沉睡,2025-08,45-54,银卡,直播引流
C001971,华东,三线及以下,成长型,2025-10,35-44,普通,线下活动
C001972,华南,新一线,成长型,2025-09,25-34,普通,自然搜索
C001973,西南,新一线,成长型,2025-12,18-24,普通,自然搜索
C001974,华东,三线及以下,价格敏感,2026-05,25-34,银卡,内容种草
C001975,东北,二线,沉睡,2026-02,18-24,普通,自然搜索
C001976,华南,三线及以下,新客,2025-11,45-54,金卡,直播引流
C001977,华中,新一线,新客,2026-07,35-44,银卡,自然搜索
C001978,东北,新一线,新客,2026-06,18-24,普通,线下活动
C001979,华中,三线及以下,新客,2025-08,25-34,普通,老客推荐
C001980,华北,二线,沉睡,2025-09,35-44,普通,线下活动
C001981,华东,二线,高价值,2026-02,25-34,普通,自然搜索
C001982,华北,新一线,成长型,2026-06,18-24,普通,内容种草
C001983,西南,二线,新客,2026-02,55+,银卡,自然搜索
C001984,华北,新一线,新客,2026-02,25-34,普通,直播引流
C001985,华中,二线,沉睡,2026-02,45-54,金卡,直播引流
C001986,华东,新一线,新客,2026-06,55+,银卡,线下活动
C001987,华南,一线,成长型,2026-02,25-34,普通,线下活动
C001988,华中,二线,新客,2026-04,18-24,银卡,自然搜索
C001989,华南,三线及以下,成长型,2026-04,45-54,普通,自然搜索
C001990,华东,三线及以下,成长型,2025-09,45-54,金卡,线下活动
C001991,华南,三线及以下,价格敏感,2025-09,55+,普通,线下活动
C001992,东北,二线,价格敏感,2026-04,25-34,普通,内容种草
C001993,东北,三线及以下,高价值,2026-01,45-54,金卡,自然搜索
C001994,华北,二线,新客,2026-06,18-24,普通,自然搜索
C001995,东北,三线及以下,高价值,2025-08,35-44,普通,老客推荐
C001996,华东,新一线,新客,2025-11,35-44,银卡,自然搜索
C001997,西南,二线,沉睡,2026-07,18-24,黑金,老客推荐
C001998,华中,三线及以下,高价值,2026-07,25-34,黑金,直播引流
C001999,华东,一线,成长型,2025-10,35-44,银卡,老客推荐
C002000,华东,三线及以下,新客,2026-07,55+,银卡,内容种草
C002001,华北,二线,成长型,2025-10,25-34,金卡,直播引流
C002002,华北,新一线,成长型,2026-02,45-54,金卡,线下活动
C002003,华南,三线及以下,沉睡,2026-03,45-54,普通,老客推荐
C002004,华东,二线,新客,2026-07,25-34,金卡,内容种草
C002005,华南,二线,成长型,2026-07,35-44,黑金,直播引流
C002006,华中,三线及以下,沉睡,2026-07,25-34,普通,老客推荐
C002007,东北,二线,成长型,2025-09,45-54,普通,自然搜索
C002008,西南,二线,成长型,2025-11,55+,黑金,直播引流
C002009,华南,新一线,高价值,2026-04,45-54,普通,自然搜索
C002010,华中,三线及以下,新客,2026-07,35-44,金卡,老客推荐
C002011,华南,三线及以下,新客,2026-02,18-24,银卡,老客推荐
C002012,华东,一线,高价值,2025-10,18-24,普通,自然搜索
C002013,华中,二线,新客,2025-08,18-24,普通,老客推荐
C002014,华中,三线及以下,成长型,2026-05,55+,黑金,老客推荐
C002015,华中,新一线,价格敏感,2025-08,45-54,金卡,自然搜索
C002016,华南,三线及以下,成长型,2025-10,55+,普通,内容种草
C002017,华东,三线及以下,成长型,2026-05,35-44,金卡,直播引流
C002018,华东,三线及以下,成长型,2025-11,55+,普通,直播引流
C002019,华东,二线,价格敏感,2026-05,35-44,金卡,自然搜索
C002020,华北,一线,价格敏感,2025-10,18-24,银卡,线下活动
C002021,华北,一线,新客,2025-10,35-44,普通,自然搜索
C002022,东北,三线及以下,成长型,2026-05,25-34,银卡,老客推荐
C002023,华北,新一线,价格敏感,2026-01,45-54,金卡,内容种草
C002024,西南,一线,高价值,2026-04,45-54,普通,线下活动
C002025,西南,新一线,成长型,2025-11,35-44,黑金,线下活动
C002026,华南,新一线,价格敏感,2025-12,35-44,银卡,线下活动
C002027,华中,二线,沉睡,2025-12,35-44,黑金,线下活动
C002028,华东,一线,价格敏感,2026-05,25-34,银卡,老客推荐
C002029,西南,新一线,价格敏感,2026-05,45-54,银卡,直播引流
C002030,东北,二线,价格敏感,2026-01,55+,普通,自然搜索
C002031,华中,新一线,价格敏感,2026-02,25-34,黑金,直播引流
C002032,华东,二线,价格敏感,2026-01,25-34,银卡,内容种草
C002033,东北,三线及以下,价格敏感,2026-07,55+,普通,直播引流
C002034,华东,二线,成长型,2026-04,45-54,金卡,自然搜索
C002035,东北,三线及以下,价格敏感,2026-02,18-24,银卡,自然搜索
C002036,西南,二线,价格敏感,2025-08,45-54,普通,老客推荐
C002037,华东,新一线,新客,2025-12,45-54,银卡,直播引流
C002038,华东,三线及以下,沉睡,2025-12,18-24,普通,直播引流
C002039,东北,新一线,沉睡,2025-10,18-24,金卡,直播引流
C002040,西南,一线,高价值,2026-01,18-24,普通,自然搜索
C002041,华中,三线及以下,价格敏感,2025-08,25-34,普通,直播引流
C002042,东北,三线及以下,高价值,2026-07,55+,金卡,直播引流
C002043,华南,新一线,成长型,2025-09,35-44,金卡,自然搜索
C002044,西南,新一线,沉睡,2026-04,35-44,银卡,老客推荐
C002045,华东,三线及以下,成长型,2026-06,35-44,金卡,直播引流
C002046,华东,二线,价格敏感,2026-03,18-24,银卡,自然搜索
C002047,西南,新一线,价格敏感,2025-08,25-34,普通,老客推荐
C002048,华中,二线,新客,2025-12,45-54,银卡,老客推荐
C002049,华东,二线,成长型,2025-12,45-54,金卡,老客推荐
C002050,华北,二线,价格敏感,2026-03,25-34,普通,直播引流
C002051,华北,二线,成长型,2025-08,18-24,普通,自然搜索
C002052,华南,二线,价格敏感,2025-11,35-44,金卡,老客推荐
C002053,华东,二线,成长型,2026-01,45-54,普通,老客推荐
C002054,华中,三线及以下,沉睡,2026-06,25-34,普通,内容种草
C002055,华东,一线,新客,2026-06,18-24,普通,自然搜索
C002056,华南,三线及以下,价格敏感,2025-08,55+,金卡,线下活动
C002057,西南,新一线,高价值,2025-08,35-44,普通,线下活动
C002058,西南,三线及以下,成长型,2025-09,18-24,银卡,内容种草
C002059,华南,三线及以下,沉睡,2025-09,45-54,金卡,线下活动
C002060,华东,新一线,价格敏感,2026-01,18-24,普通,老客推荐
C002061,华南,新一线,成长型,2025-12,45-54,金卡,老客推荐
C002062,华北,新一线,成长型,2025-12,18-24,金卡,直播引流
C002063,华北,二线,价格敏感,2026-04,35-44,黑金,直播引流
C002064,华中,新一线,沉睡,2025-09,18-24,普通,老客推荐
C002065,华北,二线,沉睡,2026-02,18-24,普通,自然搜索
C002066,华南,二线,高价值,2025-12,55+,金卡,线下活动
C002067,华东,二线,新客,2025-11,18-24,普通,线下活动
C002068,华东,二线,新客,2026-07,45-54,金卡,线下活动
C002069,华东,一线,新客,2025-09,18-24,普通,直播引流
C002070,华北,一线,沉睡,2026-07,18-24,普通,自然搜索
C002071,华南,二线,高价值,2026-04,35-44,普通,自然搜索
C002072,华东,二线,价格敏感,2026-03,25-34,普通,线下活动
C002073,东北,新一线,价格敏感,2026-03,25-34,金卡,直播引流
C002074,华南,三线及以下,沉睡,2026-04,55+,普通,自然搜索
C002075,华南,二线,价格敏感,2026-01,35-44,普通,线下活动
C002076,华东,新一线,价格敏感,2026-02,45-54,普通,线下活动
C002077,西南,一线,新客,2026-04,18-24,普通,线下活动
C002078,华南,三线及以下,价格敏感,2026-07,18-24,银卡,线下活动
C002079,华南,二线,成长型,2026-02,25-34,普通,内容种草
C002080,西南,新一线,高价值,2026-06,55+,普通,自然搜索
C002081,华东,二线,成长型,2026-01,18-24,银卡,直播引流
C002082,华南,二线,高价值,2026-05,45-54,银卡,线下活动
C002083,华东,新一线,沉睡,2026-07,55+,银卡,自然搜索
C002084,西南,新一线,成长型,2025-09,25-34,普通,老客推荐
C002085,东北,三线及以下,新客,2026-02,45-54,银卡,内容种草
C002086,华北,一线,成长型,2026-05,45-54,普通,直播引流
C002087,华南,新一线,成长型,2026-07,55+,金卡,内容种草
C002088,华南,三线及以下,沉睡,2025-08,18-24,金卡,内容种草
C002089,西南,三线及以下,沉睡,2026-01,45-54,金卡,内容种草
C002090,华南,一线,沉睡,2025-11,35-44,普通,直播引流
C002091,华东,二线,成长型,2026-01,35-44,普通,内容种草
C002092,华东,新一线,价格敏感,2025-11,35-44,普通,老客推荐
C002093,东北,一线,沉睡,2025-12,35-44,黑金,直播引流
C002094,华中,二线,成长型,2026-02,45-54,普通,线下活动
C002095,华南,三线及以下,沉睡,2026-03,45-54,普通,自然搜索
C002096,华北,三线及以下,价格敏感,2025-09,55+,银卡,老客推荐
C002097,华东,三线及以下,成长型,2025-08,45-54,银卡,内容种草
C002098,华南,三线及以下,新客,2026-01,18-24,银卡,直播引流
C002099,华东,三线及以下,成长型,2026-02,35-44,银卡,内容种草
C002100,华南,新一线,价格敏感,2026-05,55+,银卡,线下活动
C002101,华南,二线,成长型,2026-02,18-24,金卡,线下活动
C002102,华东,二线,新客,2026-03,18-24,普通,内容种草
C002103,西南,一线,高价值,2025-08,55+,普通,线下活动
C002104,华东,二线,价格敏感,2026-03,55+,普通,自然搜索
C002105,华中,二线,沉睡,2026-05,35-44,银卡,线下活动
C002106,华北,新一线,成长型,2026-07,45-54,普通,线下活动
C002107,华东,新一线,新客,2026-02,45-54,普通,直播引流
C002108,东北,二线,价格敏感,2026-03,55+,普通,线下活动
C002109,华北,二线,价格敏感,2026-05,45-54,普通,直播引流
C002110,华南,二线,成长型,2026-04,45-54,普通,自然搜索
C002111,华东,三线及以下,沉睡,2026-02,18-24,普通,老客推荐
C002112,华东,三线及以下,价格敏感,2025-12,18-24,银卡,自然搜索
C002113,西南,一线,价格敏感,2025-09,35-44,普通,线下活动
C002114,西南,三线及以下,高价值,2026-04,55+,金卡,自然搜索
C002115,华中,三线及以下,新客,2025-11,45-54,金卡,老客推荐
C002116,华东,三线及以下,高价值,2026-02,45-54,普通,线下活动
C002117,华北,一线,价格敏感,2025-09,18-24,普通,直播引流
C002118,华中,三线及以下,成长型,2025-10,18-24,金卡,老客推荐
C002119,华北,二线,价格敏感,2026-05,45-54,银卡,线下活动
C002120,华东,二线,高价值,2025-11,55+,银卡,线下活动
C002121,华南,三线及以下,成长型,2025-12,35-44,银卡,自然搜索
C002122,华南,三线及以下,高价值,2025-08,45-54,金卡,内容种草
C002123,华中,一线,成长型,2025-12,25-34,普通,直播引流
C002124,华北,新一线,沉睡,2026-03,55+,普通,自然搜索
C002125,华南,二线,高价值,2026-06,25-34,银卡,直播引流
C002126,华北,新一线,价格敏感,2025-11,55+,金卡,老客推荐
C002127,东北,二线,沉睡,2026-07,25-34,金卡,内容种草
C002128,华中,一线,高价值,2025-08,25-34,金卡,老客推荐
C002129,华中,三线及以下,新客,2025-09,45-54,普通,老客推荐
C002130,华东,二线,沉睡,2026-02,25-34,银卡,直播引流
C002131,华东,新一线,成长型,2025-08,18-24,普通,自然搜索
C002132,华东,二线,成长型,2026-02,55+,黑金,老客推荐
C002133,华中,三线及以下,价格敏感,2025-12,18-24,普通,直播引流
C002134,华东,一线,沉睡,2025-11,25-34,银卡,自然搜索
C002135,华北,二线,价格敏感,2026-03,18-24,普通,老客推荐
C002136,西南,新一线,价格敏感,2026-06,35-44,金卡,直播引流
C002137,东北,二线,成长型,2025-12,18-24,普通,自然搜索
C002138,华中,三线及以下,沉睡,2025-09,25-34,银卡,老客推荐
C002139,华中,三线及以下,成长型,2026-06,18-24,普通,内容种草
C002140,华北,三线及以下,成长型,2025-12,25-34,银卡,老客推荐
C002141,华北,二线,新客,2025-09,35-44,普通,老客推荐
C002142,西南,二线,价格敏感,2026-02,55+,金卡,内容种草
C002143,东北,新一线,高价值,2025-08,45-54,银卡,老客推荐
C002144,东北,二线,成长型,2025-11,25-34,银卡,老客推荐
C002145,华东,二线,新客,2026-07,55+,普通,内容种草
C002146,华南,三线及以下,价格敏感,2025-09,55+,普通,内容种草
C002147,西南,三线及以下,高价值,2025-09,45-54,金卡,老客推荐
C002148,华东,一线,价格敏感,2026-07,25-34,普通,自然搜索
C002149,东北,二线,新客,2026-07,45-54,银卡,老客推荐
C002150,华中,三线及以下,高价值,2026-02,55+,普通,内容种草
C002151,东北,一线,价格敏感,2026-03,45-54,黑金,自然搜索
C002152,东北,二线,新客,2026-04,25-34,银卡,直播引流
C002153,华南,一线,价格敏感,2025-08,45-54,金卡,直播引流
C002154,西南,三线及以下,沉睡,2025-10,45-54,黑金,老客推荐
C002155,华南,三线及以下,价格敏感,2026-05,25-34,银卡,直播引流
C002156,华北,三线及以下,成长型,2025-08,45-54,普通,自然搜索
C002157,西南,新一线,沉睡,2026-01,25-34,银卡,内容种草
C002158,华中,一线,成长型,2026-05,25-34,普通,老客推荐
C002159,华中,二线,新客,2026-04,45-54,普通,老客推荐
C002160,西南,一线,成长型,2025-08,35-44,银卡,自然搜索
C002161,华南,三线及以下,价格敏感,2025-11,45-54,银卡,直播引流
C002162,华东,一线,成长型,2026-06,25-34,普通,线下活动
C002163,华中,一线,新客,2026-01,25-34,普通,内容种草
C002164,华东,三线及以下,沉睡,2026-04,18-24,银卡,自然搜索
C002165,华南,二线,价格敏感,2025-09,35-44,银卡,老客推荐
C002166,西南,一线,新客,2026-06,35-44,普通,老客推荐
C002167,西南,一线,新客,2025-08,55+,普通,线下活动
C002168,华南,二线,沉睡,2025-08,18-24,银卡,内容种草
C002169,东北,三线及以下,高价值,2025-09,25-34,银卡,直播引流
C002170,东北,三线及以下,成长型,2025-09,45-54,普通,直播引流
C002171,华东,一线,成长型,2025-08,45-54,普通,线下活动
C002172,东北,新一线,新客,2026-03,35-44,银卡,自然搜索
C002173,西南,新一线,成长型,2026-06,18-24,金卡,直播引流
C002174,华北,新一线,高价值,2025-10,45-54,银卡,老客推荐
C002175,华南,三线及以下,高价值,2026-06,18-24,金卡,线下活动
C002176,华东,一线,成长型,2026-03,45-54,普通,线下活动
C002177,华南,三线及以下,价格敏感,2026-01,18-24,普通,老客推荐
C002178,华东,新一线,价格敏感,2026-01,35-44,普通,内容种草
C002179,华北,三线及以下,成长型,2025-11,25-34,普通,直播引流
C002180,西南,新一线,高价值,2026-04,25-34,银卡,线下活动
C002181,华北,新一线,沉睡,2026-04,45-54,普通,自然搜索
C002182,华北,二线,成长型,2026-02,45-54,普通,自然搜索
C002183,西南,三线及以下,价格敏感,2026-06,45-54,普通,老客推荐
C002184,华东,新一线,成长型,2026-04,55+,普通,直播引流
C002185,华东,新一线,新客,2026-04,55+,普通,线下活动
C002186,华南,新一线,成长型,2025-11,18-24,金卡,老客推荐
C002187,东北,二线,价格敏感,2026-01,55+,普通,直播引流
C002188,西南,三线及以下,成长型,2025-09,45-54,普通,直播引流
C002189,西南,新一线,沉睡,2026-03,35-44,金卡,内容种草
C002190,华东,新一线,价格敏感,2026-01,35-44,金卡,直播引流
C002191,华东,二线,成长型,2026-04,25-34,银卡,内容种草
C002192,华东,二线,价格敏感,2026-01,35-44,银卡,线下活动
C002193,华中,一线,新客,2025-08,55+,普通,老客推荐
C002194,华北,一线,高价值,2026-05,45-54,金卡,自然搜索
C002195,华中,一线,新客,2025-11,55+,普通,自然搜索
C002196,华北,一线,成长型,2026-01,35-44,金卡,线下活动
C002197,华北,一线,新客,2025-10,18-24,黑金,自然搜索
C002198,华北,新一线,价格敏感,2026-07,45-54,普通,自然搜索
C002199,华中,新一线,价格敏感,2026-04,25-34,银卡,线下活动
C002200,华南,三线及以下,价格敏感,2026-01,35-44,金卡,直播引流
C002201,华北,新一线,沉睡,2026-06,35-44,普通,直播引流
C002202,华北,三线及以下,价格敏感,2026-02,25-34,普通,自然搜索
C002203,华北,二线,成长型,2026-04,18-24,普通,内容种草
C002204,华中,新一线,价格敏感,2025-10,25-34,普通,老客推荐
C002205,华北,二线,价格敏感,2026-07,25-34,银卡,直播引流
C002206,华南,新一线,价格敏感,2026-05,55+,银卡,直播引流
C002207,华东,三线及以下,高价值,2026-05,45-54,普通,自然搜索
C002208,华南,三线及以下,沉睡,2026-01,45-54,金卡,老客推荐
C002209,华南,二线,价格敏感,2026-01,45-54,金卡,线下活动
C002210,华南,一线,价格敏感,2026-02,25-34,普通,自然搜索
C002211,华东,新一线,新客,2026-06,25-34,银卡,线下活动
C002212,华东,三线及以下,成长型,2026-05,45-54,银卡,自然搜索
C002213,东北,二线,沉睡,2026-03,45-54,普通,内容种草
C002214,华东,二线,价格敏感,2026-05,35-44,银卡,自然搜索
C002215,华北,二线,成长型,2026-03,25-34,普通,线下活动
C002216,华中,二线,沉睡,2025-11,45-54,银卡,内容种草
C002217,华东,新一线,价格敏感,2025-10,25-34,普通,直播引流
C002218,东北,一线,价格敏感,2026-03,18-24,黑金,内容种草
C002219,华北,新一线,价格敏感,2026-01,55+,普通,线下活动
C002220,华东,新一线,沉睡,2025-10,18-24,银卡,线下活动
C002221,西南,二线,成长型,2025-08,25-34,黑金,自然搜索
C002222,华中,三线及以下,新客,2025-12,25-34,银卡,自然搜索
C002223,西南,新一线,价格敏感,2025-09,35-44,银卡,直播引流
C002224,西南,新一线,新客,2026-06,25-34,金卡,内容种草
C002225,华南,二线,沉睡,2026-05,35-44,普通,内容种草
C002226,华东,二线,高价值,2026-03,35-44,普通,老客推荐
C002227,华南,新一线,新客,2026-03,55+,普通,老客推荐
C002228,华中,三线及以下,成长型,2025-09,25-34,普通,老客推荐
C002229,华北,一线,价格敏感,2026-03,18-24,普通,老客推荐
C002230,西南,新一线,价格敏感,2025-08,25-34,普通,线下活动
C002231,华北,三线及以下,高价值,2026-03,55+,普通,线下活动
C002232,西南,一线,价格敏感,2025-09,25-34,金卡,老客推荐
C002233,华中,一线,价格敏感,2026-05,45-54,普通,直播引流
C002234,华北,三线及以下,价格敏感,2026-05,25-34,银卡,老客推荐
C002235,华南,一线,沉睡,2025-11,25-34,普通,自然搜索
C002236,华北,三线及以下,新客,2026-07,18-24,金卡,老客推荐
C002237,华东,三线及以下,新客,2026-05,18-24,普通,自然搜索
C002238,华中,二线,成长型,2026-05,35-44,黑金,直播引流
C002239,东北,二线,沉睡,2026-02,18-24,普通,自然搜索
C002240,华北,新一线,成长型,2026-02,18-24,普通,自然搜索
C002241,华南,三线及以下,价格敏感,2025-12,45-54,黑金,内容种草
C002242,西南,二线,沉睡,2025-10,18-24,银卡,线下活动
C002243,华东,新一线,价格敏感,2025-11,25-34,银卡,直播引流
C002244,华北,新一线,新客,2025-11,55+,普通,内容种草
C002245,华南,一线,高价值,2026-05,25-34,金卡,线下活动
C002246,华南,新一线,成长型,2026-07,55+,银卡,自然搜索
C002247,华南,三线及以下,沉睡,2026-07,35-44,普通,老客推荐
C002248,华中,新一线,成长型,2026-05,18-24,普通,直播引流
C002249,华东,新一线,成长型,2026-04,18-24,普通,老客推荐
C002250,华北,二线,沉睡,2026-02,18-24,普通,线下活动
C002251,华北,三线及以下,成长型,2026-05,35-44,普通,自然搜索
C002252,华东,新一线,价格敏感,2026-02,18-24,普通,老客推荐
C002253,华东,新一线,成长型,2025-09,35-44,金卡,内容种草
C002254,华中,新一线,高价值,2025-10,35-44,银卡,线下活动
C002255,华北,二线,沉睡,2025-08,35-44,普通,老客推荐
C002256,华南,三线及以下,成长型,2025-08,18-24,普通,自然搜索
C002257,东北,二线,沉睡,2025-08,18-24,银卡,自然搜索
C002258,华北,二线,价格敏感,2026-02,55+,银卡,自然搜索
C002259,华南,一线,价格敏感,2026-07,35-44,普通,内容种草
C002260,华北,二线,成长型,2025-09,25-34,普通,自然搜索
C002261,东北,三线及以下,新客,2025-11,25-34,银卡,线下活动
C002262,华中,二线,新客,2025-12,35-44,普通,老客推荐
C002263,华北,新一线,新客,2025-10,55+,银卡,线下活动
C002264,华南,新一线,成长型,2025-08,25-34,金卡,内容种草
C002265,华南,二线,沉睡,2026-01,18-24,金卡,内容种草
C002266,西南,三线及以下,成长型,2026-07,18-24,普通,线下活动
C002267,华东,三线及以下,成长型,2026-02,18-24,普通,直播引流
C002268,华东,二线,新客,2026-02,45-54,普通,直播引流
C002269,东北,一线,成长型,2025-10,45-54,普通,直播引流
C002270,华北,三线及以下,新客,2025-10,35-44,银卡,内容种草
C002271,华中,一线,高价值,2025-08,25-34,金卡,自然搜索
C002272,华北,新一线,成长型,2025-08,45-54,银卡,老客推荐
C002273,华南,三线及以下,价格敏感,2026-05,25-34,银卡,直播引流
C002274,华东,一线,沉睡,2026-04,18-24,金卡,直播引流
C002275,华南,三线及以下,成长型,2026-03,45-54,普通,自然搜索
C002276,华北,新一线,新客,2026-06,35-44,金卡,直播引流
C002277,华北,一线,成长型,2026-02,35-44,普通,线下活动
C002278,华中,新一线,价格敏感,2025-11,25-34,黑金,老客推荐
C002279,西南,二线,新客,2026-04,18-24,金卡,自然搜索
C002280,华北,新一线,成长型,2025-10,18-24,金卡,老客推荐
C002281,华南,新一线,沉睡,2026-03,25-34,金卡,自然搜索
C002282,华南,二线,沉睡,2025-08,18-24,黑金,直播引流
C002283,东北,三线及以下,成长型,2026-07,45-54,普通,直播引流
C002284,华北,三线及以下,新客,2026-07,45-54,金卡,内容种草
C002285,西南,新一线,成长型,2025-12,18-24,银卡,线下活动
C002286,华东,二线,新客,2026-06,25-34,黑金,老客推荐
C002287,东北,二线,新客,2026-03,25-34,银卡,内容种草
C002288,华南,一线,沉睡,2026-04,25-34,银卡,线下活动
C002289,东北,新一线,价格敏感,2026-07,25-34,普通,直播引流
C002290,华北,新一线,高价值,2025-11,45-54,普通,线下活动
C002291,东北,二线,沉睡,2026-03,45-54,黑金,老客推荐
C002292,华中,二线,高价值,2025-11,18-24,普通,内容种草
C002293,华南,二线,沉睡,2026-02,45-54,普通,线下活动
C002294,东北,新一线,新客,2026-05,45-54,银卡,线下活动
C002295,华南,新一线,价格敏感,2026-05,18-24,金卡,内容种草
C002296,东北,一线,成长型,2026-04,25-34,黑金,内容种草
C002297,华中,二线,高价值,2025-08,55+,银卡,老客推荐
C002298,华北,一线,沉睡,2026-07,35-44,黑金,直播引流
C002299,华南,二线,价格敏感,2025-09,55+,普通,老客推荐
C002300,华中,三线及以下,成长型,2026-06,35-44,普通,自然搜索
C002301,西南,二线,成长型,2025-08,45-54,金卡,老客推荐
C002302,东北,二线,成长型,2026-03,25-34,普通,老客推荐
C002303,华东,二线,价格敏感,2025-10,18-24,普通,直播引流
C002304,华中,三线及以下,成长型,2025-12,18-24,银卡,自然搜索
C002305,华中,二线,成长型,2025-09,25-34,黑金,老客推荐
C002306,华北,一线,高价值,2025-12,25-34,普通,直播引流
C002307,华中,一线,新客,2026-07,55+,银卡,内容种草
C002308,华北,二线,价格敏感,2026-03,25-34,金卡,内容种草
C002309,华东,三线及以下,价格敏感,2026-06,18-24,普通,直播引流
C002310,华东,新一线,成长型,2026-07,35-44,普通,线下活动
C002311,华南,一线,新客,2025-12,45-54,普通,老客推荐
C002312,西南,二线,成长型,2026-05,25-34,普通,线下活动
C002313,华东,三线及以下,高价值,2026-03,55+,普通,线下活动
C002314,华南,一线,沉睡,2026-04,35-44,普通,内容种草
C002315,华北,新一线,成长型,2025-10,18-24,普通,直播引流
C002316,华南,三线及以下,价格敏感,2026-02,35-44,银卡,线下活动
C002317,华东,一线,高价值,2025-12,25-34,普通,内容种草
C002318,华中,三线及以下,新客,2026-03,35-44,普通,内容种草
C002319,华东,三线及以下,沉睡,2025-12,55+,普通,直播引流
C002320,华南,一线,新客,2025-08,55+,普通,内容种草
C002321,华东,新一线,沉睡,2026-07,45-54,普通,线下活动
C002322,华东,一线,价格敏感,2026-02,55+,金卡,自然搜索
C002323,华南,新一线,新客,2025-09,25-34,金卡,老客推荐
C002324,华北,二线,价格敏感,2026-06,35-44,银卡,线下活动
C002325,东北,二线,价格敏感,2026-07,55+,银卡,老客推荐
C002326,华中,二线,成长型,2026-03,18-24,普通,线下活动
C002327,华南,二线,成长型,2026-06,35-44,金卡,老客推荐
C002328,华东,一线,新客,2026-01,35-44,银卡,线下活动
C002329,华东,新一线,沉睡,2026-02,18-24,金卡,线下活动
C002330,华东,三线及以下,高价值,2025-08,25-34,黑金,老客推荐
C002331,西南,三线及以下,新客,2025-11,18-24,银卡,自然搜索
C002332,华东,二线,新客,2026-05,35-44,金卡,线下活动
C002333,华南,三线及以下,成长型,2026-05,55+,金卡,内容种草
C002334,华中,二线,价格敏感,2026-03,45-54,黑金,线下活动
C002335,西南,一线,价格敏感,2026-02,45-54,普通,内容种草
C002336,华东,三线及以下,新客,2025-09,25-34,黑金,线下活动
C002337,华南,新一线,沉睡,2026-05,25-34,银卡,线下活动
C002338,华南,二线,高价值,2026-01,35-44,金卡,老客推荐
C002339,东北,三线及以下,沉睡,2025-11,45-54,金卡,老客推荐
C002340,华中,二线,价格敏感,2026-02,45-54,普通,直播引流
C002341,华南,二线,价格敏感,2025-11,35-44,普通,直播引流
C002342,华东,一线,沉睡,2026-05,55+,黑金,内容种草
C002343,华北,二线,价格敏感,2026-02,35-44,金卡,线下活动
C002344,华北,三线及以下,高价值,2026-04,25-34,普通,老客推荐
C002345,华北,三线及以下,价格敏感,2026-06,45-54,金卡,老客推荐
C002346,东北,二线,价格敏感,2025-08,35-44,银卡,线下活动
C002347,华北,新一线,价格敏感,2026-01,45-54,金卡,直播引流
C002348,华中,三线及以下,价格敏感,2026-03,35-44,普通,线下活动
C002349,华东,三线及以下,价格敏感,2025-12,18-24,银卡,自然搜索
C002350,东北,新一线,成长型,2025-08,35-44,普通,线下活动
C002351,华北,新一线,沉睡,2026-07,55+,银卡,自然搜索
C002352,东北,二线,新客,2026-02,25-34,黑金,老客推荐
C002353,西南,新一线,新客,2026-01,18-24,银卡,老客推荐
C002354,华东,三线及以下,成长型,2025-08,55+,银卡,线下活动
C002355,华东,二线,成长型,2025-08,18-24,银卡,直播引流
C002356,华南,一线,成长型,2026-05,55+,普通,直播引流
C002357,西南,三线及以下,成长型,2026-03,55+,金卡,直播引流
C002358,华东,三线及以下,价格敏感,2026-04,55+,金卡,老客推荐
C002359,东北,三线及以下,新客,2025-12,45-54,银卡,老客推荐
C002360,华东,新一线,价格敏感,2026-06,55+,金卡,线下活动
C002361,华东,三线及以下,成长型,2026-07,55+,银卡,线下活动
C002362,东北,三线及以下,新客,2026-05,55+,金卡,内容种草
C002363,西南,新一线,高价值,2026-06,45-54,普通,线下活动
C002364,华南,二线,沉睡,2026-02,55+,银卡,直播引流
C002365,西南,二线,新客,2026-06,55+,银卡,老客推荐
C002366,华南,新一线,新客,2026-01,45-54,普通,线下活动
C002367,华东,二线,新客,2026-03,18-24,普通,线下活动
C002368,西南,二线,新客,2026-05,35-44,普通,内容种草
C002369,华东,一线,沉睡,2025-11,18-24,银卡,老客推荐
C002370,华东,二线,高价值,2026-04,45-54,银卡,内容种草
C002371,华中,二线,沉睡,2026-05,18-24,普通,老客推荐
C002372,西南,二线,新客,2026-02,35-44,黑金,线下活动
C002373,东北,一线,成长型,2025-09,45-54,普通,老客推荐
C002374,华中,新一线,价格敏感,2026-06,45-54,金卡,自然搜索
C002375,华南,一线,新客,2025-09,25-34,银卡,内容种草
C002376,华南,一线,成长型,2025-10,18-24,银卡,老客推荐
C002377,东北,三线及以下,沉睡,2025-10,35-44,金卡,老客推荐
C002378,西南,三线及以下,新客,2025-09,18-24,黑金,内容种草
C002379,华北,三线及以下,价格敏感,2026-02,35-44,普通,老客推荐
C002380,华北,三线及以下,成长型,2026-01,25-34,普通,内容种草
C002381,华东,新一线,沉睡,2026-07,25-34,银卡,内容种草
C002382,华北,二线,高价值,2026-04,18-24,金卡,自然搜索
C002383,西南,三线及以下,沉睡,2026-03,18-24,普通,内容种草
C002384,华东,三线及以下,新客,2025-11,25-34,普通,直播引流
C002385,华南,二线,新客,2026-06,18-24,普通,老客推荐
C002386,东北,一线,价格敏感,2025-10,55+,普通,内容种草
C002387,华中,新一线,成长型,2026-07,18-24,银卡,直播引流
C002388,华南,一线,新客,2026-05,55+,普通,自然搜索
C002389,西南,新一线,成长型,2026-07,18-24,银卡,内容种草
C002390,华东,三线及以下,价格敏感,2025-08,25-34,普通,老客推荐
C002391,华中,二线,成长型,2025-08,25-34,普通,直播引流
C002392,东北,二线,沉睡,2025-08,18-24,金卡,自然搜索
C002393,西南,一线,新客,2025-12,25-34,银卡,线下活动
C002394,华东,一线,新客,2026-04,25-34,银卡,内容种草
C002395,华东,二线,价格敏感,2026-04,35-44,银卡,线下活动
C002396,华北,一线,成长型,2025-08,45-54,普通,内容种草
C002397,华南,一线,价格敏感,2026-03,18-24,普通,内容种草
C002398,华东,新一线,高价值,2026-06,25-34,银卡,直播引流
C002399,东北,一线,价格敏感,2025-11,18-24,金卡,老客推荐
C002400,华北,三线及以下,高价值,2026-06,55+,金卡,内容种草
C002401,华南,一线,新客,2025-11,55+,银卡,内容种草
C002402,华东,新一线,成长型,2026-03,25-34,金卡,线下活动
C002403,华北,新一线,价格敏感,2026-02,55+,普通,内容种草
C002404,东北,三线及以下,价格敏感,2026-07,18-24,金卡,自然搜索
C002405,华北,一线,高价值,2025-09,55+,银卡,老客推荐
C002406,华南,新一线,新客,2025-11,18-24,银卡,线下活动
C002407,华南,二线,价格敏感,2025-10,25-34,普通,老客推荐
C002408,华南,一线,成长型,2026-05,45-54,银卡,自然搜索
C002409,东北,三线及以下,新客,2026-02,35-44,银卡,自然搜索
C002410,华东,三线及以下,成长型,2025-08,18-24,银卡,老客推荐
C002411,华南,二线,价格敏感,2026-06,55+,金卡,线下活动
C002412,华中,二线,成长型,2025-12,45-54,金卡,老客推荐
C002413,东北,新一线,新客,2025-12,35-44,普通,线下活动
C002414,华东,二线,沉睡,2025-11,35-44,银卡,内容种草
C002415,华东,二线,成长型,2026-01,45-54,银卡,内容种草
C002416,华北,一线,沉睡,2025-11,25-34,普通,自然搜索
C002417,东北,新一线,成长型,2025-12,55+,普通,内容种草
C002418,华东,新一线,新客,2026-02,25-34,普通,老客推荐
C002419,东北,新一线,成长型,2026-06,35-44,普通,内容种草
C002420,华东,二线,成长型,2026-03,55+,普通,内容种草
C002421,华中,新一线,新客,2025-11,35-44,银卡,直播引流
C002422,华东,二线,新客,2026-04,45-54,银卡,直播引流
C002423,西南,一线,沉睡,2025-10,18-24,普通,直播引流
C002424,华中,二线,价格敏感,2026-01,55+,普通,线下活动
C002425,西南,二线,高价值,2026-01,25-34,金卡,线下活动
C002426,华北,三线及以下,新客,2026-04,18-24,银卡,内容种草
C002427,华中,一线,价格敏感,2026-02,55+,普通,线下活动
C002428,华东,新一线,新客,2025-09,45-54,银卡,直播引流
C002429,华南,三线及以下,沉睡,2025-09,18-24,银卡,老客推荐
C002430,华东,二线,沉睡,2026-01,18-24,黑金,老客推荐
C002431,华北,新一线,新客,2025-12,35-44,黑金,线下活动
C002432,华北,新一线,沉睡,2026-03,45-54,银卡,老客推荐
C002433,华南,三线及以下,高价值,2026-01,55+,普通,自然搜索
C002434,华东,二线,成长型,2025-10,18-24,银卡,线下活动
C002435,华中,一线,价格敏感,2025-08,45-54,普通,内容种草
C002436,华中,二线,沉睡,2025-09,35-44,普通,内容种草
C002437,东北,二线,成长型,2025-08,35-44,金卡,内容种草
C002438,西南,二线,价格敏感,2026-06,55+,普通,老客推荐
C002439,华南,新一线,成长型,2025-08,45-54,普通,直播引流
C002440,华南,三线及以下,价格敏感,2026-07,25-34,银卡,自然搜索
C002441,华南,一线,沉睡,2026-03,45-54,银卡,直播引流
C002442,华北,一线,新客,2025-11,35-44,普通,老客推荐
C002443,华北,新一线,成长型,2026-06,55+,金卡,线下活动
C002444,华中,二线,高价值,2026-03,45-54,普通,直播引流
C002445,华南,二线,成长型,2026-07,25-34,金卡,自然搜索
C002446,东北,新一线,沉睡,2026-02,25-34,普通,内容种草
C002447,华东,三线及以下,新客,2026-01,45-54,普通,自然搜索
C002448,西南,一线,成长型,2026-04,18-24,普通,线下活动
C002449,华东,三线及以下,新客,2026-04,45-54,银卡,直播引流
C002450,西南,三线及以下,高价值,2025-08,45-54,普通,老客推荐
C002451,华东,新一线,沉睡,2025-08,55+,金卡,内容种草
C002452,西南,三线及以下,成长型,2026-04,45-54,普通,直播引流
C002453,华北,二线,成长型,2025-10,25-34,银卡,老客推荐
C002454,华中,三线及以下,沉睡,2025-09,18-24,银卡,自然搜索
C002455,华东,三线及以下,高价值,2026-06,45-54,普通,直播引流
C002456,西南,三线及以下,新客,2026-05,18-24,银卡,直播引流
C002457,西南,三线及以下,价格敏感,2026-01,45-54,普通,内容种草
C002458,华北,三线及以下,价格敏感,2025-11,55+,金卡,线下活动
C002459,华中,三线及以下,沉睡,2025-08,25-34,银卡,自然搜索
C002460,东北,新一线,成长型,2026-03,45-54,银卡,自然搜索
C002461,华东,三线及以下,沉睡,2026-04,25-34,金卡,直播引流
C002462,华南,二线,高价值,2026-02,18-24,银卡,内容种草
C002463,华中,新一线,沉睡,2025-08,25-34,普通,直播引流
C002464,华东,三线及以下,价格敏感,2026-01,35-44,普通,线下活动
C002465,华北,三线及以下,成长型,2026-01,25-34,普通,线下活动
C002466,华南,二线,价格敏感,2026-03,35-44,普通,直播引流
C002467,西南,二线,价格敏感,2025-11,45-54,银卡,内容种草
C002468,华中,二线,成长型,2026-02,55+,普通,内容种草
C002469,华中,新一线,成长型,2026-03,25-34,银卡,老客推荐
C002470,华南,三线及以下,新客,2025-10,55+,金卡,线下活动
C002471,华东,三线及以下,新客,2025-11,45-54,金卡,老客推荐
C002472,西南,二线,成长型,2026-04,35-44,金卡,直播引流
C002473,华南,一线,高价值,2026-06,45-54,普通,老客推荐
C002474,华北,二线,高价值,2026-06,25-34,银卡,直播引流
C002475,华东,二线,价格敏感,2026-02,35-44,金卡,内容种草
C002476,东北,新一线,价格敏感,2026-04,35-44,银卡,线下活动
C002477,华东,二线,新客,2025-09,55+,普通,线下活动
C002478,华东,二线,成长型,2025-11,35-44,普通,老客推荐
C002479,华南,三线及以下,成长型,2026-01,35-44,普通,线下活动
C002480,西南,新一线,成长型,2025-12,55+,普通,直播引流
C002481,东北,新一线,成长型,2025-08,18-24,银卡,直播引流
C002482,华东,二线,新客,2026-05,25-34,金卡,线下活动
C002483,华中,新一线,价格敏感,2026-05,45-54,银卡,老客推荐
C002484,华南,二线,价格敏感,2026-07,35-44,普通,线下活动
C002485,东北,一线,成长型,2026-02,35-44,普通,直播引流
C002486,华中,二线,价格敏感,2026-07,35-44,普通,内容种草
C002487,华南,三线及以下,成长型,2025-10,25-34,金卡,老客推荐
C002488,华北,一线,成长型,2025-10,18-24,银卡,线下活动
C002489,华南,二线,成长型,2026-04,35-44,黑金,内容种草
C002490,华东,二线,沉睡,2025-10,18-24,普通,内容种草
C002491,华北,三线及以下,成长型,2025-10,18-24,普通,老客推荐
C002492,华南,三线及以下,沉睡,2025-12,55+,黑金,老客推荐
C002493,华中,新一线,沉睡,2025-08,45-54,普通,内容种草
C002494,华南,一线,价格敏感,2026-05,25-34,银卡,线下活动
C002495,西南,新一线,价格敏感,2025-11,45-54,普通,内容种草
C002496,华中,新一线,沉睡,2026-02,25-34,普通,内容种草
C002497,华北,新一线,价格敏感,2026-04,18-24,普通,线下活动
C002498,华南,新一线,价格敏感,2025-09,18-24,银卡,老客推荐
C002499,华东,三线及以下,新客,2025-10,18-24,金卡,自然搜索
C002500,华北,新一线,沉睡,2026-05,35-44,金卡,老客推荐
C002501,西南,三线及以下,沉睡,2025-11,45-54,金卡,自然搜索
C002502,西南,二线,价格敏感,2026-07,25-34,银卡,内容种草
C002503,华北,新一线,价格敏感,2026-01,55+,普通,直播引流
C002504,华东,三线及以下,沉睡,2026-04,18-24,黑金,自然搜索
C002505,东北,新一线,新客,2026-05,25-34,银卡,老客推荐
C002506,华北,二线,沉睡,2025-08,25-34,普通,线下活动
C002507,华北,新一线,价格敏感,2025-10,25-34,黑金,老客推荐
C002508,华中,新一线,高价值,2025-08,55+,银卡,内容种草
C002509,西南,三线及以下,高价值,2026-02,55+,银卡,线下活动
C002510,华东,新一线,新客,2026-05,35-44,金卡,直播引流
C002511,华中,二线,沉睡,2025-12,55+,金卡,内容种草
C002512,华东,一线,成长型,2026-07,55+,金卡,自然搜索
C002513,华东,新一线,价格敏感,2025-12,18-24,黑金,自然搜索
C002514,华东,二线,成长型,2025-08,45-54,黑金,直播引流
C002515,华南,三线及以下,成长型,2026-05,55+,银卡,老客推荐
C002516,华东,二线,新客,2026-06,35-44,银卡,线下活动
C002517,华中,新一线,成长型,2026-07,18-24,银卡,老客推荐
C002518,华东,新一线,沉睡,2025-10,25-34,普通,老客推荐
C002519,华东,一线,成长型,2026-07,45-54,银卡,线下活动
C002520,华中,三线及以下,价格敏感,2026-04,45-54,银卡,直播引流
C002521,东北,二线,沉睡,2025-10,25-34,普通,内容种草
C002522,华东,一线,成长型,2026-01,18-24,金卡,自然搜索
C002523,华中,二线,沉睡,2025-08,55+,普通,线下活动
C002524,华东,二线,新客,2026-04,25-34,金卡,自然搜索
C002525,华南,一线,高价值,2026-05,55+,银卡,自然搜索
C002526,华北,二线,价格敏感,2026-06,25-34,银卡,内容种草
C002527,华北,新一线,价格敏感,2026-01,45-54,普通,老客推荐
C002528,华南,新一线,高价值,2025-10,35-44,金卡,直播引流
C002529,华北,二线,成长型,2025-08,55+,普通,自然搜索
C002530,华北,三线及以下,新客,2026-02,45-54,普通,直播引流
C002531,华中,一线,新客,2026-02,35-44,银卡,直播引流
C002532,东北,一线,成长型,2026-07,18-24,普通,内容种草
C002533,华东,二线,新客,2025-08,25-34,普通,自然搜索
C002534,东北,三线及以下,高价值,2025-12,25-34,普通,线下活动
C002535,华东,三线及以下,沉睡,2026-01,45-54,银卡,老客推荐
C002536,华北,新一线,成长型,2026-02,45-54,银卡,老客推荐
C002537,华中,二线,高价值,2026-02,45-54,银卡,老客推荐
C002538,华南,一线,新客,2025-09,18-24,普通,自然搜索
C002539,华南,二线,成长型,2026-01,45-54,黑金,自然搜索
C002540,华北,三线及以下,新客,2026-04,18-24,普通,自然搜索
C002541,华东,一线,成长型,2025-10,45-54,金卡,线下活动
C002542,华东,二线,成长型,2025-08,25-34,普通,直播引流
C002543,东北,一线,新客,2026-05,55+,银卡,直播引流
C002544,华中,三线及以下,成长型,2026-07,25-34,普通,自然搜索
C002545,西南,二线,新客,2026-02,25-34,银卡,直播引流
C002546,华中,二线,高价值,2025-09,35-44,银卡,内容种草
C002547,华北,二线,价格敏感,2025-12,45-54,金卡,直播引流
C002548,华东,三线及以下,成长型,2026-03,45-54,普通,直播引流
C002549,东北,二线,成长型,2025-12,45-54,普通,直播引流
C002550,华北,三线及以下,高价值,2025-09,25-34,银卡,直播引流
C002551,华北,新一线,高价值,2026-03,55+,普通,线下活动
C002552,华北,三线及以下,价格敏感,2025-12,18-24,普通,自然搜索
C002553,华北,新一线,价格敏感,2026-02,45-54,普通,线下活动
C002554,华东,二线,新客,2025-10,18-24,银卡,内容种草
C002555,华北,三线及以下,新客,2025-12,25-34,普通,线下活动
C002556,西南,三线及以下,高价值,2026-03,25-34,普通,直播引流
C002557,华中,二线,新客,2025-11,35-44,普通,线下活动
C002558,华北,一线,新客,2026-03,18-24,普通,线下活动
C002559,华东,新一线,高价值,2025-08,25-34,金卡,内容种草
C002560,华东,新一线,价格敏感,2026-06,25-34,普通,内容种草
C002561,华南,三线及以下,成长型,2026-03,55+,普通,内容种草
C002562,华北,二线,沉睡,2026-07,35-44,银卡,线下活动
C002563,华北,三线及以下,新客,2025-12,55+,银卡,老客推荐
C002564,华北,三线及以下,成长型,2025-08,55+,银卡,自然搜索
C002565,华北,一线,沉睡,2025-08,55+,普通,老客推荐
C002566,华北,新一线,成长型,2025-08,18-24,银卡,老客推荐
C002567,华南,新一线,成长型,2026-02,18-24,银卡,自然搜索
C002568,东北,一线,成长型,2026-01,18-24,普通,内容种草
C002569,西南,新一线,沉睡,2026-02,25-34,普通,线下活动
C002570,华东,三线及以下,沉睡,2025-10,55+,银卡,线下活动
C002571,华东,三线及以下,成长型,2026-05,35-44,普通,老客推荐
C002572,华中,新一线,沉睡,2026-07,45-54,普通,老客推荐
C002573,华中,新一线,价格敏感,2025-10,45-54,金卡,内容种草
C002574,华中,一线,新客,2026-05,18-24,普通,直播引流
C002575,华中,新一线,新客,2026-04,55+,普通,自然搜索
C002576,华南,二线,沉睡,2026-07,18-24,普通,直播引流
C002577,华南,新一线,高价值,2025-10,45-54,普通,直播引流
C002578,东北,二线,价格敏感,2025-09,45-54,普通,线下活动
C002579,华东,新一线,价格敏感,2025-10,55+,银卡,自然搜索
C002580,华中,一线,价格敏感,2026-02,45-54,普通,线下活动
C002581,华东,二线,沉睡,2025-08,18-24,黑金,自然搜索
C002582,西南,二线,成长型,2025-11,35-44,普通,线下活动
C002583,华东,二线,沉睡,2026-01,45-54,金卡,老客推荐
C002584,华北,三线及以下,高价值,2025-09,45-54,普通,内容种草
C002585,华东,二线,新客,2026-04,55+,银卡,内容种草
C002586,华南,二线,价格敏感,2025-08,55+,普通,内容种草
C002587,华北,三线及以下,成长型,2026-04,35-44,金卡,内容种草
C002588,华北,三线及以下,沉睡,2025-08,45-54,银卡,直播引流
C002589,东北,三线及以下,新客,2026-02,25-34,普通,自然搜索
C002590,华北,一线,高价值,2026-05,45-54,银卡,自然搜索
C002591,华东,二线,沉睡,2025-08,45-54,金卡,老客推荐
C002592,华东,二线,成长型,2026-01,18-24,普通,内容种草
C002593,华中,二线,新客,2026-05,45-54,普通,老客推荐
C002594,华北,一线,价格敏感,2026-02,45-54,银卡,自然搜索
C002595,华北,三线及以下,新客,2025-10,55+,普通,线下活动
C002596,华南,新一线,价格敏感,2025-12,25-34,银卡,直播引流
C002597,东北,一线,新客,2025-08,18-24,普通,内容种草
C002598,西南,新一线,成长型,2025-08,35-44,普通,线下活动
C002599,华中,二线,成长型,2026-04,45-54,银卡,直播引流
C002600,华中,新一线,高价值,2026-04,55+,普通,内容种草
C002601,西南,二线,价格敏感,2025-12,25-34,银卡,自然搜索
C002602,西南,新一线,新客,2026-04,25-34,普通,内容种草
C002603,华南,二线,价格敏感,2026-02,18-24,普通,线下活动
C002604,华北,一线,新客,2025-09,25-34,普通,自然搜索
C002605,华北,新一线,高价值,2025-09,55+,银卡,自然搜索
C002606,东北,一线,价格敏感,2026-05,35-44,银卡,老客推荐
C002607,华北,新一线,沉睡,2026-04,45-54,普通,自然搜索
C002608,华东,二线,高价值,2026-01,55+,银卡,内容种草
C002609,华南,二线,价格敏感,2026-01,35-44,普通,内容种草
C002610,东北,一线,新客,2026-06,55+,银卡,内容种草
C002611,华中,三线及以下,成长型,2026-05,18-24,普通,自然搜索
C002612,华北,新一线,成长型,2026-03,55+,银卡,老客推荐
C002613,华北,二线,价格敏感,2025-12,25-34,银卡,线下活动
C002614,华中,二线,价格敏感,2026-03,25-34,普通,线下活动
C002615,华南,三线及以下,成长型,2026-07,45-54,普通,自然搜索
C002616,东北,二线,成长型,2026-01,18-24,金卡,内容种草
C002617,华中,二线,新客,2025-09,18-24,普通,内容种草
C002618,西南,新一线,成长型,2026-05,35-44,银卡,内容种草
C002619,西南,二线,新客,2026-03,45-54,银卡,直播引流
C002620,西南,新一线,高价值,2026-02,55+,普通,内容种草
C002621,西南,二线,沉睡,2025-08,35-44,普通,线下活动
C002622,东北,二线,成长型,2025-08,45-54,银卡,内容种草
C002623,华东,三线及以下,价格敏感,2025-08,18-24,银卡,内容种草
C002624,华南,一线,高价值,2026-04,25-34,银卡,直播引流
C002625,华中,新一线,高价值,2025-09,45-54,普通,线下活动
C002626,华北,新一线,新客,2025-11,18-24,金卡,线下活动
C002627,华东,三线及以下,成长型,2026-07,35-44,普通,老客推荐
C002628,东北,一线,成长型,2025-12,25-34,银卡,老客推荐
C002629,西南,新一线,成长型,2025-08,18-24,普通,线下活动
C002630,华南,一线,新客,2025-12,55+,普通,自然搜索
C002631,华中,三线及以下,价格敏感,2025-11,55+,银卡,老客推荐
C002632,西南,一线,价格敏感,2026-01,18-24,普通,自然搜索
C002633,华中,新一线,成长型,2025-08,25-34,金卡,自然搜索
C002634,华中,三线及以下,成长型,2025-09,18-24,普通,内容种草
C002635,华南,二线,成长型,2026-05,45-54,普通,老客推荐
C002636,华南,二线,高价值,2026-05,55+,金卡,线下活动
C002637,华中,三线及以下,沉睡,2026-01,45-54,普通,直播引流
C002638,华东,二线,高价值,2025-08,55+,普通,直播引流
C002639,华东,新一线,价格敏感,2025-09,35-44,普通,直播引流
C002640,华北,二线,成长型,2025-08,45-54,银卡,内容种草
C002641,华东,二线,价格敏感,2026-03,55+,普通,内容种草
C002642,西南,三线及以下,新客,2026-05,25-34,银卡,线下活动
C002643,华东,一线,新客,2026-05,45-54,金卡,内容种草
C002644,西南,三线及以下,新客,2026-01,18-24,普通,自然搜索
C002645,东北,三线及以下,成长型,2026-06,18-24,银卡,自然搜索
C002646,华南,一线,成长型,2025-09,45-54,金卡,老客推荐
C002647,华东,一线,沉睡,2025-12,35-44,银卡,内容种草
C002648,华北,新一线,新客,2025-12,35-44,普通,线下活动
C002649,华中,一线,价格敏感,2026-02,45-54,普通,线下活动
C002650,华南,一线,沉睡,2026-03,25-34,银卡,自然搜索
C002651,华东,二线,价格敏感,2026-07,25-34,金卡,老客推荐
C002652,华南,二线,价格敏感,2026-05,18-24,银卡,直播引流
C002653,西南,二线,沉睡,2025-08,45-54,黑金,内容种草
C002654,华北,新一线,成长型,2026-06,35-44,普通,线下活动
C002655,华中,一线,沉睡,2025-10,18-24,普通,内容种草
C002656,西南,新一线,成长型,2026-07,35-44,金卡,线下活动
C002657,华北,一线,沉睡,2026-05,25-34,普通,老客推荐
C002658,华东,一线,新客,2026-03,55+,银卡,老客推荐
C002659,西南,新一线,沉睡,2026-01,25-34,普通,直播引流
C002660,华北,新一线,高价值,2025-10,25-34,普通,直播引流
C002661,华南,一线,新客,2026-01,18-24,普通,直播引流
C002662,华东,二线,新客,2025-08,35-44,银卡,老客推荐
C002663,华中,新一线,成长型,2025-11,45-54,普通,线下活动
C002664,华南,三线及以下,沉睡,2026-02,18-24,银卡,线下活动
C002665,华南,新一线,高价值,2025-10,45-54,黑金,内容种草
C002666,东北,二线,价格敏感,2025-11,18-24,金卡,线下活动
C002667,西南,二线,高价值,2025-10,45-54,银卡,老客推荐
C002668,西南,二线,高价值,2026-05,18-24,普通,内容种草
C002669,华中,新一线,新客,2025-08,18-24,金卡,线下活动
C002670,西南,三线及以下,成长型,2026-06,25-34,金卡,线下活动
C002671,西南,三线及以下,成长型,2026-05,55+,普通,线下活动
C002672,华南,二线,价格敏感,2026-02,45-54,普通,直播引流
C002673,华中,三线及以下,成长型,2025-08,25-34,普通,内容种草
C002674,西南,二线,高价值,2026-02,35-44,普通,老客推荐
C002675,西南,三线及以下,沉睡,2025-10,35-44,金卡,内容种草
C002676,华南,三线及以下,沉睡,2026-02,55+,银卡,老客推荐
C002677,华东,新一线,成长型,2026-02,45-54,金卡,自然搜索
C002678,华南,二线,沉睡,2026-02,55+,普通,直播引流
C002679,华中,三线及以下,价格敏感,2026-06,55+,银卡,自然搜索
C002680,华北,一线,成长型,2026-04,25-34,黑金,直播引流
C002681,东北,一线,成长型,2026-04,55+,普通,线下活动
C002682,华中,三线及以下,价格敏感,2026-05,18-24,普通,内容种草
C002683,华中,三线及以下,成长型,2026-01,25-34,银卡,线下活动
C002684,华南,新一线,价格敏感,2026-02,35-44,普通,线下活动
C002685,西南,二线,沉睡,2026-01,18-24,金卡,内容种草
C002686,华中,二线,成长型,2025-10,18-24,金卡,直播引流
C002687,西南,二线,沉睡,2026-05,45-54,金卡,直播引流
C002688,华东,三线及以下,价格敏感,2026-01,45-54,金卡,线下活动
C002689,西南,新一线,沉睡,2025-11,25-34,银卡,直播引流
C002690,东北,二线,成长型,2026-01,18-24,银卡,内容种草
C002691,华南,一线,价格敏感,2026-02,45-54,普通,内容种草
C002692,华南,三线及以下,价格敏感,2025-09,18-24,普通,内容种草
C002693,华东,新一线,价格敏感,2025-12,45-54,金卡,线下活动
C002694,西南,三线及以下,价格敏感,2026-03,18-24,普通,线下活动
C002695,西南,二线,成长型,2025-12,25-34,金卡,直播引流
C002696,华中,三线及以下,新客,2025-10,55+,银卡,内容种草
C002697,西南,新一线,高价值,2025-10,45-54,金卡,内容种草
C002698,华南,三线及以下,价格敏感,2025-10,18-24,金卡,直播引流
C002699,华南,一线,新客,2026-03,18-24,普通,自然搜索
C002700,华东,二线,高价值,2026-01,45-54,银卡,内容种草
C002701,东北,二线,价格敏感,2026-06,45-54,金卡,自然搜索
C002702,华北,二线,成长型,2025-11,55+,普通,内容种草
C002703,华东,新一线,高价值,2026-03,55+,银卡,线下活动
C002704,华北,二线,价格敏感,2026-01,45-54,金卡,内容种草
C002705,西南,二线,新客,2026-02,45-54,普通,自然搜索
C002706,华东,二线,新客,2026-04,45-54,黑金,直播引流
C002707,华南,三线及以下,成长型,2025-12,45-54,普通,自然搜索
C002708,华东,三线及以下,沉睡,2026-03,55+,银卡,老客推荐
C002709,华中,新一线,新客,2026-06,25-34,银卡,老客推荐
C002710,西南,三线及以下,新客,2026-04,55+,普通,老客推荐
C002711,华南,新一线,沉睡,2026-02,18-24,普通,线下活动
C002712,华北,二线,成长型,2026-02,45-54,普通,老客推荐
C002713,华北,一线,新客,2026-05,25-34,普通,直播引流
C002714,华东,三线及以下,沉睡,2025-09,55+,普通,内容种草
C002715,华东,三线及以下,新客,2026-06,55+,普通,自然搜索
C002716,西南,新一线,成长型,2026-02,55+,银卡,内容种草
C002717,东北,一线,高价值,2025-10,45-54,黑金,自然搜索
C002718,华中,新一线,新客,2025-08,18-24,金卡,自然搜索
C002719,华东,一线,价格敏感,2025-08,45-54,普通,线下活动
C002720,华南,新一线,价格敏感,2026-05,18-24,普通,直播引流
C002721,华南,三线及以下,成长型,2026-02,25-34,普通,自然搜索
C002722,华中,一线,沉睡,2025-10,25-34,金卡,自然搜索
C002723,东北,二线,沉睡,2026-06,45-54,银卡,内容种草
C002724,华东,二线,沉睡,2026-07,35-44,银卡,内容种草
C002725,华南,三线及以下,价格敏感,2026-02,45-54,金卡,自然搜索
C002726,华南,二线,沉睡,2026-01,35-44,黑金,内容种草
C002727,华东,新一线,新客,2026-07,55+,黑金,老客推荐
C002728,华南,三线及以下,价格敏感,2026-03,35-44,普通,直播引流
C002729,华北,二线,成长型,2025-09,18-24,普通,直播引流
C002730,华东,二线,沉睡,2025-10,25-34,银卡,线下活动
C002731,华北,三线及以下,价格敏感,2026-06,55+,银卡,自然搜索
C002732,华南,二线,高价值,2026-02,55+,金卡,内容种草
C002733,华中,二线,成长型,2025-12,18-24,普通,线下活动
C002734,华中,新一线,价格敏感,2026-01,35-44,黑金,自然搜索
C002735,华北,二线,价格敏感,2026-03,45-54,银卡,老客推荐
C002736,华北,二线,价格敏感,2026-06,25-34,金卡,自然搜索
C002737,华南,一线,沉睡,2026-03,35-44,金卡,内容种草
C002738,华南,二线,成长型,2025-08,18-24,黑金,自然搜索
C002739,华东,二线,新客,2026-07,18-24,黑金,自然搜索
C002740,华南,三线及以下,成长型,2025-08,35-44,普通,老客推荐
C002741,华东,新一线,新客,2025-08,55+,普通,直播引流
C002742,华东,二线,价格敏感,2025-12,55+,普通,老客推荐
C002743,华中,新一线,新客,2025-12,18-24,黑金,自然搜索
C002744,华北,一线,价格敏感,2025-10,35-44,银卡,直播引流
C002745,华北,二线,成长型,2026-02,25-34,银卡,自然搜索
C002746,华北,新一线,新客,2026-01,35-44,普通,老客推荐
C002747,东北,二线,沉睡,2026-06,25-34,普通,直播引流
C002748,西南,三线及以下,价格敏感,2026-03,25-34,普通,老客推荐
C002749,华东,三线及以下,高价值,2026-05,45-54,金卡,自然搜索
C002750,华东,三线及以下,价格敏感,2026-02,55+,普通,老客推荐
C002751,华北,新一线,价格敏感,2026-01,55+,金卡,内容种草
C002752,华中,三线及以下,价格敏感,2025-11,18-24,普通,自然搜索
C002753,西南,一线,价格敏感,2026-03,25-34,金卡,自然搜索
C002754,华东,二线,新客,2026-06,55+,普通,内容种草
C002755,华南,一线,成长型,2026-05,55+,金卡,直播引流
C002756,西南,新一线,高价值,2026-06,35-44,银卡,线下活动
C002757,华东,三线及以下,成长型,2026-04,35-44,普通,直播引流
C002758,西南,三线及以下,成长型,2025-10,18-24,普通,自然搜索
C002759,华东,三线及以下,价格敏感,2025-08,55+,银卡,老客推荐
C002760,华中,新一线,高价值,2025-08,18-24,金卡,直播引流
C002761,华北,二线,沉睡,2026-03,35-44,金卡,老客推荐
C002762,华东,二线,沉睡,2025-10,25-34,普通,线下活动
C002763,华东,二线,高价值,2026-01,35-44,普通,老客推荐
C002764,华北,二线,高价值,2025-11,45-54,银卡,内容种草
C002765,华东,二线,高价值,2025-11,45-54,普通,内容种草
C002766,华东,二线,成长型,2025-10,55+,普通,内容种草
C002767,东北,二线,成长型,2026-01,25-34,普通,线下活动
C002768,华中,一线,价格敏感,2026-02,45-54,金卡,自然搜索
C002769,华中,二线,价格敏感,2026-05,35-44,银卡,线下活动
C002770,华南,新一线,价格敏感,2026-03,25-34,银卡,自然搜索
C002771,西南,三线及以下,新客,2026-03,35-44,普通,内容种草
C002772,华北,一线,高价值,2026-04,45-54,普通,内容种草
C002773,西南,二线,价格敏感,2026-04,35-44,银卡,内容种草
C002774,东北,三线及以下,成长型,2026-02,25-34,普通,线下活动
C002775,华南,新一线,新客,2025-12,18-24,银卡,线下活动
C002776,西南,新一线,沉睡,2026-04,35-44,普通,内容种草
C002777,华北,二线,高价值,2025-09,35-44,银卡,老客推荐
C002778,华南,二线,成长型,2025-08,35-44,普通,内容种草
C002779,华中,一线,高价值,2025-11,35-44,普通,自然搜索
C002780,华南,三线及以下,价格敏感,2025-08,25-34,银卡,自然搜索
C002781,东北,新一线,价格敏感,2026-05,25-34,金卡,内容种草
C002782,华东,新一线,新客,2026-04,18-24,普通,直播引流
C002783,华东,新一线,新客,2026-02,25-34,金卡,老客推荐
C002784,华南,新一线,成长型,2025-11,35-44,普通,内容种草
C002785,华南,二线,高价值,2026-02,55+,普通,内容种草
C002786,华南,三线及以下,新客,2026-01,45-54,银卡,线下活动
C002787,东北,二线,沉睡,2026-03,35-44,银卡,直播引流
C002788,华南,三线及以下,成长型,2026-01,35-44,普通,线下活动
C002789,华中,二线,沉睡,2025-10,45-54,银卡,直播引流
C002790,华南,二线,成长型,2025-09,25-34,普通,直播引流
C002791,华南,新一线,成长型,2025-12,45-54,金卡,老客推荐
C002792,华东,新一线,高价值,2026-05,35-44,银卡,线下活动
C002793,华中,新一线,高价值,2025-08,18-24,普通,自然搜索
C002794,东北,一线,成长型,2025-10,35-44,银卡,老客推荐
C002795,华中,三线及以下,高价值,2026-02,18-24,金卡,自然搜索
C002796,华中,二线,沉睡,2025-11,25-34,金卡,线下活动
C002797,华南,新一线,新客,2025-08,35-44,普通,自然搜索
C002798,西南,一线,价格敏感,2026-02,55+,普通,内容种草
C002799,西南,三线及以下,价格敏感,2026-04,55+,普通,线下活动
C002800,华南,二线,价格敏感,2026-04,55+,银卡,线下活动
C002801,华南,新一线,新客,2026-06,18-24,普通,内容种草
C002802,西南,新一线,沉睡,2025-12,25-34,银卡,直播引流
C002803,华中,二线,新客,2026-04,18-24,普通,老客推荐
C002804,华北,新一线,价格敏感,2026-07,35-44,普通,老客推荐
C002805,华北,一线,成长型,2025-09,35-44,银卡,内容种草
C002806,华中,三线及以下,价格敏感,2026-07,45-54,银卡,直播引流
C002807,华东,二线,价格敏感,2026-02,18-24,普通,直播引流
C002808,华东,一线,沉睡,2025-11,35-44,金卡,自然搜索
C002809,华东,三线及以下,成长型,2025-09,25-34,银卡,直播引流
C002810,华中,一线,成长型,2026-04,55+,金卡,老客推荐
C002811,西南,三线及以下,沉睡,2026-01,55+,普通,内容种草
C002812,华东,新一线,成长型,2026-02,55+,普通,自然搜索
C002813,华南,二线,成长型,2025-10,35-44,普通,内容种草
C002814,华南,新一线,成长型,2025-09,45-54,普通,自然搜索
C002815,华东,二线,价格敏感,2025-08,35-44,金卡,线下活动
C002816,西南,二线,价格敏感,2026-05,55+,金卡,线下活动
C002817,华北,一线,新客,2026-05,45-54,普通,老客推荐
C002818,华东,二线,新客,2026-05,55+,银卡,线下活动
C002819,华北,新一线,成长型,2025-12,18-24,普通,直播引流
C002820,华东,一线,价格敏感,2026-06,25-34,普通,自然搜索
C002821,东北,二线,成长型,2026-06,18-24,金卡,自然搜索
C002822,华南,新一线,成长型,2026-01,55+,银卡,老客推荐
C002823,东北,二线,价格敏感,2025-08,35-44,普通,老客推荐
C002824,华南,三线及以下,成长型,2026-07,55+,金卡,线下活动
C002825,华南,一线,成长型,2026-03,25-34,金卡,直播引流
C002826,华东,二线,价格敏感,2026-07,35-44,普通,直播引流
C002827,华中,新一线,沉睡,2026-03,35-44,普通,线下活动
C002828,华南,新一线,成长型,2026-01,18-24,普通,自然搜索
C002829,东北,三线及以下,成长型,2026-01,45-54,黑金,老客推荐
C002830,西南,一线,价格敏感,2026-06,18-24,金卡,直播引流
C002831,华南,三线及以下,沉睡,2026-01,35-44,普通,线下活动
C002832,华北,新一线,价格敏感,2026-01,18-24,金卡,内容种草
C002833,华北,二线,新客,2025-12,55+,普通,直播引流
C002834,华北,一线,高价值,2026-07,25-34,银卡,老客推荐
C002835,华北,二线,沉睡,2026-01,18-24,普通,老客推荐
C002836,华北,二线,成长型,2026-01,18-24,银卡,直播引流
C002837,华北,一线,新客,2026-02,18-24,银卡,老客推荐
C002838,华北,一线,价格敏感,2026-01,45-54,金卡,老客推荐
C002839,华南,三线及以下,价格敏感,2026-07,45-54,银卡,直播引流
C002840,华东,一线,价格敏感,2025-12,25-34,普通,线下活动
C002841,西南,二线,新客,2026-05,35-44,银卡,内容种草
C002842,华北,二线,价格敏感,2026-06,18-24,银卡,自然搜索
C002843,西南,二线,新客,2025-08,55+,普通,直播引流
C002844,西南,二线,新客,2026-01,25-34,银卡,直播引流
C002845,华北,二线,沉睡,2026-02,55+,银卡,自然搜索
C002846,华东,新一线,高价值,2026-02,45-54,普通,直播引流
C002847,华南,二线,价格敏感,2026-04,25-34,普通,老客推荐
C002848,华北,二线,成长型,2025-08,25-34,普通,老客推荐
C002849,华东,一线,成长型,2026-02,45-54,普通,内容种草
C002850,华中,三线及以下,新客,2026-03,18-24,银卡,老客推荐
C002851,华北,二线,成长型,2025-11,35-44,普通,线下活动
C002852,华南,二线,高价值,2026-02,35-44,金卡,老客推荐
C002853,华中,三线及以下,沉睡,2025-11,55+,普通,自然搜索
C002854,华南,二线,成长型,2026-06,35-44,普通,直播引流
C002855,华中,新一线,成长型,2025-09,55+,银卡,线下活动
C002856,华东,一线,高价值,2025-10,18-24,黑金,老客推荐
C002857,西南,二线,新客,2025-11,45-54,普通,内容种草
C002858,华东,二线,沉睡,2026-06,45-54,金卡,线下活动
C002859,华东,三线及以下,价格敏感,2026-04,25-34,普通,线下活动
C002860,华北,新一线,沉睡,2026-01,35-44,普通,自然搜索
C002861,华中,三线及以下,高价值,2026-02,18-24,黑金,直播引流
C002862,华东,一线,高价值,2026-05,18-24,普通,内容种草
C002863,华东,一线,成长型,2026-02,35-44,普通,内容种草
C002864,华南,二线,高价值,2026-06,45-54,普通,内容种草
C002865,华东,新一线,新客,2026-04,35-44,黑金,自然搜索
C002866,华北,一线,价格敏感,2026-07,35-44,银卡,线下活动
C002867,华中,新一线,成长型,2025-08,55+,普通,老客推荐
C002868,华南,新一线,成长型,2025-12,18-24,金卡,内容种草
C002869,华中,新一线,沉睡,2026-06,55+,银卡,内容种草
C002870,华中,新一线,成长型,2026-03,35-44,普通,自然搜索
C002871,华中,二线,新客,2026-01,18-24,银卡,内容种草
C002872,华南,一线,成长型,2025-10,45-54,普通,老客推荐
C002873,华南,三线及以下,成长型,2026-03,18-24,普通,自然搜索
C002874,东北,新一线,沉睡,2025-09,18-24,金卡,直播引流
C002875,华南,新一线,成长型,2025-08,18-24,普通,内容种草
C002876,华南,二线,价格敏感,2025-08,45-54,银卡,线下活动
C002877,华北,三线及以下,新客,2025-11,55+,金卡,直播引流
C002878,华南,二线,沉睡,2025-12,45-54,金卡,直播引流
C002879,东北,三线及以下,新客,2026-01,45-54,银卡,直播引流
C002880,华中,三线及以下,价格敏感,2025-08,25-34,金卡,线下活动
C002881,华东,二线,高价值,2026-03,25-34,普通,自然搜索
C002882,华东,二线,沉睡,2025-09,55+,银卡,线下活动
C002883,华北,二线,价格敏感,2025-11,45-54,普通,内容种草
C002884,华中,二线,新客,2026-05,55+,黑金,线下活动
C002885,东北,新一线,高价值,2026-04,55+,普通,自然搜索
C002886,东北,三线及以下,价格敏感,2026-07,55+,黑金,自然搜索
C002887,华东,三线及以下,成长型,2025-08,45-54,普通,老客推荐
C002888,华东,新一线,价格敏感,2025-09,55+,普通,内容种草
C002889,华北,一线,成长型,2025-10,45-54,银卡,直播引流
C002890,西南,二线,价格敏感,2026-05,18-24,银卡,直播引流
C002891,西南,二线,价格敏感,2025-10,35-44,金卡,直播引流
C002892,华北,二线,价格敏感,2026-06,55+,普通,直播引流
C002893,华北,二线,价格敏感,2026-01,35-44,普通,自然搜索
C002894,华东,二线,沉睡,2026-02,55+,金卡,线下活动
C002895,华北,新一线,新客,2025-09,25-34,普通,老客推荐
C002896,华东,二线,高价值,2026-06,55+,金卡,老客推荐
C002897,华南,三线及以下,沉睡,2026-06,25-34,普通,老客推荐
C002898,华南,三线及以下,沉睡,2025-12,35-44,金卡,老客推荐
C002899,华东,三线及以下,成长型,2025-09,35-44,普通,自然搜索
C002900,西南,二线,沉睡,2025-09,55+,普通,直播引流
C002901,华北,二线,新客,2026-06,18-24,黑金,老客推荐
C002902,西南,三线及以下,成长型,2026-02,18-24,银卡,自然搜索
C002903,华南,一线,高价值,2026-01,35-44,银卡,线下活动
C002904,西南,新一线,成长型,2026-04,18-24,普通,自然搜索
C002905,华南,一线,沉睡,2026-05,18-24,银卡,老客推荐
C002906,西南,一线,成长型,2026-06,25-34,金卡,直播引流
C002907,华南,一线,高价值,2026-06,55+,普通,线下活动
C002908,华北,三线及以下,成长型,2026-07,18-24,普通,线下活动
C002909,华东,新一线,沉睡,2025-10,35-44,普通,线下活动
C002910,华中,新一线,成长型,2026-06,55+,银卡,内容种草
C002911,华中,新一线,价格敏感,2026-02,55+,普通,内容种草
C002912,西南,二线,沉睡,2026-03,45-54,普通,内容种草
C002913,华北,一线,新客,2026-03,35-44,银卡,直播引流
C002914,华中,新一线,成长型,2025-08,45-54,银卡,自然搜索
C002915,华东,一线,新客,2026-06,25-34,银卡,直播引流
C002916,华北,一线,价格敏感,2026-03,45-54,银卡,线下活动
C002917,华北,新一线,价格敏感,2025-12,55+,银卡,直播引流
C002918,东北,二线,价格敏感,2026-04,45-54,普通,直播引流
C002919,华北,新一线,价格敏感,2025-11,25-34,金卡,直播引流
C002920,华南,一线,价格敏感,2026-02,55+,普通,自然搜索
C002921,华东,新一线,成长型,2026-02,18-24,银卡,直播引流
C002922,华南,新一线,新客,2026-03,25-34,银卡,线下活动
C002923,华北,新一线,成长型,2025-10,25-34,银卡,线下活动
C002924,西南,新一线,高价值,2025-09,35-44,银卡,线下活动
C002925,华南,二线,新客,2025-10,55+,金卡,线下活动
C002926,西南,三线及以下,成长型,2026-06,55+,银卡,线下活动
C002927,华中,二线,价格敏感,2026-01,45-54,银卡,自然搜索
C002928,华北,三线及以下,新客,2025-10,18-24,普通,自然搜索
C002929,华北,新一线,新客,2026-02,25-34,银卡,直播引流
C002930,华东,三线及以下,新客,2026-05,55+,普通,线下活动
C002931,华北,新一线,新客,2026-01,35-44,普通,直播引流
C002932,华东,三线及以下,价格敏感,2026-07,25-34,金卡,内容种草
C002933,华东,二线,沉睡,2025-10,35-44,金卡,直播引流
C002934,东北,二线,新客,2026-01,35-44,普通,直播引流
C002935,东北,新一线,价格敏感,2025-08,45-54,金卡,直播引流
C002936,华中,新一线,成长型,2025-08,18-24,金卡,直播引流
C002937,华东,三线及以下,价格敏感,2026-06,18-24,普通,自然搜索
C002938,华南,新一线,沉睡,2025-09,35-44,银卡,自然搜索
C002939,华北,一线,成长型,2026-02,35-44,普通,内容种草
C002940,东北,新一线,成长型,2026-07,25-34,金卡,老客推荐
C002941,西南,二线,价格敏感,2026-07,45-54,普通,自然搜索
C002942,华南,一线,新客,2026-06,35-44,金卡,老客推荐
C002943,华东,二线,价格敏感,2026-06,55+,金卡,内容种草
C002944,华北,一线,价格敏感,2025-09,18-24,金卡,自然搜索
C002945,华南,二线,新客,2026-07,25-34,普通,直播引流
C002946,华东,三线及以下,价格敏感,2025-10,35-44,普通,直播引流
C002947,东北,二线,价格敏感,2026-02,45-54,银卡,老客推荐
C002948,西南,三线及以下,沉睡,2025-09,25-34,银卡,直播引流
C002949,西南,新一线,价格敏感,2026-01,25-34,普通,自然搜索
C002950,华北,二线,新客,2026-05,55+,银卡,自然搜索
C002951,华南,新一线,新客,2026-02,45-54,银卡,老客推荐
C002952,华南,三线及以下,成长型,2025-11,25-34,普通,内容种草
C002953,华中,二线,沉睡,2025-10,25-34,金卡,自然搜索
C002954,华南,二线,成长型,2025-08,25-34,普通,老客推荐
C002955,东北,一线,成长型,2025-11,45-54,黑金,老客推荐
C002956,西南,二线,价格敏感,2026-06,45-54,银卡,老客推荐
C002957,西南,三线及以下,成长型,2026-04,55+,普通,自然搜索
C002958,华南,三线及以下,价格敏感,2026-02,25-34,金卡,老客推荐
C002959,华南,二线,价格敏感,2026-01,18-24,普通,直播引流
C002960,东北,二线,新客,2026-06,35-44,金卡,内容种草
C002961,华东,一线,价格敏感,2025-08,45-54,金卡,线下活动
C002962,华南,新一线,价格敏感,2026-01,45-54,普通,自然搜索
C002963,华东,二线,沉睡,2026-04,45-54,普通,自然搜索
C002964,华中,一线,成长型,2026-07,18-24,银卡,内容种草
C002965,华南,新一线,价格敏感,2026-03,45-54,银卡,内容种草
C002966,华东,新一线,价格敏感,2026-01,18-24,黑金,直播引流
C002967,华北,一线,成长型,2026-01,18-24,金卡,内容种草
C002968,华中,新一线,成长型,2026-03,25-34,金卡,内容种草
C002969,华北,二线,价格敏感,2026-01,45-54,普通,内容种草
C002970,华东,二线,成长型,2025-10,25-34,金卡,内容种草
C002971,西南,三线及以下,成长型,2026-07,25-34,普通,自然搜索
C002972,华中,三线及以下,成长型,2026-05,18-24,银卡,老客推荐
C002973,西南,一线,沉睡,2026-07,55+,普通,内容种草
C002974,华南,三线及以下,新客,2025-11,18-24,普通,老客推荐
C002975,东北,新一线,高价值,2026-06,18-24,银卡,内容种草
C002976,华北,二线,高价值,2026-06,45-54,银卡,线下活动
C002977,华东,二线,价格敏感,2026-02,55+,普通,自然搜索
C002978,华南,三线及以下,成长型,2026-02,18-24,普通,老客推荐
C002979,华南,二线,新客,2026-07,55+,普通,自然搜索
C002980,华南,三线及以下,沉睡,2025-11,45-54,普通,自然搜索
C002981,华中,新一线,新客,2026-04,18-24,金卡,自然搜索
C002982,西南,一线,沉睡,2025-09,45-54,银卡,老客推荐
C002983,西南,新一线,新客,2026-04,55+,普通,内容种草
C002984,华东,二线,沉睡,2026-06,25-34,普通,直播引流
C002985,西南,三线及以下,沉睡,2025-09,35-44,普通,直播引流
C002986,西南,三线及以下,价格敏感,2026-01,55+,普通,内容种草
C002987,东北,三线及以下,价格敏感,2025-11,55+,普通,自然搜索
C002988,华北,二线,高价值,2026-04,55+,普通,老客推荐
C002989,华北,三线及以下,成长型,2025-08,45-54,普通,老客推荐
C002990,华东,新一线,新客,2026-07,45-54,普通,直播引流
C002991,西南,三线及以下,成长型,2025-09,18-24,银卡,老客推荐
C002992,华北,一线,价格敏感,2025-10,55+,金卡,线下活动
C002993,华东,二线,价格敏感,2026-02,18-24,普通,直播引流
C002994,华东,三线及以下,高价值,2025-10,25-34,银卡,自然搜索
C002995,华北,新一线,成长型,2025-11,45-54,普通,自然搜索
C002996,华东,三线及以下,成长型,2025-09,45-54,普通,内容种草
C002997,西南,二线,新客,2026-02,18-24,黑金,线下活动
C002998,华北,二线,高价值,2026-05,25-34,普通,内容种草
C002999,华南,二线,成长型,2026-04,55+,黑金,线下活动
C003000,西南,二线,成长型,2026-06,45-54,普通,自然搜索
C003001,华北,三线及以下,沉睡,2025-10,45-54,银卡,老客推荐
C003002,华东,新一线,价格敏感,2026-01,45-54,普通,老客推荐
C003003,华南,二线,新客,2025-08,18-24,银卡,老客推荐
C003004,西南,一线,价格敏感,2026-06,18-24,银卡,自然搜索
C003005,华东,三线及以下,成长型,2025-09,18-24,普通,内容种草
C003006,西南,三线及以下,新客,2025-08,45-54,银卡,线下活动
C003007,东北,三线及以下,新客,2026-04,55+,普通,内容种草
C003008,华南,新一线,成长型,2026-03,18-24,银卡,内容种草
C003009,华东,三线及以下,沉睡,2025-10,25-34,普通,线下活动
C003010,东北,新一线,沉睡,2026-04,18-24,银卡,自然搜索
C003011,华北,二线,新客,2025-10,35-44,银卡,自然搜索
C003012,华东,新一线,沉睡,2026-04,35-44,金卡,直播引流
C003013,华中,三线及以下,沉睡,2026-06,45-54,普通,线下活动
C003014,华北,三线及以下,高价值,2026-05,18-24,金卡,老客推荐
C003015,西南,三线及以下,价格敏感,2025-09,45-54,普通,线下活动
C003016,华南,三线及以下,成长型,2025-10,55+,金卡,内容种草
C003017,华东,新一线,沉睡,2025-08,35-44,银卡,内容种草
C003018,华北,二线,成长型,2026-04,18-24,金卡,直播引流
C003019,华东,三线及以下,价格敏感,2026-04,45-54,普通,线下活动
C003020,华中,新一线,价格敏感,2025-10,18-24,银卡,自然搜索
C003021,华东,二线,成长型,2026-05,18-24,银卡,老客推荐
C003022,华北,三线及以下,价格敏感,2025-11,18-24,普通,线下活动
C003023,华北,一线,成长型,2025-09,18-24,金卡,线下活动
C003024,西南,三线及以下,成长型,2025-10,55+,普通,老客推荐
C003025,华东,一线,成长型,2026-02,55+,银卡,内容种草
C003026,东北,二线,成长型,2026-07,18-24,银卡,老客推荐
C003027,华南,二线,沉睡,2026-03,45-54,普通,老客推荐
C003028,华北,三线及以下,沉睡,2026-05,55+,普通,自然搜索
C003029,华东,新一线,价格敏感,2025-10,55+,普通,直播引流
C003030,华北,三线及以下,新客,2025-11,45-54,银卡,自然搜索
C003031,华南,一线,价格敏感,2026-03,45-54,银卡,线下活动
C003032,华中,二线,高价值,2025-09,45-54,普通,自然搜索
C003033,华中,二线,价格敏感,2026-01,45-54,普通,线下活动
C003034,华东,新一线,价格敏感,2026-04,18-24,普通,自然搜索
C003035,华北,二线,价格敏感,2026-07,18-24,普通,老客推荐
C003036,华南,一线,价格敏感,2026-06,45-54,普通,老客推荐
C003037,华南,三线及以下,高价值,2025-12,45-54,金卡,直播引流
C003038,西南,新一线,成长型,2026-07,45-54,银卡,自然搜索
C003039,东北,二线,价格敏感,2025-09,25-34,银卡,老客推荐
C003040,华东,二线,成长型,2025-11,35-44,普通,自然搜索
C003041,华东,三线及以下,新客,2025-11,18-24,普通,自然搜索
C003042,东北,三线及以下,新客,2026-03,55+,金卡,老客推荐
C003043,华北,二线,价格敏感,2026-03,45-54,银卡,老客推荐
C003044,华东,新一线,成长型,2026-02,55+,金卡,线下活动
C003045,西南,新一线,价格敏感,2025-08,18-24,银卡,老客推荐
C003046,西南,新一线,价格敏感,2026-03,35-44,普通,老客推荐
C003047,华东,新一线,新客,2026-03,55+,银卡,直播引流
C003048,华东,新一线,价格敏感,2026-06,25-34,普通,自然搜索
C003049,华中,新一线,成长型,2025-12,55+,普通,老客推荐
C003050,华北,二线,新客,2025-08,35-44,金卡,自然搜索
C003051,华北,新一线,价格敏感,2026-04,25-34,普通,老客推荐
C003052,东北,二线,成长型,2026-07,35-44,普通,老客推荐
C003053,华南,二线,沉睡,2025-12,35-44,金卡,内容种草
C003054,华中,二线,高价值,2026-07,18-24,银卡,内容种草
C003055,华中,新一线,价格敏感,2026-07,18-24,金卡,直播引流
C003056,华北,二线,成长型,2026-06,55+,普通,自然搜索
C003057,华南,三线及以下,沉睡,2025-11,35-44,银卡,内容种草
C003058,华东,三线及以下,价格敏感,2026-01,45-54,普通,自然搜索
C003059,东北,三线及以下,成长型,2025-10,45-54,黑金,直播引流
C003060,华北,三线及以下,高价值,2026-07,18-24,黑金,老客推荐
C003061,华北,二线,沉睡,2025-10,45-54,普通,老客推荐
C003062,华东,二线,价格敏感,2026-05,18-24,普通,内容种草
C003063,华南,二线,成长型,2026-04,35-44,普通,内容种草
C003064,东北,三线及以下,价格敏感,2026-05,45-54,金卡,老客推荐
C003065,西南,新一线,沉睡,2025-09,25-34,普通,线下活动
C003066,东北,二线,价格敏感,2026-06,35-44,银卡,直播引流
C003067,华北,二线,价格敏感,2026-02,45-54,金卡,自然搜索
C003068,西南,三线及以下,价格敏感,2025-10,55+,金卡,内容种草
C003069,华东,二线,价格敏感,2026-02,18-24,普通,老客推荐
C003070,西南,三线及以下,高价值,2026-03,45-54,黑金,内容种草
C003071,华北,二线,成长型,2026-06,25-34,银卡,线下活动
C003072,华中,新一线,价格敏感,2026-07,55+,银卡,老客推荐
C003073,华中,二线,价格敏感,2026-02,35-44,黑金,直播引流
C003074,华北,二线,成长型,2026-06,45-54,银卡,线下活动
C003075,华北,三线及以下,成长型,2026-06,25-34,银卡,内容种草
C003076,华东,一线,成长型,2025-11,55+,普通,老客推荐
C003077,华中,一线,新客,2026-02,35-44,普通,老客推荐
C003078,西南,新一线,沉睡,2026-01,25-34,普通,老客推荐
C003079,华东,三线及以下,沉睡,2026-06,55+,普通,直播引流
C003080,华南,一线,高价值,2026-05,25-34,金卡,自然搜索
C003081,华中,二线,沉睡,2025-12,18-24,普通,老客推荐
C003082,华南,三线及以下,新客,2026-04,35-44,银卡,老客推荐
C003083,华南,一线,新客,2025-11,55+,银卡,线下活动
C003084,华北,三线及以下,沉睡,2025-08,45-54,普通,内容种草
C003085,华东,新一线,价格敏感,2026-06,25-34,普通,线下活动
C003086,华中,新一线,高价值,2025-11,35-44,普通,内容种草
C003087,华东,二线,高价值,2026-04,45-54,金卡,线下活动
C003088,华东,二线,价格敏感,2026-01,25-34,金卡,内容种草
C003089,华北,二线,成长型,2025-10,25-34,普通,内容种草
C003090,华北,三线及以下,价格敏感,2026-01,45-54,金卡,老客推荐
C003091,华北,二线,价格敏感,2025-11,18-24,普通,老客推荐
C003092,西南,新一线,价格敏感,2026-04,18-24,普通,内容种草
C003093,华南,二线,成长型,2026-01,35-44,金卡,内容种草
C003094,华北,三线及以下,成长型,2025-09,35-44,普通,自然搜索
C003095,华中,新一线,价格敏感,2026-07,35-44,普通,线下活动
C003096,华东,二线,新客,2025-11,35-44,银卡,直播引流
C003097,华北,三线及以下,高价值,2026-05,45-54,黑金,线下活动
C003098,华东,二线,高价值,2025-10,35-44,普通,老客推荐
C003099,华南,一线,价格敏感,2026-04,45-54,银卡,内容种草
C003100,华中,新一线,价格敏感,2026-03,55+,金卡,直播引流
C003101,东北,一线,价格敏感,2026-07,55+,金卡,线下活动
C003102,东北,二线,成长型,2026-02,55+,金卡,线下活动
C003103,华东,二线,成长型,2026-06,35-44,银卡,自然搜索
C003104,华南,二线,新客,2025-12,35-44,银卡,内容种草
C003105,华北,二线,高价值,2025-08,25-34,银卡,自然搜索
C003106,华东,一线,价格敏感,2026-05,55+,银卡,自然搜索
C003107,华东,二线,成长型,2025-08,35-44,银卡,老客推荐
C003108,东北,二线,成长型,2026-03,35-44,银卡,内容种草
C003109,华南,二线,价格敏感,2025-10,18-24,金卡,直播引流
C003110,华中,新一线,沉睡,2025-10,18-24,普通,自然搜索
C003111,华中,二线,成长型,2025-11,45-54,普通,直播引流
C003112,西南,三线及以下,新客,2026-02,18-24,黑金,直播引流
C003113,华北,一线,成长型,2026-03,55+,普通,内容种草
C003114,华中,二线,价格敏感,2026-04,45-54,银卡,线下活动
C003115,华东,一线,沉睡,2026-06,25-34,金卡,自然搜索
C003116,华中,二线,新客,2026-03,25-34,银卡,线下活动
C003117,东北,三线及以下,沉睡,2026-01,45-54,金卡,线下活动
C003118,华东,三线及以下,沉睡,2025-12,45-54,金卡,老客推荐
C003119,西南,新一线,高价值,2026-02,35-44,普通,老客推荐
C003120,华中,三线及以下,价格敏感,2026-06,25-34,普通,自然搜索
C003121,东北,二线,价格敏感,2026-04,55+,银卡,直播引流
C003122,华中,新一线,新客,2026-01,55+,银卡,直播引流
C003123,华东,新一线,成长型,2025-10,35-44,银卡,老客推荐
C003124,西南,新一线,成长型,2026-07,25-34,金卡,自然搜索
C003125,华中,二线,成长型,2025-12,55+,普通,自然搜索
C003126,华北,二线,成长型,2026-06,35-44,普通,老客推荐
C003127,华北,二线,高价值,2026-06,55+,普通,老客推荐
C003128,华北,二线,沉睡,2026-06,55+,银卡,直播引流
C003129,华南,二线,高价值,2026-02,18-24,普通,自然搜索
C003130,东北,新一线,高价值,2025-08,45-54,黑金,老客推荐
C003131,华东,三线及以下,价格敏感,2025-09,35-44,普通,直播引流
C003132,华东,一线,成长型,2026-03,18-24,金卡,线下活动
C003133,华北,三线及以下,价格敏感,2026-06,18-24,金卡,内容种草
C003134,西南,新一线,价格敏感,2025-08,45-54,普通,线下活动
C003135,东北,新一线,高价值,2026-04,55+,银卡,内容种草
C003136,西南,三线及以下,成长型,2025-10,55+,金卡,老客推荐
C003137,华南,新一线,新客,2025-11,25-34,黑金,内容种草
C003138,西南,二线,新客,2026-01,18-24,普通,内容种草
C003139,西南,二线,价格敏感,2025-09,35-44,银卡,老客推荐
C003140,西南,新一线,成长型,2025-11,55+,金卡,线下活动
C003141,华东,一线,新客,2025-12,35-44,普通,自然搜索
C003142,华北,二线,新客,2026-03,25-34,普通,内容种草
C003143,西南,三线及以下,价格敏感,2026-03,45-54,银卡,直播引流
C003144,西南,二线,成长型,2026-06,45-54,普通,内容种草
C003145,西南,一线,新客,2025-09,55+,普通,直播引流
C003146,华东,三线及以下,高价值,2026-07,55+,普通,自然搜索
C003147,华南,三线及以下,价格敏感,2026-01,55+,普通,直播引流
C003148,西南,二线,价格敏感,2026-05,18-24,普通,线下活动
C003149,华东,二线,沉睡,2026-03,55+,银卡,内容种草
C003150,华中,一线,沉睡,2026-06,25-34,银卡,线下活动
C003151,华北,三线及以下,沉睡,2025-11,45-54,黑金,自然搜索
C003152,华北,新一线,成长型,2026-05,18-24,金卡,直播引流
C003153,华东,二线,沉睡,2025-09,18-24,普通,内容种草
C003154,华中,二线,新客,2025-12,25-34,普通,线下活动
C003155,华北,新一线,价格敏感,2026-04,25-34,金卡,老客推荐
C003156,华南,一线,新客,2025-09,45-54,银卡,内容种草
C003157,华北,三线及以下,价格敏感,2026-07,18-24,金卡,内容种草
C003158,华中,新一线,成长型,2025-12,18-24,银卡,内容种草
C003159,华南,三线及以下,沉睡,2025-11,18-24,金卡,直播引流
C003160,华中,二线,沉睡,2025-10,18-24,银卡,自然搜索
C003161,东北,二线,价格敏感,2026-03,25-34,银卡,自然搜索
C003162,西南,二线,价格敏感,2025-12,55+,普通,线下活动
C003163,华东,三线及以下,成长型,2025-10,25-34,普通,自然搜索
C003164,华东,一线,成长型,2025-09,55+,银卡,线下活动
C003165,华北,一线,价格敏感,2025-11,35-44,黑金,内容种草
C003166,西南,新一线,价格敏感,2026-04,35-44,普通,直播引流
C003167,华中,二线,价格敏感,2025-12,35-44,普通,直播引流
C003168,华北,二线,新客,2025-09,18-24,银卡,直播引流
C003169,华南,一线,新客,2025-09,35-44,黑金,直播引流
C003170,华东,一线,成长型,2025-08,25-34,普通,自然搜索
C003171,华中,二线,高价值,2025-08,25-34,银卡,内容种草
C003172,东北,二线,成长型,2026-07,35-44,普通,内容种草
C003173,华东,三线及以下,成长型,2025-12,25-34,金卡,老客推荐
C003174,华中,新一线,成长型,2025-09,35-44,金卡,内容种草
C003175,西南,新一线,高价值,2026-05,18-24,普通,自然搜索
C003176,华南,新一线,沉睡,2026-03,55+,黑金,线下活动
C003177,华北,一线,成长型,2025-11,55+,普通,线下活动
C003178,华南,新一线,成长型,2025-12,25-34,普通,老客推荐
C003179,西南,新一线,新客,2025-11,25-34,普通,内容种草
C003180,华南,新一线,成长型,2026-07,18-24,普通,内容种草
C003181,华南,新一线,成长型,2025-10,18-24,银卡,内容种草
C003182,华东,三线及以下,成长型,2026-05,35-44,金卡,线下活动
C003183,华南,二线,成长型,2026-05,45-54,普通,线下活动
C003184,华中,二线,价格敏感,2026-01,18-24,银卡,自然搜索
C003185,华东,三线及以下,沉睡,2025-08,25-34,普通,自然搜索
C003186,华东,二线,价格敏感,2026-03,35-44,黑金,直播引流
C003187,华中,新一线,成长型,2026-03,18-24,金卡,直播引流
C003188,华南,三线及以下,成长型,2026-05,55+,金卡,老客推荐
C003189,西南,新一线,沉睡,2026-07,18-24,普通,内容种草
C003190,东北,新一线,价格敏感,2025-09,18-24,普通,直播引流
C003191,西南,三线及以下,新客,2025-08,35-44,黑金,内容种草
C003192,华东,三线及以下,沉睡,2026-01,45-54,普通,直播引流
C003193,华东,新一线,高价值,2026-04,45-54,金卡,老客推荐
C003194,华北,三线及以下,沉睡,2026-04,45-54,金卡,老客推荐
C003195,西南,三线及以下,成长型,2026-01,55+,普通,直播引流
C003196,西南,二线,价格敏感,2025-10,25-34,金卡,自然搜索
C003197,东北,一线,高价值,2025-12,45-54,普通,老客推荐
C003198,西南,二线,成长型,2025-12,35-44,普通,老客推荐
C003199,华北,二线,价格敏感,2026-07,55+,普通,自然搜索
C003200,华南,二线,价格敏感,2026-01,45-54,普通,内容种草
C003201,华东,二线,高价值,2026-03,18-24,普通,内容种草
C003202,华东,三线及以下,成长型,2026-04,25-34,普通,直播引流
C003203,西南,新一线,新客,2025-10,45-54,普通,自然搜索
C003204,华北,二线,成长型,2025-08,45-54,银卡,内容种草
C003205,华南,一线,成长型,2026-05,35-44,普通,直播引流
C003206,华东,新一线,价格敏感,2026-05,55+,普通,内容种草
C003207,西南,新一线,高价值,2026-04,45-54,普通,自然搜索
C003208,华东,三线及以下,价格敏感,2026-02,55+,普通,直播引流
C003209,华东,三线及以下,成长型,2026-06,25-34,普通,老客推荐
C003210,华北,三线及以下,价格敏感,2026-04,55+,银卡,直播引流
C003211,华南,新一线,高价值,2026-02,25-34,银卡,自然搜索
C003212,华南,二线,价格敏感,2025-09,18-24,普通,线下活动
C003213,华东,三线及以下,成长型,2026-05,55+,银卡,老客推荐
C003214,华南,新一线,高价值,2025-12,45-54,普通,直播引流
C003215,华东,新一线,价格敏感,2026-03,25-34,银卡,线下活动
C003216,华中,二线,新客,2026-01,45-54,银卡,老客推荐
C003217,华中,新一线,新客,2025-09,25-34,银卡,线下活动
C003218,华东,一线,价格敏感,2026-06,45-54,普通,直播引流
C003219,华东,一线,沉睡,2025-09,45-54,普通,自然搜索
C003220,华南,新一线,沉睡,2026-05,18-24,普通,线下活动
C003221,华东,二线,沉睡,2025-10,35-44,普通,老客推荐
C003222,华东,新一线,成长型,2026-07,45-54,普通,自然搜索
C003223,华北,一线,高价值,2026-02,25-34,银卡,自然搜索
C003224,华东,三线及以下,成长型,2026-07,35-44,普通,老客推荐
C003225,华北,新一线,沉睡,2025-08,25-34,银卡,直播引流
C003226,华南,三线及以下,价格敏感,2026-05,18-24,普通,老客推荐
C003227,华北,新一线,高价值,2026-05,25-34,普通,直播引流
C003228,西南,一线,沉睡,2025-10,18-24,普通,线下活动
C003229,华东,二线,沉睡,2026-06,35-44,银卡,线下活动
C003230,华东,新一线,沉睡,2025-10,55+,金卡,自然搜索
C003231,华东,新一线,新客,2026-07,18-24,金卡,直播引流
C003232,华北,新一线,价格敏感,2025-10,55+,金卡,自然搜索
C003233,东北,三线及以下,价格敏感,2025-09,18-24,普通,直播引流
C003234,华南,二线,新客,2025-09,25-34,普通,老客推荐
C003235,华中,三线及以下,新客,2026-06,25-34,金卡,自然搜索
C003236,东北,新一线,成长型,2025-08,55+,金卡,直播引流
C003237,东北,二线,沉睡,2026-03,55+,银卡,内容种草
C003238,东北,一线,价格敏感,2026-05,35-44,普通,内容种草
C003239,西南,一线,新客,2025-10,45-54,普通,直播引流
C003240,华南,一线,沉睡,2025-10,55+,普通,老客推荐
C003241,华东,二线,成长型,2026-05,55+,普通,直播引流
C003242,华中,二线,新客,2025-11,18-24,银卡,直播引流
C003243,华北,三线及以下,新客,2025-10,25-34,普通,自然搜索
C003244,华东,三线及以下,沉睡,2026-01,25-34,普通,老客推荐
C003245,华中,三线及以下,价格敏感,2025-11,35-44,银卡,自然搜索
C003246,华北,三线及以下,高价值,2025-11,25-34,银卡,老客推荐
C003247,华北,三线及以下,新客,2026-04,55+,银卡,自然搜索
C003248,华北,三线及以下,成长型,2026-04,45-54,黑金,老客推荐
C003249,华北,二线,价格敏感,2026-01,18-24,黑金,自然搜索
C003250,华北,三线及以下,沉睡,2026-04,55+,金卡,直播引流
C003251,华中,三线及以下,成长型,2026-06,25-34,黑金,老客推荐
C003252,西南,二线,成长型,2026-05,18-24,普通,线下活动
C003253,东北,二线,成长型,2025-12,25-34,普通,直播引流
C003254,西南,二线,成长型,2026-01,55+,普通,自然搜索
C003255,东北,一线,价格敏感,2025-12,45-54,银卡,内容种草
C003256,华北,三线及以下,新客,2026-03,45-54,银卡,直播引流
C003257,华北,二线,沉睡,2026-07,45-54,银卡,线下活动
C003258,华北,新一线,沉睡,2025-10,18-24,银卡,直播引流
C003259,东北,一线,价格敏感,2026-01,35-44,金卡,线下活动
C003260,华北,一线,新客,2025-09,18-24,金卡,老客推荐
C003261,华东,二线,价格敏感,2025-12,45-54,银卡,老客推荐
C003262,西南,三线及以下,新客,2026-07,35-44,普通,直播引流
C003263,华东,二线,成长型,2025-10,25-34,金卡,内容种草
C003264,华南,一线,价格敏感,2026-01,35-44,金卡,直播引流
C003265,华中,二线,成长型,2026-04,45-54,银卡,自然搜索
C003266,华南,三线及以下,沉睡,2026-04,45-54,金卡,内容种草
C003267,华东,三线及以下,价格敏感,2026-06,55+,普通,线下活动
C003268,华东,二线,成长型,2026-05,18-24,银卡,直播引流
C003269,华东,二线,新客,2026-03,35-44,银卡,自然搜索
C003270,华北,一线,新客,2026-03,55+,金卡,线下活动
C003271,华北,二线,价格敏感,2025-10,55+,银卡,内容种草
C003272,华南,一线,沉睡,2025-11,45-54,普通,自然搜索
C003273,东北,三线及以下,高价值,2025-08,55+,普通,内容种草
C003274,华南,三线及以下,价格敏感,2025-10,55+,普通,内容种草
C003275,华东,三线及以下,沉睡,2025-08,35-44,银卡,自然搜索
C003276,华南,二线,高价值,2026-01,45-54,银卡,线下活动
C003277,西南,新一线,成长型,2026-02,18-24,普通,内容种草
C003278,华东,三线及以下,成长型,2025-09,18-24,黑金,内容种草
C003279,华东,三线及以下,新客,2025-09,45-54,银卡,自然搜索
C003280,西南,新一线,成长型,2025-08,25-34,银卡,老客推荐
C003281,华东,二线,成长型,2026-07,55+,普通,内容种草
C003282,华东,二线,价格敏感,2025-12,18-24,银卡,自然搜索
C003283,华北,二线,价格敏感,2026-06,55+,银卡,内容种草
C003284,华中,二线,成长型,2025-11,45-54,金卡,直播引流
C003285,华北,二线,高价值,2026-02,55+,普通,老客推荐
C003286,东北,三线及以下,价格敏感,2026-03,55+,黑金,老客推荐
C003287,华中,新一线,价格敏感,2026-07,45-54,银卡,自然搜索
C003288,东北,一线,沉睡,2026-04,25-34,普通,线下活动
C003289,华南,二线,新客,2026-05,35-44,金卡,自然搜索
C003290,东北,新一线,成长型,2026-04,25-34,银卡,自然搜索
C003291,华东,二线,成长型,2025-10,25-34,银卡,老客推荐
C003292,华中,一线,新客,2026-05,18-24,银卡,老客推荐
C003293,华东,一线,成长型,2025-08,18-24,银卡,老客推荐
C003294,华东,一线,沉睡,2025-09,45-54,金卡,自然搜索
C003295,东北,新一线,新客,2026-04,35-44,普通,自然搜索
C003296,华南,二线,成长型,2025-12,35-44,普通,老客推荐
C003297,西南,新一线,成长型,2025-08,25-34,普通,老客推荐
C003298,华中,二线,成长型,2025-11,55+,普通,老客推荐
C003299,华东,新一线,成长型,2026-06,18-24,银卡,老客推荐
C003300,东北,一线,成长型,2026-02,45-54,银卡,内容种草
C003301,华东,三线及以下,价格敏感,2026-06,18-24,银卡,自然搜索
C003302,华东,二线,成长型,2025-09,35-44,普通,线下活动
C003303,华中,新一线,高价值,2026-03,45-54,普通,内容种草
C003304,西南,二线,新客,2026-03,25-34,普通,线下活动
C003305,东北,三线及以下,新客,2025-11,35-44,普通,老客推荐
C003306,东北,二线,新客,2025-08,35-44,银卡,直播引流
C003307,华北,二线,新客,2025-12,25-34,金卡,线下活动
C003308,西南,新一线,价格敏感,2025-08,25-34,普通,老客推荐
C003309,华北,新一线,成长型,2026-03,25-34,银卡,老客推荐
C003310,华东,二线,新客,2026-06,35-44,普通,自然搜索
C003311,东北,新一线,高价值,2026-04,45-54,金卡,内容种草
C003312,华北,三线及以下,价格敏感,2026-02,35-44,银卡,内容种草
C003313,华东,新一线,高价值,2025-12,25-34,普通,直播引流
C003314,西南,一线,沉睡,2025-09,45-54,普通,线下活动
C003315,华东,三线及以下,沉睡,2026-01,25-34,普通,线下活动
C003316,华东,新一线,价格敏感,2026-05,35-44,黑金,线下活动
C003317,华东,一线,价格敏感,2026-07,18-24,普通,内容种草
C003318,西南,三线及以下,价格敏感,2025-11,55+,普通,线下活动
C003319,华中,一线,新客,2025-11,35-44,银卡,内容种草
C003320,华南,二线,价格敏感,2025-12,35-44,银卡,内容种草
C003321,华东,二线,成长型,2026-02,18-24,普通,自然搜索
C003322,东北,二线,成长型,2026-06,25-34,黑金,线下活动
C003323,华东,新一线,成长型,2026-03,35-44,金卡,直播引流
C003324,华中,二线,价格敏感,2026-06,25-34,银卡,老客推荐
C003325,华东,新一线,成长型,2025-10,18-24,普通,老客推荐
C003326,东北,新一线,价格敏感,2025-11,35-44,金卡,内容种草
C003327,华北,新一线,新客,2026-07,55+,金卡,线下活动
C003328,华南,新一线,价格敏感,2026-03,55+,银卡,直播引流
C003329,华东,新一线,成长型,2026-01,25-34,普通,老客推荐
C003330,华南,三线及以下,价格敏感,2026-03,18-24,普通,内容种草
C003331,华南,新一线,沉睡,2026-04,25-34,金卡,直播引流
C003332,华中,一线,高价值,2025-10,25-34,银卡,线下活动
C003333,华南,三线及以下,高价值,2026-05,18-24,普通,自然搜索
C003334,华东,二线,沉睡,2025-12,25-34,金卡,老客推荐
C003335,华东,新一线,价格敏感,2026-07,25-34,普通,内容种草
C003336,华南,新一线,新客,2026-03,18-24,金卡,直播引流
C003337,华南,二线,新客,2026-04,18-24,普通,自然搜索
C003338,华东,二线,价格敏感,2025-11,25-34,普通,自然搜索
C003339,华南,二线,沉睡,2025-10,25-34,金卡,自然搜索
C003340,华东,二线,价格敏感,2026-04,25-34,普通,直播引流
C003341,西南,三线及以下,价格敏感,2026-07,25-34,银卡,线下活动
C003342,华中,二线,沉睡,2025-11,45-54,银卡,内容种草
C003343,华北,三线及以下,沉睡,2026-01,18-24,普通,自然搜索
C003344,华南,二线,成长型,2026-05,55+,银卡,线下活动
C003345,华中,新一线,价格敏感,2026-02,18-24,金卡,线下活动
C003346,华东,一线,新客,2025-09,35-44,金卡,自然搜索
C003347,华东,一线,高价值,2025-12,45-54,普通,老客推荐
C003348,华北,二线,成长型,2025-08,45-54,普通,线下活动
C003349,东北,新一线,沉睡,2026-01,25-34,普通,内容种草
C003350,华南,二线,新客,2025-12,25-34,普通,自然搜索
C003351,华东,一线,价格敏感,2025-12,35-44,黑金,内容种草
C003352,华南,三线及以下,高价值,2026-04,18-24,银卡,直播引流
C003353,华中,二线,价格敏感,2025-11,55+,银卡,线下活动
C003354,东北,二线,价格敏感,2025-10,35-44,银卡,内容种草
C003355,华中,一线,高价值,2025-10,35-44,普通,线下活动
C003356,华北,二线,价格敏感,2026-03,18-24,银卡,内容种草
C003357,华东,二线,成长型,2026-06,25-34,普通,内容种草
C003358,西南,二线,价格敏感,2025-11,35-44,黑金,直播引流
C003359,华中,新一线,新客,2025-10,55+,普通,线下活动
C003360,华南,新一线,高价值,2025-09,35-44,银卡,内容种草
C003361,华东,一线,新客,2025-10,18-24,金卡,自然搜索
C003362,东北,二线,成长型,2026-02,55+,普通,线下活动
C003363,华中,新一线,新客,2026-01,45-54,普通,自然搜索
C003364,华东,三线及以下,成长型,2026-07,18-24,普通,内容种草
C003365,西南,新一线,新客,2025-10,25-34,银卡,老客推荐
C003366,华中,二线,价格敏感,2025-10,25-34,普通,自然搜索
C003367,华北,三线及以下,成长型,2025-12,25-34,金卡,线下活动
C003368,华中,二线,价格敏感,2025-11,55+,普通,线下活动
C003369,华南,新一线,新客,2026-03,18-24,金卡,内容种草
C003370,华中,新一线,成长型,2026-06,45-54,普通,直播引流
C003371,东北,新一线,沉睡,2026-04,25-34,普通,老客推荐
C003372,华东,一线,沉睡,2026-03,18-24,普通,直播引流
C003373,华北,新一线,成长型,2026-05,45-54,黑金,线下活动
C003374,华南,二线,价格敏感,2025-12,18-24,普通,内容种草
C003375,华南,三线及以下,成长型,2025-08,25-34,普通,直播引流
C003376,华东,二线,成长型,2026-07,45-54,普通,内容种草
C003377,东北,三线及以下,成长型,2026-07,25-34,普通,直播引流
C003378,华北,三线及以下,价格敏感,2025-12,55+,金卡,线下活动
C003379,华东,三线及以下,成长型,2025-11,55+,银卡,老客推荐
C003380,东北,一线,价格敏感,2026-03,18-24,普通,老客推荐
C003381,华东,三线及以下,价格敏感,2025-10,35-44,普通,线下活动
C003382,华中,新一线,成长型,2025-10,25-34,普通,直播引流
C003383,华北,三线及以下,沉睡,2026-01,35-44,金卡,自然搜索
C003384,华北,新一线,沉睡,2026-03,25-34,普通,线下活动
C003385,华南,二线,高价值,2025-10,18-24,普通,自然搜索
C003386,华南,三线及以下,成长型,2026-05,35-44,普通,直播引流
C003387,华南,新一线,成长型,2026-04,45-54,普通,内容种草
C003388,华东,二线,沉睡,2026-03,35-44,普通,自然搜索
C003389,华南,一线,成长型,2026-04,55+,银卡,线下活动
C003390,东北,三线及以下,高价值,2026-07,35-44,普通,内容种草
C003391,西南,三线及以下,沉睡,2026-01,18-24,金卡,老客推荐
C003392,华东,三线及以下,沉睡,2026-05,18-24,银卡,老客推荐
C003393,华南,三线及以下,价格敏感,2026-06,25-34,金卡,线下活动
C003394,华东,一线,成长型,2026-04,25-34,金卡,内容种草
C003395,华南,二线,高价值,2026-01,55+,黑金,线下活动
C003396,西南,三线及以下,高价值,2025-08,35-44,普通,内容种草
C003397,西南,二线,沉睡,2026-04,55+,银卡,老客推荐
C003398,东北,二线,价格敏感,2026-06,35-44,普通,线下活动
C003399,华中,二线,价格敏感,2025-11,35-44,普通,老客推荐
C003400,华北,三线及以下,新客,2026-07,55+,银卡,线下活动
C003401,华东,三线及以下,沉睡,2025-10,45-54,银卡,线下活动
C003402,华东,三线及以下,新客,2026-02,18-24,普通,老客推荐
C003403,华中,二线,价格敏感,2026-03,25-34,普通,直播引流
C003404,华中,二线,成长型,2025-12,35-44,普通,直播引流
C003405,华东,二线,沉睡,2025-12,55+,金卡,线下活动
C003406,西南,三线及以下,成长型,2026-01,55+,银卡,老客推荐
C003407,东北,二线,成长型,2025-09,55+,普通,内容种草
C003408,西南,一线,价格敏感,2025-08,35-44,银卡,线下活动
C003409,华南,三线及以下,沉睡,2026-02,25-34,普通,内容种草
C003410,华北,一线,新客,2025-09,45-54,普通,线下活动
C003411,华中,新一线,新客,2026-01,25-34,黑金,内容种草
C003412,华南,二线,沉睡,2026-06,45-54,金卡,内容种草
C003413,华南,二线,新客,2026-06,18-24,普通,内容种草
C003414,华东,新一线,价格敏感,2025-10,25-34,普通,直播引流
C003415,华中,新一线,价格敏感,2026-06,18-24,普通,内容种草
C003416,华北,一线,新客,2026-01,35-44,普通,老客推荐
C003417,华东,一线,成长型,2026-04,25-34,普通,自然搜索
C003418,东北,新一线,价格敏感,2025-08,25-34,普通,内容种草
C003419,华北,一线,成长型,2026-06,45-54,普通,自然搜索
C003420,华北,三线及以下,价格敏感,2026-06,35-44,银卡,内容种草
C003421,华中,一线,价格敏感,2026-04,45-54,金卡,线下活动
C003422,华中,二线,沉睡,2026-06,55+,金卡,老客推荐
C003423,华南,二线,新客,2025-10,25-34,银卡,内容种草
C003424,华中,新一线,沉睡,2026-05,55+,普通,直播引流
C003425,西南,三线及以下,高价值,2026-04,45-54,金卡,线下活动
C003426,华东,三线及以下,成长型,2026-06,55+,普通,内容种草
C003427,华北,新一线,价格敏感,2025-09,18-24,银卡,老客推荐
C003428,西南,二线,沉睡,2026-01,45-54,普通,直播引流
C003429,西南,三线及以下,成长型,2026-06,45-54,普通,线下活动
C003430,华南,二线,成长型,2025-10,25-34,普通,直播引流
C003431,华东,二线,成长型,2025-10,35-44,银卡,老客推荐
C003432,华南,二线,高价值,2025-08,18-24,普通,直播引流
C003433,华北,新一线,成长型,2025-09,55+,银卡,自然搜索
C003434,西南,三线及以下,沉睡,2025-11,35-44,普通,直播引流
C003435,华中,一线,成长型,2025-09,18-24,黑金,内容种草
C003436,华东,三线及以下,价格敏感,2025-09,45-54,普通,老客推荐
C003437,华北,一线,价格敏感,2025-11,25-34,普通,线下活动
C003438,华南,新一线,新客,2025-12,25-34,银卡,线下活动
C003439,东北,三线及以下,价格敏感,2026-02,35-44,金卡,线下活动
C003440,华东,三线及以下,新客,2026-04,35-44,金卡,老客推荐
C003441,东北,二线,成长型,2026-07,55+,金卡,自然搜索
C003442,华北,三线及以下,高价值,2026-05,45-54,金卡,内容种草
C003443,华中,二线,成长型,2025-08,55+,普通,直播引流
C003444,华中,一线,价格敏感,2025-09,45-54,银卡,内容种草
C003445,华北,新一线,沉睡,2025-08,18-24,普通,老客推荐
C003446,华东,一线,价格敏感,2026-03,55+,金卡,自然搜索
C003447,东北,二线,价格敏感,2026-04,18-24,金卡,老客推荐
C003448,华东,二线,价格敏感,2025-08,35-44,普通,自然搜索
C003449,华北,二线,成长型,2025-09,45-54,银卡,直播引流
C003450,华北,新一线,高价值,2025-11,18-24,金卡,直播引流
C003451,西南,二线,成长型,2025-10,18-24,普通,老客推荐
C003452,西南,二线,高价值,2025-11,25-34,普通,线下活动
C003453,华南,二线,高价值,2025-12,35-44,金卡,自然搜索
C003454,华南,新一线,新客,2025-09,35-44,银卡,老客推荐
C003455,华南,二线,新客,2025-09,18-24,普通,老客推荐
C003456,西南,三线及以下,价格敏感,2025-11,55+,银卡,直播引流
C003457,东北,一线,高价值,2026-07,18-24,普通,内容种草
C003458,华中,三线及以下,成长型,2026-05,18-24,普通,直播引流
C003459,华东,新一线,新客,2026-01,35-44,普通,自然搜索
C003460,华北,二线,成长型,2026-07,35-44,普通,直播引流
C003461,西南,二线,沉睡,2026-01,25-34,普通,直播引流
C003462,华东,三线及以下,成长型,2026-03,45-54,银卡,老客推荐
C003463,华北,一线,新客,2025-09,45-54,普通,内容种草
C003464,东北,三线及以下,价格敏感,2026-05,18-24,普通,内容种草
C003465,华东,二线,成长型,2025-08,25-34,普通,线下活动
C003466,华北,二线,新客,2025-12,25-34,金卡,老客推荐
C003467,华东,一线,成长型,2026-03,45-54,普通,老客推荐
C003468,华南,二线,新客,2025-09,35-44,银卡,直播引流
C003469,华北,二线,新客,2025-09,55+,普通,内容种草
C003470,华南,三线及以下,新客,2026-01,25-34,黑金,自然搜索
C003471,华东,三线及以下,高价值,2026-03,25-34,银卡,内容种草
C003472,华北,二线,成长型,2025-12,55+,银卡,内容种草
C003473,华北,三线及以下,成长型,2025-08,55+,普通,内容种草
C003474,华南,新一线,成长型,2026-01,25-34,金卡,老客推荐
C003475,华南,新一线,高价值,2025-09,25-34,普通,直播引流
C003476,西南,三线及以下,价格敏感,2026-03,35-44,银卡,线下活动
C003477,西南,三线及以下,成长型,2026-05,45-54,黑金,老客推荐
C003478,华中,二线,沉睡,2025-12,25-34,金卡,自然搜索
C003479,华南,一线,价格敏感,2026-05,35-44,金卡,直播引流
C003480,西南,新一线,新客,2026-04,25-34,银卡,线下活动
C003481,华东,一线,成长型,2026-02,18-24,银卡,内容种草
C003482,华中,三线及以下,成长型,2025-11,55+,金卡,自然搜索
C003483,华北,二线,新客,2025-08,55+,普通,线下活动
C003484,东北,新一线,新客,2026-02,18-24,金卡,直播引流
C003485,西南,二线,成长型,2025-12,25-34,普通,直播引流
C003486,华东,二线,价格敏感,2025-10,18-24,银卡,老客推荐
C003487,华东,三线及以下,沉睡,2025-12,25-34,金卡,线下活动
C003488,东北,三线及以下,沉睡,2025-10,45-54,普通,直播引流
C003489,东北,一线,成长型,2025-10,18-24,银卡,线下活动
C003490,华东,三线及以下,新客,2025-08,25-34,银卡,老客推荐
C003491,华南,二线,成长型,2026-02,25-34,普通,线下活动
C003492,华北,一线,新客,2026-04,45-54,金卡,线下活动
C003493,华南,三线及以下,沉睡,2025-09,35-44,普通,自然搜索
C003494,西南,三线及以下,新客,2026-03,35-44,金卡,老客推荐
C003495,东北,一线,高价值,2026-04,35-44,普通,内容种草
C003496,西南,二线,成长型,2025-12,25-34,金卡,自然搜索
C003497,华东,新一线,价格敏感,2025-11,45-54,普通,自然搜索
C003498,华中,三线及以下,高价值,2026-02,18-24,银卡,线下活动
C003499,华东,一线,沉睡,2026-01,18-24,普通,直播引流
C003500,华东,三线及以下,价格敏感,2026-03,25-34,黑金,自然搜索
C003501,东北,一线,成长型,2025-10,35-44,银卡,线下活动
C003502,华北,三线及以下,高价值,2026-07,45-54,普通,直播引流
C003503,华南,新一线,沉睡,2025-10,35-44,金卡,内容种草
C003504,华北,二线,成长型,2025-08,18-24,普通,老客推荐
C003505,华中,新一线,沉睡,2026-06,35-44,银卡,直播引流
C003506,华东,二线,新客,2025-12,35-44,普通,直播引流
C003507,华东,二线,沉睡,2026-03,55+,金卡,自然搜索
C003508,华南,一线,价格敏感,2026-04,55+,普通,线下活动
C003509,西南,一线,价格敏感,2026-01,45-54,银卡,线下活动
C003510,华中,新一线,价格敏感,2025-11,55+,银卡,自然搜索
C003511,华北,三线及以下,价格敏感,2026-02,25-34,普通,老客推荐
C003512,华东,新一线,高价值,2026-01,18-24,金卡,直播引流
C003513,华南,二线,价格敏感,2026-04,25-34,普通,内容种草
C003514,西南,三线及以下,新客,2025-12,18-24,普通,线下活动
C003515,华东,新一线,成长型,2025-08,18-24,金卡,内容种草
C003516,西南,三线及以下,成长型,2026-02,45-54,金卡,自然搜索
C003517,华东,二线,成长型,2025-12,45-54,银卡,老客推荐
C003518,华南,二线,价格敏感,2026-06,25-34,普通,自然搜索
C003519,华东,新一线,价格敏感,2026-03,45-54,银卡,线下活动
C003520,华北,一线,成长型,2026-07,35-44,银卡,线下活动
C003521,华中,新一线,新客,2025-12,35-44,银卡,线下活动
C003522,华东,新一线,成长型,2026-06,18-24,银卡,内容种草
C003523,华南,二线,成长型,2026-04,25-34,银卡,老客推荐
C003524,华东,二线,成长型,2026-02,45-54,金卡,线下活动
C003525,华南,一线,成长型,2026-02,18-24,金卡,自然搜索
C003526,华中,新一线,新客,2026-04,18-24,普通,直播引流
C003527,华南,三线及以下,沉睡,2025-11,25-34,普通,直播引流
C003528,东北,二线,成长型,2025-09,45-54,普通,内容种草
C003529,华中,三线及以下,沉睡,2026-01,35-44,普通,内容种草
C003530,华北,三线及以下,价格敏感,2025-11,55+,银卡,自然搜索
C003531,华东,二线,价格敏感,2026-05,45-54,金卡,自然搜索
C003532,华东,二线,沉睡,2025-08,35-44,普通,自然搜索
C003533,华东,新一线,高价值,2025-10,18-24,普通,直播引流
C003534,华东,二线,高价值,2026-05,18-24,普通,直播引流
C003535,华北,三线及以下,成长型,2026-03,25-34,普通,老客推荐
C003536,华南,二线,价格敏感,2026-04,45-54,普通,直播引流
C003537,华中,二线,价格敏感,2025-12,55+,黑金,直播引流
C003538,华东,三线及以下,新客,2026-02,25-34,银卡,直播引流
C003539,华南,新一线,沉睡,2026-02,18-24,金卡,直播引流
C003540,西南,一线,新客,2025-10,55+,银卡,老客推荐
C003541,华北,新一线,新客,2026-02,55+,银卡,线下活动
C003542,西南,一线,成长型,2025-11,18-24,普通,直播引流
C003543,华中,新一线,价格敏感,2026-06,55+,银卡,线下活动
C003544,西南,三线及以下,成长型,2025-09,55+,普通,老客推荐
C003545,华北,二线,沉睡,2025-10,55+,银卡,内容种草
C003546,西南,新一线,沉睡,2025-11,18-24,普通,内容种草
C003547,华南,二线,新客,2026-03,45-54,金卡,自然搜索
C003548,华南,二线,价格敏感,2025-08,45-54,普通,线下活动
C003549,华南,二线,成长型,2026-04,55+,银卡,自然搜索
C003550,华北,三线及以下,成长型,2025-09,35-44,金卡,线下活动
C003551,华中,二线,沉睡,2026-07,35-44,普通,内容种草
C003552,华东,二线,沉睡,2026-04,55+,普通,直播引流
C003553,华东,二线,新客,2025-08,35-44,黑金,直播引流
C003554,华中,三线及以下,沉睡,2026-03,25-34,普通,直播引流
C003555,华北,二线,成长型,2025-12,55+,黑金,直播引流
C003556,西南,新一线,价格敏感,2025-08,45-54,普通,内容种草
C003557,华东,一线,成长型,2026-05,45-54,普通,线下活动
C003558,华南,新一线,新客,2026-03,55+,金卡,老客推荐
C003559,华北,一线,价格敏感,2025-12,45-54,银卡,自然搜索
C003560,东北,一线,价格敏感,2025-11,18-24,银卡,自然搜索
C003561,华北,新一线,沉睡,2026-02,25-34,普通,老客推荐
C003562,华东,三线及以下,价格敏感,2025-10,45-54,金卡,自然搜索
C003563,华东,二线,价格敏感,2026-05,55+,普通,老客推荐
C003564,华北,新一线,价格敏感,2026-01,55+,金卡,老客推荐
C003565,华南,三线及以下,价格敏感,2025-11,25-34,金卡,内容种草
C003566,华南,二线,价格敏感,2026-01,35-44,银卡,自然搜索
C003567,华南,二线,价格敏感,2026-04,25-34,普通,线下活动
C003568,华中,新一线,价格敏感,2025-12,45-54,普通,老客推荐
C003569,华南,一线,价格敏感,2025-12,55+,银卡,老客推荐
C003570,华南,二线,沉睡,2025-12,45-54,普通,老客推荐
C003571,华北,一线,成长型,2026-07,25-34,银卡,老客推荐
C003572,华东,新一线,成长型,2026-06,25-34,金卡,线下活动
C003573,华北,二线,价格敏感,2026-04,55+,银卡,老客推荐
C003574,华东,新一线,价格敏感,2025-10,25-34,普通,老客推荐
C003575,华东,三线及以下,沉睡,2025-11,18-24,普通,老客推荐
C003576,华北,三线及以下,新客,2025-08,18-24,普通,内容种草
C003577,华南,二线,价格敏感,2026-06,35-44,银卡,自然搜索
C003578,华东,一线,成长型,2026-05,35-44,普通,自然搜索
C003579,华东,三线及以下,价格敏感,2026-04,45-54,普通,内容种草
C003580,华东,二线,价格敏感,2026-05,55+,银卡,内容种草
C003581,华北,二线,新客,2026-04,55+,普通,线下活动
C003582,华北,三线及以下,成长型,2025-11,18-24,银卡,自然搜索
C003583,华东,三线及以下,价格敏感,2026-06,18-24,银卡,老客推荐
C003584,华东,一线,高价值,2025-11,25-34,普通,老客推荐
C003585,华南,二线,新客,2026-02,55+,普通,老客推荐
C003586,西南,新一线,高价值,2026-03,55+,金卡,内容种草
C003587,华南,三线及以下,价格敏感,2026-05,55+,银卡,老客推荐
C003588,华北,三线及以下,成长型,2026-06,35-44,金卡,内容种草
C003589,华南,新一线,成长型,2026-02,25-34,普通,自然搜索
C003590,西南,新一线,价格敏感,2025-11,45-54,银卡,内容种草
C003591,华北,三线及以下,沉睡,2026-03,25-34,普通,老客推荐
C003592,东北,二线,价格敏感,2025-12,18-24,银卡,自然搜索
C003593,华中,新一线,沉睡,2025-08,55+,银卡,老客推荐
C003594,西南,一线,成长型,2026-05,25-34,金卡,内容种草
C003595,华北,二线,沉睡,2026-03,25-34,银卡,老客推荐
C003596,华北,二线,价格敏感,2025-08,18-24,银卡,内容种草
C003597,华中,三线及以下,成长型,2025-12,25-34,普通,老客推荐
C003598,西南,二线,价格敏感,2026-02,35-44,金卡,内容种草
C003599,东北,新一线,高价值,2025-10,25-34,银卡,自然搜索
C003600,华东,新一线,新客,2026-03,45-54,黑金,自然搜索
C003601,西南,二线,高价值,2025-11,35-44,黑金,内容种草
C003602,华东,新一线,沉睡,2026-01,55+,银卡,内容种草
C003603,东北,二线,成长型,2025-10,25-34,银卡,自然搜索
C003604,华东,三线及以下,成长型,2025-11,18-24,普通,直播引流
C003605,西南,二线,新客,2026-03,45-54,普通,直播引流
C003606,华南,二线,成长型,2025-08,18-24,银卡,自然搜索
C003607,华南,三线及以下,价格敏感,2026-02,18-24,普通,直播引流
C003608,华中,三线及以下,价格敏感,2026-02,25-34,普通,内容种草
C003609,华东,新一线,价格敏感,2026-03,25-34,银卡,内容种草
C003610,东北,三线及以下,价格敏感,2025-09,35-44,银卡,线下活动
C003611,华东,一线,成长型,2026-07,25-34,普通,老客推荐
C003612,华南,三线及以下,高价值,2026-03,35-44,普通,自然搜索
C003613,西南,三线及以下,沉睡,2026-01,55+,普通,直播引流
C003614,华东,三线及以下,价格敏感,2026-03,55+,银卡,自然搜索
C003615,华东,三线及以下,成长型,2026-05,18-24,普通,老客推荐
C003616,华东,三线及以下,高价值,2025-10,55+,普通,自然搜索
C003617,华北,二线,价格敏感,2026-07,55+,普通,自然搜索
C003618,华东,二线,沉睡,2026-01,25-34,银卡,线下活动
C003619,华中,二线,新客,2025-10,45-54,普通,老客推荐
C003620,华中,一线,新客,2026-06,18-24,金卡,老客推荐
C003621,华北,三线及以下,成长型,2025-09,35-44,普通,线下活动
C003622,东北,三线及以下,成长型,2025-10,55+,普通,线下活动
C003623,华中,二线,高价值,2025-09,45-54,普通,老客推荐
C003624,西南,三线及以下,成长型,2025-09,18-24,普通,线下活动
C003625,西南,二线,成长型,2026-06,35-44,银卡,自然搜索
C003626,华中,二线,价格敏感,2025-09,45-54,普通,线下活动
C003627,华中,新一线,新客,2026-07,45-54,金卡,线下活动
C003628,西南,二线,高价值,2026-03,25-34,银卡,直播引流
C003629,东北,三线及以下,成长型,2026-04,45-54,银卡,老客推荐
C003630,华东,新一线,价格敏感,2026-06,25-34,银卡,直播引流
C003631,东北,三线及以下,成长型,2026-07,18-24,银卡,线下活动
C003632,西南,新一线,价格敏感,2025-10,35-44,普通,直播引流
C003633,西南,二线,成长型,2025-11,25-34,银卡,线下活动
C003634,西南,三线及以下,沉睡,2025-10,35-44,普通,直播引流
C003635,华北,二线,沉睡,2026-06,55+,普通,直播引流
C003636,华东,二线,成长型,2026-05,25-34,普通,线下活动
C003637,华东,新一线,高价值,2026-03,45-54,普通,老客推荐
C003638,华东,一线,沉睡,2025-10,18-24,普通,直播引流
C003639,华北,二线,价格敏感,2025-08,45-54,普通,线下活动
C003640,华南,新一线,高价值,2026-03,25-34,银卡,自然搜索
C003641,华北,三线及以下,新客,2026-04,55+,黑金,自然搜索
C003642,华南,一线,新客,2026-02,35-44,金卡,直播引流
C003643,华东,三线及以下,成长型,2026-03,35-44,普通,老客推荐
C003644,华南,三线及以下,成长型,2026-06,45-54,普通,内容种草
C003645,华北,新一线,新客,2026-07,18-24,普通,内容种草
C003646,华北,三线及以下,沉睡,2026-05,55+,银卡,内容种草
C003647,华北,一线,成长型,2026-04,25-34,普通,直播引流
C003648,华东,三线及以下,新客,2026-05,55+,普通,内容种草
C003649,华南,三线及以下,价格敏感,2025-08,35-44,普通,线下活动
C003650,华中,三线及以下,价格敏感,2026-04,18-24,银卡,内容种草
C003651,东北,新一线,新客,2025-10,55+,普通,内容种草
C003652,华中,新一线,新客,2026-05,25-34,金卡,老客推荐
C003653,华东,三线及以下,价格敏感,2025-12,55+,银卡,直播引流
C003654,华北,新一线,价格敏感,2025-12,55+,银卡,老客推荐
C003655,西南,三线及以下,新客,2026-04,55+,普通,内容种草
C003656,华中,一线,成长型,2026-04,35-44,金卡,内容种草
C003657,华中,新一线,价格敏感,2025-12,55+,普通,内容种草
C003658,华东,三线及以下,成长型,2026-05,45-54,普通,内容种草
C003659,华北,新一线,价格敏感,2025-10,25-34,银卡,自然搜索
C003660,华北,二线,价格敏感,2026-06,55+,银卡,直播引流
C003661,华东,新一线,价格敏感,2025-10,45-54,银卡,线下活动
C003662,华东,三线及以下,价格敏感,2026-02,35-44,普通,内容种草
C003663,西南,三线及以下,价格敏感,2025-09,25-34,普通,直播引流
C003664,华东,二线,价格敏感,2026-02,35-44,普通,自然搜索
C003665,华东,三线及以下,新客,2025-08,18-24,银卡,内容种草
C003666,东北,三线及以下,沉睡,2025-12,35-44,银卡,自然搜索
C003667,华中,新一线,沉睡,2026-07,35-44,普通,线下活动
C003668,华南,二线,价格敏感,2026-05,55+,金卡,线下活动
C003669,华北,三线及以下,高价值,2026-05,35-44,普通,老客推荐
C003670,华南,一线,新客,2026-07,35-44,银卡,自然搜索
C003671,华南,新一线,成长型,2025-08,55+,银卡,线下活动
C003672,华中,新一线,成长型,2025-10,18-24,普通,内容种草
C003673,东北,新一线,沉睡,2025-12,25-34,普通,线下活动
C003674,华南,新一线,高价值,2026-05,35-44,普通,老客推荐
C003675,西南,三线及以下,成长型,2025-12,35-44,银卡,老客推荐
C003676,华中,新一线,成长型,2026-05,35-44,普通,自然搜索
C003677,东北,一线,高价值,2025-11,18-24,金卡,内容种草
C003678,华南,二线,高价值,2025-08,35-44,普通,老客推荐
C003679,华东,二线,高价值,2026-07,25-34,普通,直播引流
C003680,华东,二线,价格敏感,2026-07,25-34,金卡,直播引流
C003681,华东,三线及以下,价格敏感,2026-05,55+,普通,内容种草
C003682,华南,三线及以下,成长型,2026-01,45-54,普通,直播引流
C003683,华北,新一线,成长型,2026-04,45-54,金卡,老客推荐
C003684,西南,一线,成长型,2026-04,25-34,黑金,内容种草
C003685,华东,三线及以下,成长型,2026-04,35-44,普通,内容种草
C003686,华中,新一线,价格敏感,2026-02,35-44,金卡,老客推荐
C003687,华东,二线,成长型,2026-02,18-24,金卡,线下活动
C003688,华南,二线,沉睡,2026-05,45-54,银卡,自然搜索
C003689,西南,一线,高价值,2026-03,25-34,普通,自然搜索
C003690,华东,二线,高价值,2026-03,25-34,普通,自然搜索
C003691,华南,新一线,价格敏感,2025-11,25-34,普通,自然搜索
C003692,华北,二线,成长型,2026-02,35-44,金卡,内容种草
C003693,华南,一线,成长型,2025-11,35-44,普通,内容种草
C003694,东北,三线及以下,成长型,2025-12,25-34,普通,自然搜索
C003695,华中,二线,沉睡,2026-04,45-54,金卡,线下活动
C003696,华东,三线及以下,成长型,2025-08,35-44,银卡,内容种草
C003697,华东,一线,成长型,2026-04,18-24,普通,线下活动
C003698,华南,二线,价格敏感,2025-08,25-34,银卡,直播引流
C003699,华中,二线,高价值,2025-09,45-54,金卡,线下活动
C003700,华南,一线,成长型,2026-01,35-44,普通,直播引流
C003701,华中,二线,新客,2025-10,25-34,银卡,自然搜索
C003702,华北,二线,价格敏感,2026-04,25-34,金卡,老客推荐
C003703,华东,一线,价格敏感,2026-07,25-34,银卡,线下活动
C003704,西南,一线,价格敏感,2026-05,35-44,普通,内容种草
C003705,华南,新一线,价格敏感,2026-06,35-44,普通,自然搜索
C003706,华北,新一线,高价值,2026-03,55+,普通,直播引流
C003707,华中,新一线,沉睡,2026-04,55+,黑金,内容种草
C003708,华中,二线,价格敏感,2025-09,35-44,普通,直播引流
C003709,华北,新一线,价格敏感,2026-06,18-24,普通,直播引流
C003710,华南,新一线,价格敏感,2026-07,18-24,银卡,直播引流
C003711,华南,新一线,成长型,2026-07,45-54,普通,直播引流
C003712,东北,二线,新客,2026-03,25-34,金卡,直播引流
C003713,华中,新一线,价格敏感,2025-10,55+,普通,内容种草
C003714,华东,三线及以下,价格敏感,2026-02,45-54,银卡,老客推荐
C003715,东北,新一线,价格敏感,2025-08,18-24,普通,自然搜索
C003716,华东,一线,沉睡,2026-04,45-54,普通,直播引流
C003717,华东,三线及以下,新客,2025-10,35-44,银卡,线下活动
C003718,东北,三线及以下,成长型,2026-01,18-24,普通,直播引流
C003719,华东,二线,成长型,2026-02,35-44,银卡,直播引流
C003720,东北,三线及以下,新客,2025-09,18-24,普通,自然搜索
C003721,华北,二线,高价值,2025-11,45-54,普通,老客推荐
C003722,华北,一线,沉睡,2025-08,45-54,普通,直播引流
C003723,华东,新一线,价格敏感,2025-12,25-34,普通,老客推荐
C003724,华南,新一线,沉睡,2026-03,55+,金卡,线下活动
C003725,华北,三线及以下,成长型,2025-08,25-34,普通,老客推荐
C003726,华南,新一线,新客,2025-08,25-34,普通,老客推荐
C003727,华北,新一线,新客,2026-04,18-24,银卡,老客推荐
C003728,华东,三线及以下,成长型,2026-04,45-54,黑金,直播引流
C003729,华中,二线,价格敏感,2026-07,55+,普通,内容种草
C003730,华南,新一线,价格敏感,2026-01,45-54,银卡,内容种草
C003731,华中,二线,沉睡,2025-08,55+,普通,老客推荐
C003732,华北,三线及以下,成长型,2025-11,55+,普通,直播引流
C003733,华北,三线及以下,高价值,2026-06,18-24,普通,自然搜索
C003734,华北,新一线,成长型,2025-12,35-44,普通,直播引流
C003735,华东,新一线,价格敏感,2026-01,25-34,普通,老客推荐
C003736,华北,新一线,价格敏感,2026-06,35-44,普通,线下活动
C003737,华北,新一线,沉睡,2025-10,35-44,金卡,内容种草
C003738,华南,二线,高价值,2026-02,25-34,普通,线下活动
C003739,华中,新一线,高价值,2025-12,18-24,普通,自然搜索
C003740,华南,新一线,高价值,2026-07,55+,普通,内容种草
C003741,东北,新一线,高价值,2026-06,35-44,普通,线下活动
C003742,华北,三线及以下,成长型,2025-08,18-24,银卡,自然搜索
C003743,华北,二线,新客,2025-09,45-54,普通,直播引流
C003744,西南,二线,高价值,2026-02,55+,普通,老客推荐
C003745,华东,新一线,成长型,2026-06,45-54,普通,直播引流
C003746,华北,新一线,成长型,2025-08,45-54,银卡,老客推荐
C003747,华东,一线,新客,2025-11,35-44,普通,直播引流
C003748,东北,三线及以下,价格敏感,2025-09,18-24,金卡,线下活动
C003749,西南,三线及以下,成长型,2026-02,25-34,普通,线下活动
C003750,华北,二线,新客,2025-08,35-44,银卡,线下活动
C003751,华中,二线,成长型,2025-11,55+,普通,线下活动
C003752,华东,二线,价格敏感,2026-03,25-34,普通,线下活动
C003753,华北,二线,成长型,2026-01,35-44,银卡,线下活动
C003754,华东,三线及以下,沉睡,2026-04,55+,普通,自然搜索
C003755,东北,三线及以下,高价值,2025-09,18-24,普通,内容种草
C003756,华南,三线及以下,价格敏感,2026-02,55+,金卡,线下活动
C003757,华北,三线及以下,价格敏感,2025-10,25-34,普通,线下活动
C003758,华东,三线及以下,价格敏感,2026-06,18-24,银卡,老客推荐
C003759,西南,三线及以下,新客,2025-09,45-54,金卡,自然搜索
C003760,华东,新一线,价格敏感,2026-01,45-54,普通,老客推荐
C003761,华中,新一线,新客,2025-11,35-44,普通,线下活动
C003762,西南,二线,沉睡,2025-12,45-54,金卡,内容种草
C003763,华北,二线,价格敏感,2026-04,45-54,金卡,线下活动
C003764,华南,新一线,沉睡,2026-02,18-24,金卡,线下活动
C003765,华北,一线,高价值,2026-03,45-54,普通,内容种草
C003766,华北,二线,高价值,2026-05,18-24,银卡,直播引流
C003767,华东,新一线,成长型,2025-09,45-54,银卡,直播引流
C003768,华北,二线,成长型,2026-03,25-34,银卡,内容种草
C003769,华北,新一线,价格敏感,2025-12,35-44,普通,直播引流
C003770,华东,一线,价格敏感,2026-05,45-54,普通,老客推荐
C003771,东北,新一线,高价值,2025-08,45-54,金卡,直播引流
C003772,华北,二线,成长型,2025-09,18-24,普通,线下活动
C003773,华中,三线及以下,沉睡,2026-06,18-24,银卡,老客推荐
C003774,华南,新一线,高价值,2025-12,55+,金卡,老客推荐
C003775,华北,新一线,成长型,2026-03,55+,金卡,内容种草
C003776,华北,二线,成长型,2026-05,55+,银卡,直播引流
C003777,华东,新一线,成长型,2026-02,45-54,黑金,内容种草
C003778,华中,三线及以下,价格敏感,2026-04,55+,普通,线下活动
C003779,华南,二线,高价值,2026-06,45-54,普通,线下活动
C003780,华中,三线及以下,价格敏感,2026-02,25-34,普通,线下活动
C003781,东北,新一线,高价值,2025-12,55+,银卡,老客推荐
C003782,华北,二线,成长型,2025-11,45-54,金卡,老客推荐
C003783,西南,二线,沉睡,2025-10,35-44,普通,线下活动
C003784,华南,三线及以下,成长型,2026-01,55+,银卡,老客推荐
C003785,华南,新一线,沉睡,2025-09,18-24,金卡,线下活动
C003786,华南,三线及以下,成长型,2026-01,18-24,银卡,线下活动
C003787,华南,二线,成长型,2025-11,55+,普通,自然搜索
C003788,西南,一线,价格敏感,2025-08,45-54,黑金,内容种草
C003789,华中,三线及以下,成长型,2025-12,25-34,银卡,线下活动
C003790,西南,三线及以下,新客,2026-01,18-24,金卡,老客推荐
C003791,东北,新一线,成长型,2026-02,25-34,普通,线下活动
C003792,华东,新一线,价格敏感,2025-12,18-24,普通,线下活动
C003793,东北,新一线,价格敏感,2025-11,25-34,银卡,老客推荐
C003794,华北,三线及以下,沉睡,2025-12,35-44,普通,自然搜索
C003795,华中,二线,沉睡,2026-04,45-54,黑金,内容种草
C003796,华南,一线,价格敏感,2025-11,55+,普通,自然搜索
C003797,东北,新一线,高价值,2025-12,18-24,普通,老客推荐
C003798,华东,二线,价格敏感,2025-09,45-54,普通,线下活动
C003799,华北,新一线,新客,2026-06,25-34,金卡,直播引流
C003800,东北,二线,高价值,2026-07,35-44,银卡,线下活动
C003801,东北,二线,沉睡,2026-03,45-54,普通,直播引流
C003802,西南,二线,高价值,2025-10,45-54,普通,自然搜索
C003803,华东,三线及以下,沉睡,2025-12,45-54,金卡,老客推荐
C003804,东北,三线及以下,成长型,2026-01,18-24,黑金,线下活动
C003805,华东,新一线,成长型,2026-05,55+,金卡,自然搜索
C003806,华中,一线,新客,2025-08,35-44,金卡,老客推荐
C003807,华北,三线及以下,成长型,2025-12,45-54,普通,老客推荐
C003808,华中,一线,高价值,2026-07,18-24,普通,线下活动
C003809,华中,新一线,成长型,2026-05,25-34,普通,老客推荐
C003810,华东,三线及以下,高价值,2026-06,45-54,普通,老客推荐
C003811,华中,二线,成长型,2026-05,55+,银卡,自然搜索
C003812,西南,三线及以下,高价值,2026-03,55+,普通,内容种草
C003813,东北,一线,新客,2026-04,25-34,金卡,老客推荐
C003814,华东,一线,沉睡,2025-12,35-44,普通,老客推荐
C003815,华中,二线,沉睡,2026-06,55+,金卡,直播引流
C003816,华东,二线,成长型,2026-06,45-54,普通,老客推荐
C003817,华北,三线及以下,成长型,2025-10,55+,普通,内容种草
C003818,华中,新一线,高价值,2025-09,25-34,金卡,老客推荐
C003819,西南,三线及以下,价格敏感,2026-03,45-54,银卡,自然搜索
C003820,华北,二线,价格敏感,2025-11,25-34,黑金,线下活动
C003821,华北,三线及以下,高价值,2026-07,25-34,银卡,内容种草
C003822,东北,新一线,价格敏感,2026-06,18-24,普通,自然搜索
C003823,华南,新一线,成长型,2025-08,55+,普通,老客推荐
C003824,西南,三线及以下,沉睡,2026-07,25-34,普通,自然搜索
C003825,华东,一线,价格敏感,2025-08,35-44,金卡,内容种草
C003826,西南,二线,沉睡,2026-03,18-24,普通,线下活动
C003827,华南,三线及以下,成长型,2026-01,45-54,金卡,自然搜索
C003828,华北,新一线,价格敏感,2026-04,25-34,金卡,线下活动
C003829,西南,一线,价格敏感,2025-09,25-34,金卡,老客推荐
C003830,华北,新一线,新客,2026-04,55+,黑金,直播引流
C003831,华中,一线,高价值,2026-07,18-24,普通,线下活动
C003832,西南,三线及以下,新客,2025-12,45-54,普通,直播引流
C003833,华北,一线,成长型,2026-07,55+,普通,自然搜索
C003834,华中,新一线,高价值,2025-09,55+,银卡,线下活动
C003835,华北,三线及以下,价格敏感,2025-10,25-34,金卡,老客推荐
C003836,华北,一线,沉睡,2026-07,35-44,普通,内容种草
C003837,华北,三线及以下,新客,2026-05,45-54,银卡,自然搜索
C003838,华南,一线,价格敏感,2026-04,35-44,银卡,老客推荐
C003839,华北,新一线,成长型,2026-01,55+,普通,直播引流
C003840,东北,三线及以下,沉睡,2025-10,45-54,普通,内容种草
C003841,华东,二线,沉睡,2025-09,55+,金卡,老客推荐
C003842,华南,三线及以下,价格敏感,2026-07,18-24,普通,老客推荐
C003843,西南,三线及以下,沉睡,2025-11,35-44,金卡,老客推荐
C003844,华东,新一线,新客,2025-08,35-44,金卡,内容种草
C003845,东北,一线,成长型,2026-04,35-44,普通,线下活动
C003846,华中,三线及以下,成长型,2026-02,45-54,银卡,内容种草
C003847,华南,二线,新客,2025-08,18-24,银卡,内容种草
C003848,华中,新一线,价格敏感,2025-10,45-54,金卡,自然搜索
C003849,华北,三线及以下,成长型,2026-06,45-54,普通,线下活动
C003850,华北,新一线,新客,2026-06,25-34,金卡,内容种草
C003851,东北,二线,价格敏感,2026-03,55+,银卡,内容种草
C003852,华南,二线,成长型,2026-03,55+,黑金,内容种草
C003853,华中,新一线,价格敏感,2025-11,55+,普通,线下活动
C003854,华北,二线,成长型,2026-05,45-54,金卡,老客推荐
C003855,华北,新一线,成长型,2025-12,55+,普通,线下活动
C003856,华北,新一线,沉睡,2026-02,25-34,银卡,直播引流
C003857,东北,二线,成长型,2026-04,25-34,普通,老客推荐
C003858,西南,二线,高价值,2026-06,55+,普通,老客推荐
C003859,东北,二线,成长型,2026-01,55+,普通,自然搜索
C003860,华东,二线,价格敏感,2025-12,18-24,银卡,直播引流
C003861,华东,二线,新客,2026-01,55+,金卡,老客推荐
C003862,华北,二线,新客,2026-02,35-44,金卡,内容种草
C003863,华北,新一线,沉睡,2026-05,45-54,金卡,老客推荐
C003864,华东,二线,价格敏感,2026-02,35-44,银卡,线下活动
C003865,华南,一线,新客,2026-03,45-54,黑金,内容种草
C003866,华东,二线,成长型,2025-08,45-54,普通,直播引流
C003867,华南,二线,新客,2026-01,55+,银卡,内容种草
C003868,华北,新一线,成长型,2026-05,45-54,银卡,老客推荐
C003869,华东,三线及以下,沉睡,2026-06,18-24,银卡,线下活动
C003870,华北,三线及以下,成长型,2025-12,45-54,普通,老客推荐
C003871,东北,二线,新客,2026-06,45-54,银卡,老客推荐
C003872,华南,三线及以下,价格敏感,2025-11,18-24,普通,老客推荐
C003873,华中,三线及以下,成长型,2025-10,55+,银卡,线下活动
C003874,华东,二线,成长型,2026-02,35-44,普通,老客推荐
C003875,西南,二线,成长型,2026-07,55+,黑金,老客推荐
C003876,华东,二线,沉睡,2025-09,55+,银卡,老客推荐
C003877,华南,一线,价格敏感,2026-07,18-24,银卡,直播引流
C003878,华中,二线,沉睡,2025-12,35-44,普通,老客推荐
C003879,西南,二线,沉睡,2025-09,18-24,银卡,内容种草
C003880,华北,一线,价格敏感,2025-09,55+,金卡,老客推荐
C003881,华南,一线,价格敏感,2026-03,18-24,银卡,直播引流
C003882,东北,三线及以下,新客,2026-04,45-54,金卡,自然搜索
C003883,华南,新一线,价格敏感,2026-06,25-34,银卡,线下活动
C003884,华南,二线,沉睡,2025-09,35-44,银卡,直播引流
C003885,华北,新一线,高价值,2026-06,18-24,银卡,老客推荐
C003886,华东,三线及以下,价格敏感,2026-04,18-24,普通,线下活动
C003887,华南,新一线,成长型,2026-01,18-24,普通,老客推荐
C003888,华南,三线及以下,高价值,2025-08,45-54,黑金,直播引流
C003889,华东,新一线,新客,2026-02,45-54,银卡,内容种草
C003890,华南,新一线,成长型,2026-02,45-54,金卡,老客推荐
C003891,华中,二线,沉睡,2026-07,25-34,普通,线下活动
C003892,华北,二线,成长型,2026-04,18-24,银卡,内容种草
C003893,华北,二线,高价值,2026-04,18-24,普通,线下活动
C003894,华东,三线及以下,高价值,2026-01,18-24,普通,自然搜索
C003895,东北,三线及以下,价格敏感,2026-03,35-44,普通,直播引流
C003896,华南,三线及以下,高价值,2026-03,25-34,银卡,自然搜索
C003897,华南,新一线,新客,2025-11,18-24,黑金,老客推荐
C003898,华北,新一线,沉睡,2026-06,25-34,银卡,直播引流
C003899,华北,二线,价格敏感,2026-03,18-24,银卡,内容种草
C003900,华南,二线,价格敏感,2025-10,18-24,普通,直播引流
C003901,华东,二线,价格敏感,2025-08,45-54,银卡,自然搜索
C003902,华东,一线,沉睡,2026-07,55+,普通,直播引流
C003903,华南,新一线,价格敏感,2026-01,25-34,银卡,自然搜索
C003904,华东,三线及以下,价格敏感,2026-03,35-44,银卡,自然搜索
C003905,华东,二线,成长型,2026-03,45-54,金卡,自然搜索
C003906,华东,二线,高价值,2026-06,45-54,普通,内容种草
C003907,华南,一线,价格敏感,2026-05,25-34,普通,自然搜索
C003908,东北,二线,成长型,2025-11,25-34,普通,自然搜索
C003909,华东,二线,成长型,2026-03,35-44,金卡,自然搜索
C003910,西南,新一线,沉睡,2026-05,25-34,普通,线下活动
C003911,东北,一线,高价值,2026-04,45-54,银卡,直播引流
C003912,西南,二线,成长型,2026-06,45-54,普通,自然搜索
C003913,华南,一线,新客,2025-12,18-24,普通,线下活动
C003914,华中,三线及以下,价格敏感,2025-08,55+,银卡,自然搜索
C003915,华中,二线,价格敏感,2025-09,18-24,普通,直播引流
C003916,东北,二线,成长型,2025-09,55+,普通,线下活动
C003917,华东,新一线,成长型,2026-01,25-34,普通,直播引流
C003918,华东,三线及以下,价格敏感,2026-04,35-44,普通,内容种草
C003919,华东,二线,价格敏感,2026-01,25-34,普通,自然搜索
C003920,华南,新一线,沉睡,2025-12,35-44,普通,自然搜索
C003921,华中,三线及以下,价格敏感,2026-03,55+,普通,直播引流
C003922,西南,三线及以下,高价值,2025-09,35-44,金卡,内容种草
C003923,华南,二线,价格敏感,2025-08,18-24,金卡,线下活动
C003924,西南,二线,价格敏感,2025-12,55+,金卡,线下活动
C003925,华中,二线,价格敏感,2026-07,45-54,普通,线下活动
C003926,华东,三线及以下,价格敏感,2026-01,25-34,普通,自然搜索
C003927,华南,二线,价格敏感,2025-12,45-54,银卡,直播引流
C003928,华北,三线及以下,成长型,2026-03,18-24,银卡,直播引流
C003929,华南,二线,成长型,2025-09,18-24,普通,直播引流
C003930,华南,新一线,价格敏感,2026-03,18-24,金卡,直播引流
C003931,华东,二线,新客,2026-04,25-34,普通,内容种草
C003932,华中,二线,沉睡,2025-12,25-34,金卡,自然搜索
C003933,华南,三线及以下,高价值,2025-11,45-54,银卡,自然搜索
C003934,东北,一线,成长型,2025-11,45-54,普通,线下活动
C003935,西南,新一线,成长型,2025-12,45-54,普通,老客推荐
C003936,华东,一线,新客,2025-12,55+,普通,内容种草
C003937,东北,二线,成长型,2026-03,35-44,银卡,内容种草
C003938,华东,三线及以下,沉睡,2025-09,25-34,银卡,线下活动
C003939,华东,二线,沉睡,2025-09,45-54,普通,线下活动
C003940,西南,新一线,沉睡,2026-05,25-34,银卡,直播引流
C003941,西南,新一线,价格敏感,2026-07,18-24,金卡,内容种草
C003942,华东,二线,新客,2025-11,45-54,黑金,老客推荐
C003943,西南,新一线,沉睡,2025-11,55+,银卡,线下活动
C003944,华东,新一线,成长型,2025-11,25-34,银卡,直播引流
C003945,华东,一线,成长型,2025-10,18-24,普通,自然搜索
C003946,华东,三线及以下,成长型,2026-05,35-44,黑金,内容种草
C003947,华中,二线,新客,2026-07,45-54,金卡,线下活动
C003948,华中,二线,成长型,2025-10,35-44,普通,自然搜索
C003949,华北,三线及以下,价格敏感,2025-12,45-54,普通,内容种草
C003950,东北,二线,新客,2025-08,55+,银卡,自然搜索
C003951,东北,三线及以下,成长型,2026-06,35-44,金卡,老客推荐
C003952,华中,二线,成长型,2025-10,25-34,金卡,自然搜索
C003953,东北,一线,沉睡,2026-03,25-34,金卡,自然搜索
C003954,华东,一线,价格敏感,2025-12,35-44,黑金,直播引流
C003955,华北,二线,成长型,2026-04,55+,金卡,直播引流
C003956,华南,新一线,高价值,2025-12,55+,金卡,自然搜索
C003957,华南,一线,沉睡,2025-10,25-34,普通,线下活动
C003958,华北,二线,高价值,2026-02,25-34,普通,内容种草
C003959,华南,三线及以下,成长型,2025-12,25-34,金卡,自然搜索
C003960,东北,三线及以下,成长型,2025-09,45-54,普通,内容种草
C003961,华北,三线及以下,沉睡,2026-07,25-34,普通,线下活动
C003962,华南,一线,成长型,2026-05,25-34,普通,自然搜索
C003963,华中,二线,成长型,2026-07,18-24,金卡,线下活动
C003964,华东,新一线,高价值,2025-11,25-34,银卡,自然搜索
C003965,西南,二线,价格敏感,2026-02,55+,银卡,老客推荐
C003966,西南,一线,成长型,2026-03,35-44,普通,直播引流
C003967,华南,二线,新客,2025-08,35-44,金卡,自然搜索
C003968,华南,三线及以下,高价值,2025-12,25-34,普通,线下活动
C003969,华北,新一线,成长型,2025-09,55+,银卡,直播引流
C003970,华南,二线,新客,2026-06,25-34,金卡,内容种草
C003971,东北,三线及以下,价格敏感,2025-11,35-44,普通,自然搜索
C003972,东北,三线及以下,成长型,2025-08,55+,金卡,内容种草
C003973,华东,一线,沉睡,2026-01,35-44,金卡,内容种草
C003974,西南,三线及以下,沉睡,2025-09,55+,普通,老客推荐
C003975,华南,二线,沉睡,2026-02,35-44,金卡,自然搜索
C003976,华北,三线及以下,价格敏感,2025-08,25-34,银卡,老客推荐
C003977,华东,二线,成长型,2026-03,18-24,黑金,线下活动
C003978,东北,二线,沉睡,2026-03,55+,金卡,线下活动
C003979,华南,三线及以下,新客,2026-06,55+,普通,内容种草
C003980,东北,三线及以下,高价值,2026-06,45-54,普通,自然搜索
C003981,华北,新一线,沉睡,2025-08,55+,普通,直播引流
C003982,华东,二线,成长型,2026-05,25-34,金卡,老客推荐
C003983,华北,三线及以下,新客,2026-01,25-34,普通,内容种草
C003984,华东,二线,沉睡,2026-03,35-44,黑金,内容种草
C003985,华北,二线,价格敏感,2026-01,25-34,黑金,老客推荐
C003986,华中,三线及以下,新客,2025-11,45-54,金卡,老客推荐
C003987,华南,新一线,沉睡,2026-03,18-24,普通,内容种草
C003988,华北,三线及以下,成长型,2026-01,25-34,普通,线下活动
C003989,西南,新一线,成长型,2026-07,18-24,金卡,内容种草
C003990,东北,一线,沉睡,2026-02,55+,金卡,内容种草
C003991,华东,新一线,成长型,2026-05,18-24,黑金,老客推荐
C003992,华东,三线及以下,新客,2025-10,45-54,普通,自然搜索
C003993,华中,一线,高价值,2026-04,35-44,银卡,内容种草
C003994,华中,三线及以下,新客,2026-02,18-24,金卡,直播引流
C003995,华北,一线,沉睡,2025-11,45-54,普通,内容种草
C003996,华北,二线,新客,2025-12,35-44,金卡,老客推荐
C003997,华东,一线,成长型,2026-04,55+,银卡,内容种草
C003998,东北,二线,价格敏感,2026-01,45-54,普通,内容种草
C003999,东北,二线,沉睡,2025-10,45-54,银卡,自然搜索
C004000,西南,新一线,价格敏感,2025-12,55+,银卡,内容种草
C004001,东北,新一线,沉睡,2026-06,55+,银卡,老客推荐
C004002,华东,新一线,新客,2026-07,25-34,普通,自然搜索
C004003,华北,新一线,高价值,2025-12,55+,银卡,线下活动
C004004,华北,三线及以下,成长型,2025-10,25-34,普通,直播引流
C004005,东北,二线,沉睡,2025-10,18-24,普通,线下活动
C004006,华东,一线,价格敏感,2025-11,45-54,普通,自然搜索
C004007,华东,一线,高价值,2026-05,18-24,银卡,直播引流
C004008,东北,二线,价格敏感,2026-01,35-44,普通,直播引流
C004009,华北,二线,高价值,2026-04,55+,普通,内容种草
C004010,华东,三线及以下,高价值,2026-02,35-44,银卡,线下活动
C004011,华南,二线,新客,2025-10,55+,普通,直播引流
C004012,华东,一线,新客,2026-02,35-44,普通,老客推荐
C004013,华东,三线及以下,成长型,2026-04,45-54,普通,老客推荐
C004014,华中,新一线,新客,2025-11,55+,金卡,自然搜索
C004015,华东,三线及以下,高价值,2025-11,25-34,银卡,自然搜索
C004016,华南,三线及以下,新客,2026-05,35-44,银卡,内容种草
C004017,华中,三线及以下,高价值,2025-11,35-44,银卡,内容种草
C004018,华中,三线及以下,沉睡,2025-08,18-24,普通,直播引流
C004019,华东,新一线,新客,2025-08,25-34,银卡,线下活动
C004020,华南,二线,成长型,2026-01,25-34,普通,自然搜索
C004021,东北,二线,新客,2026-06,35-44,银卡,直播引流
C004022,华东,三线及以下,新客,2026-05,45-54,普通,线下活动
C004023,华东,一线,成长型,2026-07,35-44,普通,直播引流
C004024,华中,一线,沉睡,2026-05,45-54,普通,线下活动
C004025,东北,三线及以下,新客,2025-10,18-24,银卡,线下活动
C004026,东北,二线,沉睡,2026-03,55+,黑金,自然搜索
C004027,东北,二线,成长型,2026-07,18-24,普通,直播引流
C004028,东北,一线,价格敏感,2025-09,55+,普通,直播引流
C004029,华北,新一线,成长型,2026-05,35-44,银卡,内容种草
C004030,东北,一线,成长型,2026-03,18-24,金卡,线下活动
C004031,西南,二线,成长型,2026-07,18-24,普通,内容种草
C004032,华东,二线,新客,2026-02,45-54,普通,线下活动
C004033,华中,二线,价格敏感,2025-08,45-54,普通,老客推荐
C004034,华北,一线,新客,2026-05,35-44,黑金,内容种草
C004035,华东,二线,沉睡,2026-07,35-44,普通,老客推荐
C004036,东北,二线,成长型,2026-05,55+,金卡,直播引流
C004037,华北,三线及以下,成长型,2026-05,25-34,银卡,线下活动
C004038,西南,一线,成长型,2026-05,35-44,普通,线下活动
C004039,华中,三线及以下,沉睡,2026-06,35-44,普通,老客推荐
C004040,华北,新一线,成长型,2026-07,18-24,银卡,内容种草
C004041,华南,二线,价格敏感,2026-06,45-54,普通,自然搜索
C004042,西南,新一线,价格敏感,2025-11,55+,黑金,自然搜索
C004043,华中,新一线,成长型,2025-11,35-44,普通,直播引流
C004044,华东,二线,成长型,2026-06,25-34,普通,直播引流
C004045,华南,二线,沉睡,2025-09,18-24,金卡,线下活动
C004046,华南,新一线,高价值,2025-10,45-54,金卡,老客推荐
C004047,华中,新一线,沉睡,2026-03,25-34,普通,内容种草
C004048,华北,三线及以下,新客,2025-10,45-54,银卡,内容种草
C004049,华南,新一线,成长型,2026-03,55+,普通,内容种草
C004050,华中,三线及以下,价格敏感,2025-08,55+,银卡,线下活动
C004051,华东,二线,成长型,2026-06,55+,银卡,直播引流
C004052,华中,新一线,成长型,2025-12,45-54,普通,直播引流
C004053,华南,三线及以下,价格敏感,2025-12,55+,黑金,线下活动
C004054,华中,新一线,价格敏感,2025-11,45-54,金卡,自然搜索
C004055,华东,二线,价格敏感,2025-12,25-34,普通,内容种草
C004056,华北,二线,价格敏感,2026-02,45-54,金卡,自然搜索
C004057,华南,二线,成长型,2025-09,35-44,银卡,老客推荐
C004058,西南,二线,新客,2025-10,45-54,普通,直播引流
C004059,华北,三线及以下,成长型,2026-02,45-54,普通,直播引流
C004060,华中,三线及以下,成长型,2026-03,45-54,金卡,老客推荐
C004061,华北,二线,价格敏感,2025-10,18-24,普通,内容种草
C004062,华东,三线及以下,高价值,2025-09,18-24,银卡,内容种草
C004063,华南,二线,新客,2025-10,18-24,银卡,内容种草
C004064,华南,三线及以下,新客,2025-09,18-24,金卡,线下活动
C004065,华中,新一线,成长型,2026-06,25-34,黑金,内容种草
C004066,华中,三线及以下,价格敏感,2026-02,55+,金卡,内容种草
C004067,华东,二线,沉睡,2025-11,55+,金卡,线下活动
C004068,华北,二线,价格敏感,2026-03,18-24,普通,内容种草
C004069,华东,三线及以下,价格敏感,2026-05,25-34,黑金,线下活动
C004070,华中,二线,价格敏感,2026-07,18-24,金卡,老客推荐
C004071,西南,新一线,成长型,2026-06,55+,黑金,自然搜索
C004072,华中,三线及以下,价格敏感,2026-06,18-24,金卡,直播引流
C004073,东北,二线,价格敏感,2025-11,45-54,银卡,直播引流
C004074,华北,三线及以下,成长型,2025-11,35-44,普通,直播引流
C004075,华南,一线,新客,2025-09,55+,金卡,自然搜索
C004076,华中,一线,沉睡,2026-03,45-54,普通,线下活动
C004077,华北,二线,价格敏感,2026-06,18-24,金卡,直播引流
C004078,华东,新一线,新客,2026-04,55+,银卡,内容种草
C004079,华南,三线及以下,新客,2025-10,45-54,普通,线下活动
C004080,华东,一线,高价值,2025-12,25-34,普通,内容种草
C004081,华北,三线及以下,新客,2026-05,35-44,普通,老客推荐
C004082,东北,二线,新客,2026-06,55+,金卡,内容种草
C004083,东北,三线及以下,高价值,2026-02,45-54,金卡,老客推荐
C004084,华南,一线,高价值,2026-04,18-24,普通,线下活动
C004085,华东,一线,高价值,2025-09,45-54,普通,直播引流
C004086,华东,一线,沉睡,2026-02,35-44,金卡,直播引流
C004087,华中,三线及以下,高价值,2025-10,45-54,黑金,老客推荐
C004088,西南,二线,高价值,2026-06,18-24,金卡,直播引流
C004089,华南,三线及以下,价格敏感,2026-03,25-34,黑金,老客推荐
C004090,华北,三线及以下,沉睡,2025-10,35-44,普通,直播引流
C004091,西南,三线及以下,成长型,2025-12,18-24,银卡,老客推荐
C004092,东北,二线,新客,2025-10,55+,普通,老客推荐
C004093,华东,二线,成长型,2026-04,55+,黑金,线下活动
C004094,华中,新一线,价格敏感,2025-11,55+,金卡,直播引流
C004095,华南,一线,价格敏感,2026-05,25-34,银卡,自然搜索
C004096,华东,一线,成长型,2025-12,55+,金卡,内容种草
C004097,华北,二线,高价值,2026-04,45-54,金卡,直播引流
C004098,华南,新一线,高价值,2025-12,45-54,普通,直播引流
C004099,华东,新一线,价格敏感,2026-03,35-44,普通,自然搜索
C004100,华东,二线,新客,2026-02,45-54,金卡,老客推荐
C004101,华南,二线,成长型,2025-11,55+,普通,内容种草
C004102,华南,三线及以下,高价值,2025-11,18-24,金卡,自然搜索
C004103,华中,新一线,沉睡,2026-05,55+,普通,线下活动
C004104,华东,新一线,成长型,2026-01,25-34,普通,老客推荐
C004105,西南,三线及以下,成长型,2026-02,55+,普通,线下活动
C004106,华北,二线,价格敏感,2026-02,55+,普通,线下活动
C004107,西南,三线及以下,新客,2025-08,25-34,普通,线下活动
C004108,华北,三线及以下,高价值,2025-09,55+,黑金,线下活动
C004109,华中,二线,高价值,2025-11,25-34,金卡,直播引流
C004110,华南,一线,价格敏感,2025-10,45-54,银卡,直播引流
C004111,华北,三线及以下,新客,2026-02,25-34,金卡,直播引流
C004112,西南,二线,成长型,2025-09,18-24,普通,老客推荐
C004113,华中,三线及以下,高价值,2026-05,45-54,银卡,自然搜索
C004114,华北,新一线,高价值,2026-07,18-24,银卡,直播引流
C004115,西南,二线,成长型,2026-06,18-24,银卡,老客推荐
C004116,华东,三线及以下,成长型,2026-04,18-24,银卡,线下活动
C004117,西南,新一线,成长型,2025-10,35-44,金卡,直播引流
C004118,华北,三线及以下,成长型,2026-04,18-24,普通,自然搜索
C004119,华北,二线,成长型,2025-08,25-34,银卡,老客推荐
C004120,西南,二线,高价值,2026-06,55+,银卡,内容种草
C004121,东北,二线,沉睡,2025-10,35-44,普通,直播引流
C004122,华南,二线,新客,2026-03,55+,普通,自然搜索
C004123,华南,一线,价格敏感,2026-03,25-34,银卡,线下活动
C004124,华东,二线,价格敏感,2026-02,25-34,普通,内容种草
C004125,华东,二线,成长型,2026-01,35-44,普通,内容种草
C004126,华东,二线,高价值,2025-08,18-24,银卡,线下活动
C004127,华中,一线,新客,2026-05,18-24,金卡,自然搜索
C004128,华东,新一线,价格敏感,2026-02,18-24,银卡,老客推荐
C004129,西南,三线及以下,成长型,2025-10,55+,普通,直播引流
C004130,华东,三线及以下,价格敏感,2026-07,55+,银卡,自然搜索
C004131,华南,二线,新客,2025-10,18-24,银卡,线下活动
C004132,华东,一线,成长型,2026-02,18-24,银卡,线下活动
C004133,华东,二线,价格敏感,2026-07,45-54,银卡,线下活动
C004134,西南,二线,价格敏感,2025-09,45-54,金卡,老客推荐
C004135,西南,三线及以下,新客,2026-06,25-34,普通,内容种草
C004136,华南,新一线,新客,2026-02,55+,普通,老客推荐
C004137,华南,三线及以下,成长型,2025-12,45-54,普通,直播引流
C004138,华东,二线,价格敏感,2026-04,18-24,银卡,老客推荐
C004139,华中,新一线,成长型,2026-05,45-54,金卡,自然搜索
C004140,华中,二线,价格敏感,2025-09,25-34,普通,自然搜索
C004141,华南,二线,成长型,2025-08,45-54,银卡,直播引流
C004142,西南,三线及以下,价格敏感,2025-09,25-34,普通,自然搜索
C004143,华中,一线,新客,2026-01,18-24,普通,直播引流
C004144,华中,三线及以下,沉睡,2026-06,35-44,普通,老客推荐
C004145,华北,二线,新客,2025-09,35-44,金卡,直播引流
C004146,东北,二线,价格敏感,2026-06,55+,金卡,老客推荐
C004147,华南,二线,价格敏感,2026-07,18-24,银卡,线下活动
C004148,华东,新一线,高价值,2026-07,25-34,普通,内容种草
C004149,华南,新一线,价格敏感,2026-05,35-44,普通,自然搜索
C004150,华南,新一线,沉睡,2026-04,18-24,金卡,直播引流
C004151,华北,三线及以下,价格敏感,2026-01,45-54,普通,线下活动
C004152,华北,一线,沉睡,2025-09,55+,普通,自然搜索
C004153,华北,二线,沉睡,2025-11,55+,银卡,自然搜索
C004154,华南,新一线,成长型,2026-06,35-44,银卡,自然搜索
C004155,东北,一线,高价值,2026-01,35-44,普通,老客推荐
C004156,华南,二线,价格敏感,2025-12,55+,普通,自然搜索
C004157,华南,一线,成长型,2026-01,25-34,普通,线下活动
C004158,华东,新一线,价格敏感,2026-02,35-44,普通,自然搜索
C004159,华东,二线,新客,2026-02,55+,黑金,内容种草
C004160,西南,一线,价格敏感,2025-12,45-54,黑金,自然搜索
C004161,华北,一线,沉睡,2025-10,45-54,银卡,内容种草
C004162,华北,二线,价格敏感,2025-12,45-54,普通,老客推荐
C004163,华北,二线,成长型,2025-12,55+,金卡,线下活动
C004164,华中,二线,价格敏感,2025-11,45-54,普通,直播引流
C004165,华中,三线及以下,新客,2026-01,55+,普通,线下活动
C004166,东北,一线,价格敏感,2025-10,18-24,普通,老客推荐
C004167,西南,二线,成长型,2026-04,35-44,金卡,内容种草
C004168,东北,新一线,价格敏感,2025-09,35-44,普通,内容种草
C004169,华中,三线及以下,沉睡,2025-11,35-44,普通,内容种草
C004170,西南,三线及以下,成长型,2025-11,45-54,金卡,内容种草
C004171,华南,二线,价格敏感,2026-04,25-34,普通,自然搜索
C004172,华东,二线,成长型,2025-09,45-54,金卡,自然搜索
C004173,华北,三线及以下,价格敏感,2025-12,25-34,普通,自然搜索
C004174,西南,新一线,新客,2026-03,18-24,普通,自然搜索
C004175,华东,二线,成长型,2025-09,35-44,普通,内容种草
C004176,华东,二线,成长型,2025-08,18-24,金卡,自然搜索
C004177,华南,三线及以下,成长型,2025-08,55+,普通,线下活动
C004178,西南,二线,沉睡,2026-05,35-44,普通,自然搜索
C004179,华东,新一线,沉睡,2025-09,35-44,普通,内容种草
C004180,华东,二线,沉睡,2025-08,25-34,普通,老客推荐
C004181,华中,二线,价格敏感,2026-07,18-24,金卡,线下活动
C004182,华南,二线,成长型,2025-09,25-34,金卡,线下活动
C004183,华东,新一线,新客,2026-02,45-54,金卡,老客推荐
C004184,华中,三线及以下,成长型,2025-09,45-54,普通,自然搜索
C004185,华北,二线,沉睡,2026-03,45-54,金卡,老客推荐
C004186,华北,三线及以下,沉睡,2026-01,25-34,银卡,老客推荐
C004187,华南,二线,成长型,2025-09,18-24,金卡,直播引流
C004188,华南,三线及以下,价格敏感,2026-04,18-24,黑金,自然搜索
C004189,东北,二线,价格敏感,2026-04,25-34,黑金,内容种草
C004190,华南,一线,新客,2025-10,55+,金卡,直播引流
C004191,华北,新一线,新客,2025-10,45-54,黑金,老客推荐
C004192,西南,一线,高价值,2025-11,18-24,银卡,直播引流
C004193,西南,新一线,成长型,2026-04,18-24,普通,直播引流
C004194,华南,三线及以下,成长型,2026-06,35-44,金卡,老客推荐
C004195,华南,二线,沉睡,2026-07,45-54,银卡,自然搜索
C004196,华南,新一线,新客,2026-04,18-24,金卡,直播引流
C004197,华北,三线及以下,高价值,2026-06,25-34,金卡,直播引流
C004198,华南,二线,高价值,2026-04,45-54,普通,内容种草
C004199,华南,二线,沉睡,2026-01,18-24,银卡,自然搜索
C004200,华南,二线,成长型,2026-02,18-24,普通,自然搜索
C004201,华东,二线,新客,2025-10,55+,金卡,线下活动
C004202,华南,三线及以下,沉睡,2025-12,45-54,普通,内容种草
C004203,华东,三线及以下,价格敏感,2025-09,45-54,普通,自然搜索
C004204,华东,二线,价格敏感,2025-08,55+,黑金,老客推荐
C004205,华南,新一线,新客,2025-10,18-24,银卡,直播引流
C004206,华南,三线及以下,新客,2025-12,45-54,金卡,线下活动
C004207,华东,二线,价格敏感,2025-11,35-44,普通,直播引流
C004208,东北,二线,沉睡,2026-05,18-24,金卡,直播引流
C004209,华北,二线,高价值,2025-08,25-34,银卡,线下活动
C004210,华中,二线,价格敏感,2025-10,18-24,银卡,线下活动
C004211,华东,新一线,价格敏感,2025-11,18-24,普通,线下活动
C004212,西南,二线,新客,2026-07,35-44,银卡,自然搜索
C004213,西南,新一线,新客,2026-01,35-44,普通,线下活动
C004214,华中,二线,新客,2026-03,45-54,普通,线下活动
C004215,华北,三线及以下,价格敏感,2025-09,25-34,银卡,内容种草
C004216,华南,新一线,新客,2026-06,45-54,普通,老客推荐
C004217,华北,新一线,沉睡,2025-08,18-24,金卡,直播引流
C004218,西南,二线,成长型,2026-03,55+,普通,直播引流
C004219,华中,新一线,价格敏感,2026-06,18-24,普通,直播引流
C004220,西南,新一线,价格敏感,2025-08,55+,银卡,自然搜索
C004221,华中,新一线,价格敏感,2026-04,18-24,金卡,线下活动
C004222,华东,新一线,价格敏感,2025-09,55+,金卡,内容种草
C004223,西南,二线,高价值,2026-02,35-44,银卡,老客推荐
C004224,西南,一线,价格敏感,2026-06,35-44,普通,内容种草
C004225,华中,一线,高价值,2025-09,18-24,银卡,老客推荐
C004226,华北,二线,价格敏感,2025-08,25-34,普通,内容种草
C004227,华北,一线,成长型,2025-11,18-24,黑金,线下活动
C004228,华南,新一线,沉睡,2025-09,25-34,金卡,直播引流
C004229,华东,三线及以下,价格敏感,2025-10,25-34,银卡,线下活动
C004230,华北,三线及以下,价格敏感,2025-10,55+,银卡,自然搜索
C004231,华北,一线,成长型,2026-04,18-24,金卡,内容种草
C004232,华南,新一线,沉睡,2025-11,55+,金卡,老客推荐
C004233,华北,一线,价格敏感,2025-08,55+,普通,线下活动
C004234,华南,一线,新客,2026-05,55+,普通,内容种草
C004235,华东,新一线,高价值,2026-02,18-24,普通,自然搜索
C004236,华中,新一线,成长型,2025-08,25-34,银卡,老客推荐
C004237,华中,二线,成长型,2026-03,55+,普通,自然搜索
C004238,华北,一线,价格敏感,2026-04,55+,普通,老客推荐
C004239,华东,三线及以下,价格敏感,2026-03,18-24,银卡,自然搜索
C004240,华北,二线,沉睡,2026-05,35-44,金卡,老客推荐
C004241,华中,二线,成长型,2025-10,55+,普通,直播引流
C004242,华北,新一线,价格敏感,2025-09,55+,普通,直播引流
C004243,华东,二线,价格敏感,2026-05,35-44,普通,老客推荐
C004244,西南,二线,新客,2026-02,35-44,银卡,自然搜索
C004245,华南,新一线,价格敏感,2026-07,45-54,银卡,老客推荐
C004246,华北,新一线,新客,2026-07,25-34,普通,自然搜索
C004247,东北,三线及以下,成长型,2025-10,25-34,银卡,自然搜索
C004248,华南,二线,价格敏感,2026-04,25-34,金卡,自然搜索
C004249,华东,二线,价格敏感,2026-03,25-34,普通,直播引流
C004250,华北,三线及以下,新客,2025-10,45-54,普通,内容种草
C004251,华北,三线及以下,新客,2026-06,55+,黑金,老客推荐
C004252,华南,三线及以下,新客,2026-01,18-24,普通,直播引流
C004253,华东,一线,价格敏感,2026-07,25-34,普通,内容种草
C004254,华东,二线,成长型,2026-04,18-24,普通,老客推荐
C004255,西南,三线及以下,价格敏感,2025-12,55+,普通,内容种草
C004256,华北,三线及以下,价格敏感,2026-01,45-54,普通,老客推荐
C004257,华北,三线及以下,成长型,2026-06,35-44,银卡,内容种草
C004258,华中,三线及以下,价格敏感,2025-08,25-34,金卡,线下活动
C004259,华东,三线及以下,价格敏感,2025-10,55+,银卡,线下活动
C004260,华东,三线及以下,成长型,2026-02,55+,普通,线下活动
C004261,东北,新一线,新客,2026-03,35-44,银卡,老客推荐
C004262,华中,新一线,价格敏感,2026-02,45-54,金卡,老客推荐
C004263,华中,二线,价格敏感,2025-08,35-44,金卡,线下活动
C004264,华东,二线,新客,2026-07,35-44,普通,内容种草
C004265,华中,三线及以下,价格敏感,2025-09,35-44,金卡,自然搜索
C004266,西南,新一线,成长型,2026-04,55+,银卡,老客推荐
C004267,华东,二线,价格敏感,2026-03,45-54,银卡,老客推荐
C004268,华东,二线,成长型,2025-10,45-54,普通,内容种草
C004269,华东,一线,新客,2025-09,55+,银卡,内容种草
C004270,东北,新一线,成长型,2026-06,18-24,银卡,内容种草
C004271,东北,二线,沉睡,2025-08,35-44,普通,直播引流
C004272,华南,三线及以下,新客,2026-01,55+,银卡,自然搜索
C004273,华中,三线及以下,新客,2026-07,35-44,普通,线下活动
C004274,华南,二线,价格敏感,2026-07,25-34,银卡,内容种草
C004275,东北,三线及以下,价格敏感,2026-07,25-34,普通,内容种草
C004276,华东,二线,沉睡,2026-06,45-54,普通,内容种草
C004277,华中,二线,价格敏感,2026-04,18-24,黑金,直播引流
C004278,华东,三线及以下,沉睡,2026-01,25-34,普通,老客推荐
C004279,西南,二线,新客,2026-03,35-44,普通,自然搜索
C004280,华东,一线,沉睡,2026-06,18-24,银卡,老客推荐
C004281,华中,一线,价格敏感,2026-06,45-54,金卡,内容种草
C004282,华南,新一线,新客,2025-11,25-34,金卡,老客推荐
C004283,东北,新一线,新客,2026-05,25-34,普通,老客推荐
C004284,华北,二线,价格敏感,2025-12,25-34,银卡,老客推荐
C004285,华北,二线,沉睡,2025-08,35-44,黑金,老客推荐
C004286,华南,一线,高价值,2026-02,25-34,银卡,老客推荐
C004287,华东,三线及以下,价格敏感,2026-04,45-54,银卡,老客推荐
C004288,华东,三线及以下,新客,2026-02,25-34,普通,老客推荐
C004289,华北,新一线,沉睡,2025-08,55+,普通,内容种草
C004290,华东,三线及以下,新客,2025-11,18-24,金卡,自然搜索
C004291,西南,二线,成长型,2026-05,45-54,银卡,老客推荐
C004292,东北,三线及以下,价格敏感,2025-09,18-24,银卡,线下活动
C004293,华中,三线及以下,成长型,2026-07,45-54,普通,老客推荐
C004294,华北,新一线,成长型,2026-01,35-44,普通,自然搜索
C004295,华东,新一线,新客,2026-05,45-54,银卡,自然搜索
C004296,西南,三线及以下,成长型,2026-02,35-44,金卡,自然搜索
C004297,东北,三线及以下,成长型,2026-01,45-54,银卡,自然搜索
C004298,东北,二线,价格敏感,2026-05,25-34,普通,直播引流
C004299,西南,一线,价格敏感,2025-08,25-34,普通,线下活动
C004300,华东,二线,成长型,2025-08,45-54,普通,自然搜索
C004301,华中,二线,新客,2026-01,25-34,银卡,自然搜索
C004302,华东,二线,价格敏感,2026-01,18-24,普通,直播引流
C004303,东北,二线,价格敏感,2026-07,55+,金卡,内容种草
C004304,华中,一线,成长型,2026-03,45-54,金卡,老客推荐
C004305,华南,二线,成长型,2025-12,25-34,银卡,老客推荐
C004306,华北,二线,成长型,2025-11,35-44,银卡,直播引流
C004307,华南,一线,沉睡,2025-09,55+,银卡,线下活动
C004308,华中,一线,成长型,2026-06,45-54,黑金,内容种草
C004309,华北,新一线,高价值,2025-11,45-54,金卡,线下活动
C004310,华北,一线,成长型,2025-09,55+,银卡,直播引流
C004311,华东,二线,新客,2026-05,45-54,银卡,内容种草
C004312,西南,二线,高价值,2026-03,18-24,银卡,自然搜索
C004313,华南,二线,沉睡,2025-10,45-54,银卡,内容种草
C004314,西南,二线,沉睡,2026-07,35-44,普通,自然搜索
C004315,华东,三线及以下,价格敏感,2026-06,55+,黑金,老客推荐
C004316,东北,新一线,成长型,2026-03,45-54,普通,直播引流
C004317,华北,二线,成长型,2026-07,35-44,金卡,自然搜索
C004318,华南,新一线,沉睡,2026-04,18-24,普通,内容种草
C004319,华东,二线,沉睡,2025-11,45-54,普通,老客推荐
C004320,华南,一线,新客,2026-02,55+,银卡,老客推荐
C004321,华南,三线及以下,成长型,2026-02,45-54,普通,线下活动
C004322,东北,一线,成长型,2026-02,25-34,金卡,内容种草
C004323,华北,三线及以下,沉睡,2025-12,45-54,普通,自然搜索
C004324,华东,二线,沉睡,2025-12,45-54,银卡,直播引流
C004325,华东,二线,新客,2025-10,55+,普通,内容种草
C004326,华南,二线,价格敏感,2026-06,25-34,普通,内容种草
C004327,华东,三线及以下,新客,2025-12,45-54,普通,线下活动
C004328,华中,二线,高价值,2026-02,25-34,金卡,线下活动
C004329,华南,二线,价格敏感,2025-09,18-24,普通,老客推荐
C004330,华北,新一线,成长型,2026-04,25-34,银卡,线下活动
C004331,华南,二线,价格敏感,2026-04,55+,普通,内容种草
C004332,华南,新一线,成长型,2026-01,45-54,普通,内容种草
C004333,西南,一线,成长型,2025-12,25-34,金卡,直播引流
C004334,华南,二线,成长型,2026-02,25-34,普通,直播引流
C004335,华南,一线,成长型,2025-11,18-24,金卡,直播引流
C004336,华北,二线,高价值,2026-02,55+,银卡,直播引流
C004337,东北,一线,价格敏感,2026-03,55+,金卡,内容种草
C004338,东北,三线及以下,成长型,2026-01,55+,金卡,内容种草
C004339,华北,新一线,高价值,2026-04,35-44,普通,线下活动
C004340,华北,三线及以下,成长型,2026-01,45-54,银卡,直播引流
C004341,西南,三线及以下,高价值,2026-07,18-24,普通,老客推荐
C004342,华北,二线,成长型,2026-07,18-24,普通,直播引流
C004343,华东,二线,高价值,2025-09,25-34,普通,直播引流
C004344,华南,三线及以下,新客,2026-02,18-24,普通,线下活动
C004345,华中,新一线,价格敏感,2025-12,45-54,普通,老客推荐
C004346,西南,三线及以下,新客,2026-04,25-34,普通,内容种草
C004347,华北,二线,成长型,2026-07,55+,黑金,内容种草
C004348,华中,新一线,成长型,2026-04,18-24,普通,线下活动
C004349,东北,一线,价格敏感,2025-10,25-34,普通,自然搜索
C004350,华东,新一线,新客,2025-10,45-54,普通,自然搜索
C004351,华东,三线及以下,成长型,2026-07,35-44,普通,内容种草
C004352,西南,二线,价格敏感,2025-09,18-24,金卡,自然搜索
C004353,华东,一线,新客,2026-05,35-44,普通,自然搜索
C004354,华东,二线,新客,2026-06,55+,普通,内容种草
C004355,华南,二线,新客,2026-07,45-54,金卡,直播引流
C004356,西南,一线,成长型,2025-11,45-54,金卡,自然搜索
C004357,西南,三线及以下,新客,2025-09,45-54,黑金,自然搜索
C004358,华东,二线,成长型,2026-02,25-34,银卡,老客推荐
C004359,华东,二线,成长型,2026-02,55+,普通,内容种草
C004360,西南,二线,价格敏感,2025-10,45-54,金卡,直播引流
C004361,华北,一线,高价值,2025-12,55+,银卡,内容种草
C004362,华北,新一线,高价值,2026-02,55+,金卡,直播引流
C004363,西南,二线,价格敏感,2026-05,45-54,银卡,自然搜索
C004364,华南,新一线,新客,2026-04,18-24,普通,自然搜索
C004365,华北,三线及以下,成长型,2026-07,35-44,金卡,内容种草
C004366,华北,新一线,成长型,2026-03,35-44,银卡,老客推荐
C004367,华东,二线,价格敏感,2026-04,25-34,普通,直播引流
C004368,华中,三线及以下,成长型,2026-03,25-34,普通,自然搜索
C004369,华东,三线及以下,新客,2026-03,45-54,普通,线下活动
C004370,东北,一线,高价值,2025-12,55+,银卡,内容种草
C004371,华南,三线及以下,成长型,2026-06,25-34,银卡,自然搜索
C004372,东北,二线,成长型,2026-02,25-34,银卡,直播引流
C004373,华南,三线及以下,价格敏感,2026-07,25-34,银卡,内容种草
C004374,华北,二线,高价值,2025-08,45-54,普通,线下活动
C004375,华中,三线及以下,成长型,2026-05,45-54,银卡,直播引流
C004376,西南,二线,新客,2025-09,18-24,普通,直播引流
C004377,华东,三线及以下,沉睡,2026-07,55+,银卡,直播引流
C004378,华北,一线,成长型,2025-10,18-24,金卡,老客推荐
C004379,西南,新一线,沉睡,2026-04,35-44,金卡,线下活动
C004380,华东,新一线,新客,2025-11,25-34,普通,老客推荐
C004381,西南,二线,成长型,2026-01,55+,普通,线下活动
C004382,华北,三线及以下,价格敏感,2026-05,45-54,银卡,线下活动
C004383,华北,二线,成长型,2026-03,55+,普通,自然搜索
C004384,西南,三线及以下,高价值,2026-02,55+,普通,自然搜索
C004385,东北,新一线,成长型,2025-12,55+,金卡,自然搜索
C004386,华北,二线,沉睡,2026-05,18-24,普通,老客推荐
C004387,东北,新一线,价格敏感,2025-08,35-44,金卡,内容种草
C004388,西南,一线,成长型,2026-01,35-44,普通,老客推荐
C004389,西南,二线,成长型,2026-03,45-54,普通,内容种草
C004390,华东,一线,价格敏感,2025-09,18-24,银卡,老客推荐
C004391,华南,二线,价格敏感,2026-03,55+,普通,老客推荐
C004392,华南,三线及以下,价格敏感,2025-08,55+,银卡,直播引流
C004393,西南,二线,成长型,2026-01,18-24,普通,老客推荐
C004394,华东,三线及以下,新客,2025-12,55+,银卡,老客推荐
C004395,华北,三线及以下,新客,2025-11,45-54,银卡,自然搜索
C004396,华北,二线,成长型,2026-05,25-34,普通,线下活动
C004397,西南,新一线,价格敏感,2025-11,55+,黑金,自然搜索
C004398,西南,一线,成长型,2026-07,45-54,银卡,直播引流
C004399,华中,二线,价格敏感,2025-08,18-24,银卡,直播引流
C004400,东北,一线,价格敏感,2026-04,25-34,黑金,自然搜索
C004401,东北,二线,价格敏感,2026-03,25-34,黑金,线下活动
C004402,华中,二线,价格敏感,2025-09,55+,黑金,老客推荐
C004403,华中,一线,新客,2026-01,45-54,普通,老客推荐
C004404,华中,新一线,价格敏感,2026-06,35-44,金卡,直播引流
C004405,华南,二线,价格敏感,2026-01,18-24,银卡,线下活动
C004406,华北,三线及以下,沉睡,2026-01,25-34,普通,直播引流
C004407,华北,新一线,成长型,2025-08,35-44,普通,老客推荐
C004408,东北,三线及以下,新客,2026-05,25-34,普通,老客推荐
C004409,华南,一线,新客,2026-01,55+,普通,老客推荐
C004410,华北,三线及以下,高价值,2025-08,18-24,金卡,直播引流
C004411,华中,三线及以下,新客,2025-12,45-54,普通,线下活动
C004412,华东,二线,新客,2026-07,45-54,普通,自然搜索
C004413,华南,新一线,成长型,2025-10,18-24,普通,直播引流
C004414,西南,新一线,新客,2026-06,45-54,普通,内容种草
C004415,华北,二线,价格敏感,2026-06,55+,普通,直播引流
C004416,华中,新一线,成长型,2026-01,25-34,金卡,自然搜索
C004417,华北,一线,成长型,2026-05,35-44,普通,直播引流
C004418,东北,一线,价格敏感,2025-09,35-44,普通,自然搜索
C004419,华东,二线,价格敏感,2025-12,35-44,金卡,直播引流
C004420,西南,一线,成长型,2026-03,25-34,银卡,直播引流
C004421,华东,二线,新客,2026-07,55+,普通,直播引流
C004422,华东,二线,成长型,2026-07,45-54,银卡,直播引流
C004423,华北,新一线,成长型,2026-02,25-34,金卡,老客推荐
C004424,西南,新一线,成长型,2026-05,55+,银卡,直播引流
C004425,华北,三线及以下,沉睡,2026-02,25-34,普通,直播引流
C004426,华北,二线,价格敏感,2025-11,55+,金卡,直播引流
C004427,华中,一线,新客,2026-04,55+,普通,线下活动
C004428,华中,新一线,沉睡,2026-04,45-54,普通,老客推荐
C004429,华东,三线及以下,价格敏感,2025-08,45-54,普通,内容种草
C004430,华中,二线,沉睡,2026-05,18-24,普通,老客推荐
C004431,华东,新一线,成长型,2026-01,25-34,普通,直播引流
C004432,华南,二线,价格敏感,2025-09,35-44,金卡,内容种草
C004433,东北,新一线,成长型,2025-09,45-54,金卡,线下活动
C004434,华中,二线,成长型,2025-08,18-24,银卡,老客推荐
C004435,华中,三线及以下,高价值,2025-10,35-44,银卡,直播引流
C004436,华南,二线,沉睡,2026-02,18-24,银卡,内容种草
C004437,华中,新一线,成长型,2025-11,55+,银卡,老客推荐
C004438,东北,新一线,价格敏感,2026-07,18-24,普通,自然搜索
C004439,华东,三线及以下,成长型,2026-01,25-34,银卡,直播引流
C004440,西南,一线,沉睡,2025-11,18-24,黑金,线下活动
C004441,华中,二线,成长型,2025-08,35-44,金卡,内容种草
C004442,西南,新一线,价格敏感,2026-07,45-54,普通,内容种草
C004443,华东,新一线,新客,2025-08,35-44,黑金,自然搜索
C004444,华北,新一线,高价值,2026-05,35-44,普通,自然搜索
C004445,西南,二线,成长型,2025-12,55+,普通,线下活动
C004446,东北,一线,沉睡,2025-12,35-44,金卡,老客推荐
C004447,华东,一线,价格敏感,2026-06,45-54,普通,直播引流
C004448,西南,新一线,新客,2026-03,45-54,普通,老客推荐
C004449,东北,三线及以下,新客,2026-01,45-54,普通,线下活动
C004450,华东,二线,沉睡,2026-05,45-54,银卡,线下活动
C004451,华南,新一线,新客,2025-08,18-24,银卡,自然搜索
C004452,华中,新一线,价格敏感,2026-03,35-44,普通,老客推荐
C004453,华北,二线,高价值,2025-12,45-54,普通,自然搜索
C004454,西南,一线,价格敏感,2025-11,55+,银卡,线下活动
C004455,华北,三线及以下,新客,2025-08,55+,银卡,老客推荐
C004456,华东,一线,新客,2025-08,25-34,黑金,自然搜索
C004457,华东,一线,新客,2025-09,45-54,普通,老客推荐
C004458,华中,三线及以下,沉睡,2026-05,18-24,普通,直播引流
C004459,华东,新一线,成长型,2026-05,45-54,银卡,老客推荐
C004460,西南,二线,成长型,2026-02,25-34,银卡,线下活动
C004461,华北,三线及以下,新客,2026-07,35-44,银卡,老客推荐
C004462,华北,一线,新客,2025-09,25-34,普通,线下活动
C004463,华东,二线,成长型,2025-10,25-34,普通,老客推荐
C004464,华北,新一线,沉睡,2026-02,45-54,普通,内容种草
C004465,华中,新一线,成长型,2025-11,45-54,普通,直播引流
C004466,华东,一线,成长型,2025-08,25-34,金卡,内容种草
C004467,华北,一线,成长型,2025-11,45-54,普通,老客推荐
C004468,华南,三线及以下,成长型,2026-06,55+,普通,内容种草
C004469,华东,三线及以下,沉睡,2025-09,45-54,普通,老客推荐
C004470,西南,二线,沉睡,2026-04,55+,普通,老客推荐
C004471,华北,三线及以下,价格敏感,2025-09,35-44,黑金,线下活动
C004472,西南,二线,价格敏感,2025-12,35-44,普通,线下活动
C004473,华南,新一线,价格敏感,2025-10,18-24,普通,老客推荐
C004474,华东,二线,价格敏感,2025-09,25-34,金卡,直播引流
C004475,华中,二线,沉睡,2025-08,25-34,银卡,自然搜索
C004476,东北,二线,新客,2026-06,55+,普通,自然搜索
C004477,华中,二线,价格敏感,2026-01,25-34,普通,自然搜索
C004478,华南,一线,成长型,2025-09,45-54,银卡,老客推荐
C004479,华东,新一线,新客,2025-11,18-24,金卡,直播引流
C004480,华南,新一线,新客,2025-09,25-34,银卡,直播引流
C004481,华东,新一线,高价值,2026-06,55+,银卡,自然搜索
C004482,西南,新一线,高价值,2026-06,18-24,银卡,线下活动
C004483,华东,三线及以下,新客,2025-08,55+,银卡,直播引流
C004484,东北,一线,成长型,2026-04,35-44,金卡,自然搜索
C004485,华北,二线,价格敏感,2026-01,55+,普通,线下活动
C004486,华东,一线,新客,2026-06,45-54,普通,线下活动
C004487,华南,一线,成长型,2025-11,35-44,银卡,自然搜索
C004488,华北,新一线,高价值,2025-09,45-54,普通,线下活动
C004489,华北,新一线,沉睡,2026-05,25-34,普通,自然搜索
C004490,华中,新一线,成长型,2026-07,18-24,银卡,自然搜索
C004491,东北,一线,沉睡,2026-04,35-44,黑金,内容种草
C004492,华中,新一线,价格敏感,2026-06,35-44,银卡,内容种草
C004493,西南,新一线,沉睡,2026-06,25-34,黑金,自然搜索
C004494,华南,新一线,成长型,2026-01,55+,普通,老客推荐
C004495,西南,一线,沉睡,2025-10,45-54,普通,线下活动
C004496,华南,一线,沉睡,2025-10,55+,黑金,老客推荐
C004497,西南,一线,成长型,2026-07,18-24,黑金,直播引流
C004498,华中,三线及以下,价格敏感,2026-04,25-34,普通,内容种草
C004499,华中,三线及以下,高价值,2025-10,45-54,普通,内容种草
C004500,西南,一线,成长型,2026-01,55+,银卡,自然搜索
C004501,华东,一线,新客,2026-07,18-24,普通,直播引流
C004502,华南,三线及以下,价格敏感,2026-02,55+,金卡,直播引流
C004503,华北,二线,成长型,2025-12,35-44,普通,内容种草
C004504,华中,二线,沉睡,2026-04,35-44,金卡,自然搜索
C004505,华东,二线,成长型,2026-02,18-24,金卡,内容种草
C004506,东北,新一线,新客,2025-11,18-24,普通,直播引流
C004507,华南,新一线,成长型,2026-02,35-44,普通,线下活动
C004508,华南,一线,高价值,2025-11,25-34,金卡,老客推荐
C004509,华中,三线及以下,价格敏感,2026-04,18-24,金卡,线下活动
C004510,华中,一线,沉睡,2026-02,45-54,银卡,自然搜索
C004511,华北,二线,成长型,2026-07,25-34,金卡,直播引流
C004512,西南,二线,沉睡,2025-09,25-34,银卡,线下活动
C004513,华东,三线及以下,价格敏感,2025-11,55+,普通,线下活动
C004514,华南,二线,价格敏感,2026-07,35-44,普通,直播引流
C004515,华南,三线及以下,价格敏感,2025-11,55+,普通,内容种草
C004516,西南,二线,价格敏感,2025-08,55+,普通,线下活动
C004517,华中,新一线,高价值,2026-06,55+,普通,线下活动
C004518,西南,新一线,价格敏感,2026-02,25-34,金卡,直播引流
C004519,西南,二线,新客,2025-12,25-34,金卡,直播引流
C004520,东北,新一线,价格敏感,2026-07,25-34,银卡,线下活动
C004521,华南,二线,成长型,2026-07,55+,银卡,直播引流
C004522,华北,一线,价格敏感,2025-12,18-24,普通,内容种草
C004523,华北,新一线,价格敏感,2025-12,45-54,普通,直播引流
C004524,华北,新一线,新客,2026-04,25-34,银卡,自然搜索
C004525,华中,二线,成长型,2025-12,35-44,普通,自然搜索
C004526,东北,一线,价格敏感,2026-01,18-24,普通,线下活动
C004527,华南,三线及以下,成长型,2025-08,25-34,普通,内容种草
C004528,华中,新一线,价格敏感,2025-10,35-44,金卡,线下活动
C004529,华东,二线,新客,2026-07,45-54,金卡,自然搜索
C004530,华东,三线及以下,成长型,2025-09,45-54,银卡,自然搜索
C004531,华东,三线及以下,沉睡,2025-08,35-44,银卡,线下活动
C004532,华南,新一线,新客,2026-02,55+,金卡,线下活动
C004533,华中,三线及以下,新客,2026-02,18-24,普通,自然搜索
C004534,华东,三线及以下,成长型,2025-08,35-44,普通,内容种草
C004535,西南,三线及以下,成长型,2025-12,55+,银卡,线下活动
C004536,华东,三线及以下,成长型,2026-02,18-24,普通,自然搜索
C004537,华南,三线及以下,成长型,2025-08,18-24,普通,线下活动
C004538,华南,三线及以下,成长型,2026-07,35-44,银卡,自然搜索
C004539,华南,一线,成长型,2026-03,35-44,黑金,直播引流
C004540,华南,一线,成长型,2026-03,18-24,普通,自然搜索
C004541,华北,新一线,价格敏感,2025-09,25-34,普通,内容种草
C004542,华东,三线及以下,新客,2026-04,18-24,普通,自然搜索
C004543,华南,三线及以下,成长型,2026-03,25-34,银卡,老客推荐
C004544,华北,三线及以下,价格敏感,2026-01,25-34,金卡,自然搜索
C004545,华中,二线,高价值,2026-02,25-34,普通,线下活动
C004546,华南,一线,价格敏感,2026-02,45-54,金卡,老客推荐
C004547,华东,二线,成长型,2026-01,25-34,普通,自然搜索
C004548,华东,二线,高价值,2025-08,25-34,银卡,线下活动
C004549,华南,新一线,沉睡,2026-07,25-34,银卡,线下活动
C004550,华东,一线,成长型,2025-08,18-24,金卡,老客推荐
C004551,华中,三线及以下,成长型,2026-02,18-24,普通,线下活动
C004552,华东,新一线,成长型,2026-06,35-44,普通,老客推荐
C004553,东北,二线,新客,2026-07,55+,普通,内容种草
C004554,东北,新一线,新客,2025-11,55+,银卡,自然搜索
C004555,华中,新一线,价格敏感,2026-04,25-34,普通,老客推荐
C004556,西南,二线,高价值,2025-10,18-24,银卡,直播引流
C004557,华北,新一线,高价值,2025-09,25-34,金卡,自然搜索
C004558,华北,三线及以下,价格敏感,2025-08,55+,普通,线下活动
C004559,华南,二线,成长型,2026-06,18-24,银卡,内容种草
C004560,东北,三线及以下,新客,2026-02,25-34,普通,线下活动
C004561,华北,新一线,成长型,2026-02,25-34,普通,直播引流
C004562,东北,三线及以下,价格敏感,2025-11,55+,银卡,自然搜索
C004563,华北,二线,成长型,2025-12,35-44,普通,线下活动
C004564,华南,新一线,高价值,2026-06,25-34,银卡,自然搜索
C004565,华东,新一线,新客,2026-07,55+,普通,老客推荐
C004566,东北,新一线,高价值,2026-03,45-54,银卡,自然搜索
C004567,东北,二线,价格敏感,2026-02,35-44,银卡,线下活动
C004568,华东,二线,沉睡,2025-10,25-34,普通,老客推荐
C004569,西南,三线及以下,新客,2025-10,55+,银卡,老客推荐
C004570,华东,二线,高价值,2026-02,35-44,银卡,直播引流
C004571,西南,二线,高价值,2026-01,45-54,银卡,内容种草
C004572,华北,二线,高价值,2026-02,45-54,金卡,线下活动
C004573,东北,二线,高价值,2026-03,25-34,普通,内容种草
C004574,华中,二线,新客,2025-12,18-24,银卡,线下活动
C004575,华南,三线及以下,成长型,2026-02,35-44,金卡,内容种草
C004576,华中,三线及以下,新客,2025-09,18-24,普通,直播引流
C004577,华南,二线,价格敏感,2026-01,25-34,普通,内容种草
C004578,华中,二线,成长型,2026-04,18-24,普通,直播引流
C004579,华南,三线及以下,高价值,2026-03,35-44,普通,线下活动
C004580,华南,新一线,价格敏感,2026-05,45-54,普通,老客推荐
C004581,华东,三线及以下,沉睡,2026-03,45-54,金卡,老客推荐
C004582,西南,二线,价格敏感,2026-05,35-44,金卡,老客推荐
C004583,华东,二线,新客,2025-11,25-34,金卡,老客推荐
C004584,华南,新一线,成长型,2026-03,55+,金卡,直播引流
C004585,华北,新一线,高价值,2026-06,55+,银卡,老客推荐
C004586,华中,新一线,沉睡,2025-12,18-24,普通,线下活动
C004587,华北,二线,新客,2026-06,35-44,金卡,内容种草
C004588,华北,二线,价格敏感,2026-02,45-54,普通,线下活动
C004589,华中,新一线,价格敏感,2026-07,18-24,普通,线下活动
C004590,华东,二线,新客,2025-12,35-44,普通,老客推荐
C004591,华东,三线及以下,价格敏感,2026-04,45-54,金卡,自然搜索
C004592,华中,二线,新客,2026-06,25-34,金卡,线下活动
C004593,华北,新一线,成长型,2026-01,55+,银卡,内容种草
C004594,华南,三线及以下,新客,2026-02,25-34,普通,直播引流
C004595,华中,二线,新客,2026-04,35-44,普通,自然搜索
C004596,华南,三线及以下,沉睡,2025-09,18-24,普通,老客推荐
C004597,华南,新一线,新客,2025-08,45-54,普通,直播引流
C004598,华东,三线及以下,价格敏感,2026-01,25-34,普通,线下活动
C004599,华东,一线,价格敏感,2025-09,25-34,黑金,线下活动
C004600,东北,二线,新客,2025-09,45-54,银卡,直播引流
C004601,华南,新一线,价格敏感,2026-03,55+,普通,老客推荐
C004602,华南,一线,成长型,2025-11,55+,金卡,直播引流
C004603,西南,二线,沉睡,2026-01,18-24,银卡,老客推荐
C004604,华中,一线,成长型,2025-10,45-54,普通,内容种草
C004605,华北,新一线,价格敏感,2025-10,25-34,普通,自然搜索
C004606,华东,新一线,高价值,2026-05,55+,普通,自然搜索
C004607,华中,三线及以下,沉睡,2025-10,25-34,银卡,老客推荐
C004608,西南,一线,沉睡,2026-02,45-54,银卡,内容种草
C004609,东北,二线,新客,2026-04,25-34,普通,直播引流
C004610,东北,一线,成长型,2026-02,35-44,普通,直播引流
C004611,华中,三线及以下,新客,2025-12,35-44,银卡,线下活动
C004612,华南,二线,新客,2026-02,55+,银卡,线下活动
C004613,华北,一线,成长型,2026-03,45-54,银卡,自然搜索
C004614,东北,二线,成长型,2025-12,25-34,普通,老客推荐
C004615,华北,二线,沉睡,2025-12,55+,普通,内容种草
C004616,华南,二线,价格敏感,2025-12,45-54,普通,老客推荐
C004617,西南,新一线,沉睡,2025-12,45-54,普通,内容种草
C004618,华北,三线及以下,新客,2026-04,18-24,银卡,内容种草
C004619,华南,新一线,高价值,2026-02,35-44,黑金,自然搜索
C004620,华东,一线,新客,2026-01,45-54,普通,老客推荐
C004621,西南,二线,沉睡,2025-11,18-24,普通,直播引流
C004622,西南,三线及以下,价格敏感,2025-10,25-34,银卡,老客推荐
C004623,华中,新一线,沉睡,2025-11,25-34,普通,老客推荐
C004624,华北,新一线,高价值,2026-06,25-34,金卡,线下活动
C004625,华东,二线,沉睡,2026-07,55+,银卡,线下活动
C004626,华东,一线,新客,2025-08,45-54,金卡,自然搜索
C004627,西南,二线,高价值,2026-07,55+,金卡,内容种草
C004628,华东,新一线,价格敏感,2025-11,55+,黑金,直播引流
C004629,华南,二线,价格敏感,2026-07,18-24,金卡,自然搜索
C004630,华东,新一线,价格敏感,2026-01,45-54,黑金,自然搜索
C004631,华北,二线,成长型,2025-11,45-54,银卡,线下活动
C004632,华东,二线,新客,2026-03,25-34,银卡,直播引流
C004633,华北,一线,沉睡,2025-09,55+,普通,内容种草
C004634,华南,二线,新客,2025-08,25-34,普通,自然搜索
C004635,华东,二线,新客,2026-04,18-24,银卡,直播引流
C004636,华东,二线,高价值,2026-02,45-54,金卡,自然搜索
C004637,华中,二线,成长型,2026-02,55+,金卡,直播引流
C004638,华北,二线,沉睡,2025-08,45-54,银卡,内容种草
C004639,华北,三线及以下,价格敏感,2026-05,35-44,银卡,老客推荐
C004640,华南,新一线,价格敏感,2026-01,18-24,普通,自然搜索
C004641,华东,二线,高价值,2026-06,18-24,银卡,线下活动
C004642,东北,二线,价格敏感,2026-07,45-54,普通,自然搜索
C004643,西南,新一线,沉睡,2025-08,45-54,银卡,自然搜索
C004644,华中,一线,沉睡,2025-09,55+,金卡,自然搜索
C004645,华北,新一线,价格敏感,2026-05,25-34,金卡,内容种草
C004646,华中,新一线,成长型,2026-07,35-44,普通,直播引流
C004647,华东,二线,沉睡,2026-07,55+,普通,老客推荐
C004648,华东,一线,新客,2026-06,25-34,金卡,老客推荐
C004649,华中,二线,价格敏感,2025-09,55+,普通,直播引流
C004650,华东,二线,价格敏感,2026-05,35-44,普通,内容种草
C004651,华北,二线,价格敏感,2025-11,35-44,普通,自然搜索
C004652,华北,三线及以下,价格敏感,2025-08,25-34,普通,直播引流
C004653,华北,三线及以下,成长型,2026-01,45-54,银卡,内容种草
C004654,华南,二线,高价值,2026-03,18-24,银卡,老客推荐
C004655,东北,新一线,沉睡,2026-03,35-44,金卡,自然搜索
C004656,华中,一线,高价值,2026-02,55+,黑金,自然搜索
C004657,华东,新一线,价格敏感,2026-06,35-44,普通,内容种草
C004658,西南,二线,价格敏感,2026-05,18-24,普通,老客推荐
C004659,华中,新一线,新客,2025-11,25-34,普通,老客推荐
C004660,东北,一线,成长型,2026-07,45-54,银卡,直播引流
C004661,华东,二线,成长型,2026-02,35-44,普通,直播引流
C004662,华南,二线,成长型,2025-09,45-54,银卡,直播引流
C004663,西南,三线及以下,成长型,2025-09,55+,普通,线下活动
C004664,华中,二线,沉睡,2026-04,55+,金卡,老客推荐
C004665,华东,二线,成长型,2026-07,25-34,金卡,内容种草
C004666,华北,三线及以下,新客,2025-11,18-24,普通,内容种草
C004667,华北,二线,新客,2025-11,35-44,普通,内容种草
C004668,华东,三线及以下,价格敏感,2025-09,45-54,金卡,线下活动
C004669,华东,一线,沉睡,2026-05,35-44,金卡,自然搜索
C004670,华东,二线,高价值,2026-02,45-54,银卡,直播引流
C004671,华中,二线,价格敏感,2026-07,45-54,金卡,直播引流
C004672,西南,二线,成长型,2026-07,55+,银卡,直播引流
C004673,华南,二线,价格敏感,2026-06,55+,普通,老客推荐
C004674,华北,新一线,成长型,2025-09,45-54,普通,内容种草
C004675,华南,一线,新客,2025-10,45-54,金卡,老客推荐
C004676,华北,二线,价格敏感,2026-03,25-34,普通,线下活动
C004677,华北,二线,高价值,2026-05,55+,普通,线下活动
C004678,华东,新一线,价格敏感,2025-11,35-44,银卡,线下活动
C004679,华东,三线及以下,价格敏感,2026-06,18-24,普通,内容种草
C004680,西南,二线,新客,2026-05,35-44,银卡,老客推荐
C004681,华南,三线及以下,高价值,2026-03,55+,银卡,直播引流
C004682,华东,三线及以下,新客,2025-11,25-34,银卡,内容种草
C004683,华北,三线及以下,价格敏感,2026-05,25-34,普通,线下活动
C004684,西南,一线,高价值,2026-06,18-24,银卡,直播引流
C004685,华北,新一线,沉睡,2025-08,55+,银卡,直播引流
C004686,华北,新一线,价格敏感,2025-12,18-24,银卡,直播引流
C004687,西南,新一线,成长型,2025-08,35-44,普通,自然搜索
C004688,西南,二线,价格敏感,2026-03,18-24,普通,直播引流
C004689,华东,一线,新客,2025-11,25-34,普通,自然搜索
C004690,华中,三线及以下,成长型,2026-01,25-34,银卡,直播引流
C004691,华北,二线,新客,2026-04,55+,银卡,内容种草
C004692,华中,三线及以下,成长型,2025-08,55+,银卡,线下活动
C004693,华东,新一线,成长型,2025-12,18-24,普通,内容种草
C004694,华南,三线及以下,新客,2025-09,45-54,普通,直播引流
C004695,华中,二线,高价值,2025-09,35-44,普通,内容种草
C004696,东北,二线,价格敏感,2026-05,55+,普通,线下活动
C004697,西南,二线,沉睡,2025-11,18-24,普通,线下活动
C004698,华北,新一线,新客,2026-06,25-34,普通,直播引流
C004699,华南,二线,新客,2025-12,45-54,金卡,线下活动
C004700,西南,二线,价格敏感,2026-02,18-24,银卡,直播引流
C004701,华南,二线,成长型,2026-03,45-54,普通,线下活动
C004702,华东,新一线,沉睡,2025-11,35-44,银卡,直播引流
C004703,华北,新一线,成长型,2026-01,55+,银卡,自然搜索
C004704,华中,新一线,高价值,2026-01,18-24,银卡,自然搜索
C004705,华东,一线,成长型,2026-07,35-44,普通,直播引流
C004706,华南,三线及以下,价格敏感,2026-06,35-44,普通,线下活动
C004707,华南,一线,高价值,2026-06,55+,银卡,自然搜索
C004708,华东,一线,价格敏感,2026-06,45-54,黑金,内容种草
C004709,华中,二线,新客,2025-08,45-54,黑金,线下活动
C004710,华北,三线及以下,价格敏感,2026-07,35-44,普通,内容种草
C004711,华中,一线,沉睡,2025-12,45-54,银卡,老客推荐
C004712,东北,三线及以下,价格敏感,2025-09,45-54,银卡,直播引流
C004713,华北,二线,价格敏感,2026-03,55+,银卡,老客推荐
C004714,华南,二线,沉睡,2025-10,35-44,普通,内容种草
C004715,华中,二线,价格敏感,2026-02,18-24,普通,自然搜索
C004716,东北,二线,新客,2026-01,35-44,银卡,老客推荐
C004717,华东,二线,价格敏感,2025-08,55+,普通,内容种草
C004718,东北,一线,沉睡,2025-08,35-44,普通,内容种草
C004719,华东,新一线,沉睡,2025-10,18-24,银卡,自然搜索
C004720,华中,二线,沉睡,2026-05,45-54,普通,内容种草
C004721,华南,一线,价格敏感,2026-05,25-34,普通,内容种草
C004722,华东,三线及以下,成长型,2025-12,35-44,银卡,内容种草
C004723,西南,二线,沉睡,2026-06,55+,银卡,老客推荐
C004724,华东,二线,价格敏感,2026-04,55+,普通,内容种草
C004725,华南,新一线,沉睡,2026-02,55+,普通,内容种草
C004726,西南,一线,高价值,2026-04,45-54,黑金,直播引流
C004727,西南,新一线,价格敏感,2025-11,45-54,普通,直播引流
C004728,华北,一线,成长型,2026-03,45-54,黑金,老客推荐
C004729,华南,一线,新客,2026-05,35-44,银卡,老客推荐
C004730,华南,三线及以下,价格敏感,2026-01,25-34,银卡,线下活动
C004731,东北,三线及以下,高价值,2025-09,45-54,银卡,内容种草
C004732,华南,三线及以下,高价值,2025-10,25-34,普通,自然搜索
C004733,华南,三线及以下,新客,2025-09,25-34,普通,内容种草
C004734,华北,一线,价格敏感,2026-06,45-54,金卡,老客推荐
C004735,华东,一线,沉睡,2026-07,35-44,黑金,线下活动
C004736,东北,一线,价格敏感,2026-05,35-44,银卡,内容种草
C004737,华东,二线,高价值,2025-08,35-44,银卡,线下活动
C004738,华东,二线,成长型,2025-10,55+,普通,自然搜索
C004739,华东,新一线,价格敏感,2025-09,35-44,金卡,直播引流
C004740,华南,三线及以下,价格敏感,2026-04,35-44,银卡,直播引流
C004741,华南,二线,沉睡,2026-01,18-24,银卡,内容种草
C004742,西南,一线,成长型,2025-11,25-34,金卡,内容种草
C004743,华南,二线,成长型,2026-04,18-24,黑金,直播引流
C004744,华北,二线,成长型,2025-12,45-54,普通,自然搜索
C004745,华东,新一线,价格敏感,2026-03,18-24,银卡,直播引流
C004746,东北,三线及以下,价格敏感,2026-06,55+,金卡,内容种草
C004747,华中,三线及以下,沉睡,2025-10,45-54,普通,线下活动
C004748,华北,二线,沉睡,2026-07,45-54,银卡,自然搜索
C004749,华中,新一线,成长型,2026-06,25-34,黑金,线下活动
C004750,华中,三线及以下,高价值,2025-12,25-34,银卡,自然搜索
C004751,华南,三线及以下,高价值,2026-06,18-24,金卡,线下活动
C004752,东北,二线,新客,2025-12,18-24,金卡,线下活动
C004753,华东,一线,高价值,2025-10,35-44,银卡,老客推荐
C004754,华东,三线及以下,价格敏感,2025-09,25-34,金卡,老客推荐
C004755,西南,二线,沉睡,2025-12,35-44,普通,自然搜索
C004756,华北,新一线,成长型,2026-02,55+,银卡,线下活动
C004757,华东,二线,成长型,2025-11,45-54,普通,自然搜索
C004758,东北,二线,成长型,2026-07,18-24,普通,线下活动
C004759,华北,二线,价格敏感,2025-09,55+,银卡,老客推荐
C004760,华北,二线,成长型,2026-05,18-24,金卡,自然搜索
C004761,华南,二线,成长型,2025-08,25-34,金卡,线下活动
C004762,华中,三线及以下,成长型,2026-06,25-34,普通,直播引流
C004763,华中,二线,新客,2026-04,45-54,普通,线下活动
C004764,华中,二线,高价值,2026-01,18-24,普通,直播引流
C004765,华北,一线,沉睡,2025-10,45-54,金卡,直播引流
C004766,华南,新一线,沉睡,2026-01,25-34,普通,老客推荐
C004767,华南,三线及以下,沉睡,2026-06,55+,普通,自然搜索
C004768,华东,三线及以下,成长型,2026-03,35-44,银卡,自然搜索
C004769,华中,三线及以下,高价值,2025-10,55+,普通,自然搜索
C004770,华中,二线,价格敏感,2025-09,35-44,银卡,老客推荐
C004771,华中,新一线,价格敏感,2025-09,35-44,银卡,内容种草
C004772,华中,二线,成长型,2026-01,35-44,银卡,自然搜索
C004773,东北,新一线,价格敏感,2026-06,35-44,银卡,老客推荐
C004774,华东,二线,高价值,2025-09,55+,普通,线下活动
C004775,华北,新一线,沉睡,2026-07,18-24,金卡,直播引流
C004776,华北,二线,成长型,2025-10,25-34,普通,老客推荐
C004777,华南,三线及以下,成长型,2025-11,18-24,普通,线下活动
C004778,华南,三线及以下,价格敏感,2025-08,25-34,金卡,老客推荐
C004779,华北,二线,成长型,2026-01,55+,普通,直播引流
C004780,华北,新一线,沉睡,2026-07,35-44,黑金,内容种草
C004781,华南,一线,新客,2026-01,45-54,金卡,内容种草
C004782,华中,二线,沉睡,2025-08,45-54,金卡,自然搜索
C004783,华北,二线,成长型,2026-01,18-24,银卡,直播引流
C004784,华南,一线,成长型,2026-02,55+,普通,直播引流
C004785,西南,三线及以下,新客,2025-11,35-44,金卡,线下活动
C004786,华北,新一线,成长型,2026-05,45-54,金卡,直播引流
C004787,华东,二线,成长型,2026-02,25-34,金卡,内容种草
C004788,东北,新一线,成长型,2026-06,55+,普通,直播引流
C004789,华南,二线,新客,2026-01,55+,普通,线下活动
C004790,华东,二线,价格敏感,2025-11,55+,银卡,直播引流
C004791,西南,一线,价格敏感,2026-03,45-54,普通,老客推荐
C004792,华东,新一线,新客,2026-05,45-54,金卡,自然搜索
C004793,华东,新一线,沉睡,2026-03,35-44,银卡,内容种草
C004794,华东,一线,成长型,2026-03,25-34,普通,直播引流
C004795,华北,三线及以下,新客,2025-12,35-44,金卡,自然搜索
C004796,华东,一线,高价值,2025-10,35-44,银卡,自然搜索
C004797,西南,新一线,价格敏感,2025-09,55+,普通,内容种草
C004798,华中,三线及以下,价格敏感,2026-03,18-24,银卡,线下活动
C004799,华北,一线,成长型,2025-09,25-34,银卡,直播引流
C004800,华中,新一线,新客,2025-08,35-44,银卡,线下活动
C004801,华中,三线及以下,成长型,2026-02,25-34,金卡,内容种草
C004802,华南,三线及以下,成长型,2025-10,25-34,普通,老客推荐
C004803,西南,二线,新客,2025-08,55+,普通,老客推荐
C004804,华中,一线,价格敏感,2025-11,25-34,金卡,自然搜索
C004805,西南,二线,价格敏感,2025-10,55+,银卡,自然搜索
C004806,华南,三线及以下,成长型,2025-08,25-34,银卡,自然搜索
C004807,华北,一线,成长型,2026-03,55+,银卡,线下活动
C004808,华南,一线,沉睡,2026-05,45-54,普通,直播引流
C004809,华北,三线及以下,价格敏感,2026-06,25-34,黑金,内容种草
C004810,华东,三线及以下,价格敏感,2025-11,55+,普通,老客推荐
C004811,华北,三线及以下,高价值,2026-04,25-34,普通,直播引流
C004812,华北,二线,价格敏感,2026-02,55+,银卡,直播引流
C004813,华东,三线及以下,成长型,2026-02,18-24,普通,自然搜索
C004814,西南,新一线,价格敏感,2025-11,18-24,普通,老客推荐
C004815,华北,二线,价格敏感,2026-02,35-44,普通,自然搜索
C004816,华中,新一线,高价值,2026-05,45-54,普通,老客推荐
C004817,华北,三线及以下,成长型,2025-09,35-44,黑金,直播引流
C004818,华东,新一线,新客,2026-06,35-44,普通,自然搜索
C004819,华东,新一线,价格敏感,2026-07,45-54,金卡,内容种草
C004820,华东,新一线,高价值,2026-03,45-54,普通,直播引流
C004821,华北,新一线,沉睡,2025-09,18-24,普通,直播引流
C004822,华中,二线,新客,2026-07,55+,普通,内容种草
C004823,东北,三线及以下,新客,2025-09,25-34,银卡,线下活动
C004824,华东,一线,成长型,2025-08,18-24,黑金,老客推荐
C004825,华南,二线,成长型,2025-12,55+,金卡,内容种草
C004826,华南,二线,成长型,2026-05,55+,银卡,内容种草
C004827,西南,一线,新客,2025-09,45-54,银卡,内容种草
C004828,华东,二线,高价值,2026-03,25-34,银卡,直播引流
C004829,华北,三线及以下,沉睡,2025-10,45-54,银卡,自然搜索
C004830,华南,新一线,价格敏感,2025-10,45-54,普通,线下活动
C004831,华南,二线,价格敏感,2025-09,35-44,普通,内容种草
C004832,华南,新一线,价格敏感,2026-04,35-44,普通,线下活动
C004833,华东,三线及以下,价格敏感,2026-02,55+,银卡,直播引流
C004834,东北,三线及以下,价格敏感,2025-12,55+,普通,老客推荐
C004835,华南,一线,成长型,2026-01,55+,普通,老客推荐
C004836,华东,新一线,价格敏感,2025-08,25-34,银卡,内容种草
C004837,华北,三线及以下,高价值,2026-07,35-44,普通,直播引流
C004838,华北,三线及以下,价格敏感,2026-02,55+,黑金,自然搜索
C004839,华东,二线,新客,2025-09,25-34,银卡,自然搜索
C004840,华东,二线,成长型,2026-03,18-24,普通,内容种草
C004841,华南,新一线,沉睡,2025-08,18-24,黑金,内容种草
C004842,华中,三线及以下,沉睡,2025-09,18-24,普通,线下活动
C004843,华中,二线,高价值,2025-08,18-24,普通,自然搜索
C004844,华南,一线,沉睡,2025-10,45-54,银卡,自然搜索
C004845,华东,二线,高价值,2025-11,18-24,普通,老客推荐
C004846,华中,三线及以下,高价值,2026-01,35-44,普通,自然搜索
C004847,华南,三线及以下,成长型,2025-12,18-24,普通,老客推荐
C004848,华中,新一线,成长型,2025-12,55+,银卡,直播引流
C004849,东北,三线及以下,价格敏感,2025-10,18-24,金卡,自然搜索
C004850,华北,新一线,价格敏感,2025-12,18-24,银卡,直播引流
C004851,华北,三线及以下,成长型,2025-10,45-54,黑金,内容种草
C004852,华东,三线及以下,成长型,2026-04,45-54,金卡,老客推荐
C004853,华东,三线及以下,新客,2025-08,45-54,金卡,老客推荐
C004854,华北,新一线,价格敏感,2026-05,55+,普通,直播引流
C004855,东北,一线,沉睡,2026-02,18-24,普通,老客推荐
C004856,西南,二线,成长型,2026-05,18-24,银卡,直播引流
C004857,华中,三线及以下,价格敏感,2025-11,45-54,银卡,自然搜索
C004858,西南,新一线,沉睡,2026-04,25-34,普通,线下活动
C004859,华北,二线,成长型,2026-06,35-44,银卡,线下活动
C004860,华中,一线,新客,2026-07,55+,普通,自然搜索
C004861,华中,二线,新客,2025-12,18-24,普通,内容种草
C004862,华东,新一线,沉睡,2026-06,25-34,银卡,自然搜索
C004863,西南,二线,价格敏感,2026-03,18-24,银卡,内容种草
C004864,华东,新一线,沉睡,2026-03,25-34,普通,内容种草
C004865,华东,新一线,高价值,2026-06,18-24,普通,直播引流
C004866,华中,三线及以下,成长型,2026-07,45-54,普通,直播引流
C004867,华东,三线及以下,高价值,2025-09,35-44,银卡,老客推荐
C004868,东北,三线及以下,高价值,2026-05,55+,银卡,内容种草
C004869,华北,三线及以下,沉睡,2026-02,18-24,普通,直播引流
C004870,华北,二线,价格敏感,2025-09,55+,金卡,内容种草
C004871,华南,三线及以下,价格敏感,2025-11,45-54,银卡,内容种草
C004872,华北,二线,沉睡,2026-06,45-54,银卡,自然搜索
C004873,东北,三线及以下,价格敏感,2026-05,18-24,普通,内容种草
C004874,华北,二线,价格敏感,2025-10,35-44,普通,老客推荐
C004875,华北,二线,成长型,2025-08,55+,黑金,内容种草
C004876,华北,二线,新客,2025-08,45-54,黑金,线下活动
C004877,华中,二线,高价值,2026-05,35-44,普通,直播引流
C004878,华北,二线,沉睡,2026-02,18-24,银卡,自然搜索
C004879,华南,新一线,成长型,2026-05,35-44,普通,老客推荐
C004880,华北,二线,新客,2026-06,25-34,银卡,线下活动
C004881,华东,三线及以下,成长型,2025-12,18-24,普通,老客推荐
C004882,华南,新一线,成长型,2026-07,18-24,银卡,内容种草
C004883,华中,二线,价格敏感,2026-02,55+,普通,线下活动
C004884,华北,二线,高价值,2025-09,25-34,普通,线下活动
C004885,华南,新一线,价格敏感,2026-02,55+,普通,直播引流
C004886,华东,一线,新客,2026-06,18-24,银卡,直播引流
C004887,华南,三线及以下,成长型,2025-08,35-44,普通,老客推荐
C004888,华东,新一线,成长型,2026-07,25-34,金卡,线下活动
C004889,西南,一线,新客,2025-12,55+,银卡,老客推荐
C004890,华中,二线,新客,2025-09,25-34,普通,自然搜索
C004891,华东,二线,价格敏感,2026-02,55+,普通,线下活动
C004892,华北,一线,价格敏感,2026-07,55+,银卡,内容种草
C004893,东北,一线,沉睡,2026-06,55+,普通,线下活动
C004894,华中,一线,新客,2026-04,55+,普通,直播引流
C004895,华东,一线,价格敏感,2026-02,35-44,普通,自然搜索
C004896,西南,新一线,新客,2026-05,35-44,普通,线下活动
C004897,华东,二线,成长型,2026-02,35-44,银卡,内容种草
C004898,东北,一线,新客,2025-10,55+,普通,老客推荐
C004899,西南,新一线,成长型,2025-11,35-44,金卡,老客推荐
C004900,华东,二线,价格敏感,2026-07,35-44,金卡,自然搜索
C004901,西南,三线及以下,价格敏感,2025-09,55+,银卡,老客推荐
C004902,东北,三线及以下,沉睡,2026-03,35-44,银卡,直播引流
C004903,西南,三线及以下,价格敏感,2025-10,55+,银卡,直播引流
C004904,华南,二线,沉睡,2025-12,45-54,银卡,自然搜索
C004905,华中,新一线,价格敏感,2026-06,18-24,普通,直播引流
C004906,西南,一线,新客,2026-06,25-34,银卡,自然搜索
C004907,华中,一线,新客,2026-07,35-44,普通,直播引流
C004908,华南,二线,沉睡,2026-05,35-44,普通,内容种草
C004909,华东,二线,高价值,2026-04,35-44,银卡,线下活动
C004910,华南,二线,价格敏感,2026-07,45-54,普通,老客推荐
C004911,华北,新一线,高价值,2025-08,25-34,金卡,内容种草
C004912,华中,三线及以下,价格敏感,2026-02,25-34,银卡,老客推荐
C004913,华东,二线,价格敏感,2025-10,55+,金卡,线下活动
C004914,华北,三线及以下,成长型,2025-12,35-44,金卡,自然搜索
C004915,东北,三线及以下,沉睡,2026-02,35-44,普通,自然搜索
C004916,华北,一线,价格敏感,2026-02,25-34,银卡,内容种草
C004917,东北,二线,成长型,2026-05,55+,普通,线下活动
C004918,华中,新一线,高价值,2025-08,35-44,黑金,线下活动
C004919,华北,三线及以下,成长型,2026-07,45-54,金卡,老客推荐
C004920,华东,三线及以下,价格敏感,2025-10,55+,黑金,内容种草
C004921,华北,新一线,成长型,2026-03,18-24,金卡,内容种草
C004922,华南,二线,高价值,2025-12,55+,银卡,线下活动
C004923,华东,二线,新客,2025-09,55+,普通,老客推荐
C004924,西南,二线,成长型,2026-06,55+,金卡,直播引流
C004925,华东,三线及以下,新客,2026-04,55+,普通,线下活动
C004926,华北,二线,价格敏感,2025-08,35-44,普通,内容种草
C004927,西南,三线及以下,新客,2026-07,18-24,普通,直播引流
C004928,华东,新一线,沉睡,2025-12,25-34,黑金,直播引流
C004929,华中,三线及以下,新客,2026-05,25-34,金卡,线下活动
C004930,西南,新一线,新客,2025-10,25-34,金卡,老客推荐
C004931,东北,三线及以下,价格敏感,2026-07,18-24,普通,线下活动
C004932,华中,三线及以下,高价值,2025-10,55+,黑金,直播引流
C004933,华东,新一线,沉睡,2025-12,55+,银卡,直播引流
C004934,华中,三线及以下,成长型,2025-08,45-54,金卡,自然搜索
C004935,东北,三线及以下,价格敏感,2026-06,55+,银卡,老客推荐
C004936,东北,二线,新客,2025-11,55+,银卡,线下活动
C004937,华北,一线,价格敏感,2026-07,18-24,银卡,线下活动
C004938,华中,二线,沉睡,2025-12,18-24,黑金,自然搜索
C004939,华南,新一线,成长型,2026-04,35-44,银卡,内容种草
C004940,东北,二线,成长型,2026-01,35-44,普通,老客推荐
C004941,华南,新一线,成长型,2026-01,55+,黑金,自然搜索
C004942,华北,二线,沉睡,2025-11,55+,银卡,直播引流
C004943,华东,三线及以下,价格敏感,2025-10,55+,普通,线下活动
C004944,华东,新一线,新客,2026-01,25-34,普通,老客推荐
C004945,华中,二线,价格敏感,2025-12,35-44,银卡,老客推荐
C004946,华北,三线及以下,新客,2025-11,35-44,普通,老客推荐
C004947,华中,一线,价格敏感,2026-02,35-44,金卡,线下活动
C004948,东北,三线及以下,沉睡,2025-10,18-24,银卡,内容种草
C004949,西南,新一线,新客,2026-07,55+,普通,内容种草
C004950,华北,一线,成长型,2025-11,55+,普通,直播引流
C004951,东北,新一线,价格敏感,2025-11,45-54,普通,内容种草
C004952,华中,新一线,新客,2026-07,25-34,普通,自然搜索
C004953,西南,三线及以下,沉睡,2026-04,45-54,银卡,自然搜索
C004954,东北,三线及以下,成长型,2025-10,25-34,金卡,老客推荐
C004955,华东,二线,沉睡,2026-04,55+,银卡,自然搜索
C004956,华东,二线,高价值,2026-04,35-44,银卡,自然搜索
C004957,东北,二线,沉睡,2026-06,55+,黑金,内容种草
C004958,华南,二线,成长型,2026-02,55+,普通,老客推荐
C004959,华北,三线及以下,新客,2025-09,45-54,金卡,自然搜索
C004960,华东,二线,价格敏感,2026-06,18-24,金卡,线下活动
C004961,华东,一线,成长型,2025-10,35-44,普通,直播引流
C004962,华南,三线及以下,价格敏感,2025-08,45-54,银卡,线下活动
C004963,华东,一线,成长型,2026-07,25-34,黑金,自然搜索
C004964,华中,三线及以下,成长型,2026-04,18-24,普通,内容种草
C004965,华南,二线,新客,2026-04,45-54,银卡,直播引流
C004966,华南,新一线,新客,2025-10,18-24,普通,自然搜索
C004967,华东,新一线,沉睡,2026-07,35-44,普通,老客推荐
C004968,华东,二线,价格敏感,2026-07,35-44,黑金,直播引流
C004969,西南,新一线,新客,2025-11,18-24,银卡,老客推荐
C004970,华中,新一线,成长型,2026-01,18-24,普通,线下活动
C004971,东北,二线,成长型,2025-10,45-54,金卡,线下活动
C004972,华南,二线,价格敏感,2026-05,45-54,银卡,老客推荐
C004973,华南,一线,成长型,2025-10,55+,普通,自然搜索
C004974,华北,三线及以下,成长型,2026-06,35-44,金卡,线下活动
C004975,华北,二线,沉睡,2026-06,45-54,银卡,自然搜索
C004976,西南,二线,沉睡,2025-09,45-54,普通,直播引流
C004977,华北,一线,新客,2025-10,25-34,金卡,内容种草
C004978,华北,三线及以下,价格敏感,2026-07,35-44,银卡,老客推荐
C004979,华南,二线,价格敏感,2026-01,45-54,银卡,线下活动
C004980,华中,一线,价格敏感,2025-10,45-54,银卡,内容种草
C004981,西南,三线及以下,价格敏感,2025-09,18-24,普通,线下活动
C004982,华东,一线,新客,2026-07,55+,普通,自然搜索
C004983,华北,一线,新客,2026-04,25-34,金卡,自然搜索
C004984,华南,三线及以下,沉睡,2026-04,35-44,普通,内容种草
C004985,西南,二线,新客,2026-04,25-34,普通,老客推荐
C004986,华东,一线,沉睡,2026-07,35-44,普通,线下活动
C004987,华中,二线,高价值,2026-01,55+,普通,自然搜索
C004988,华东,三线及以下,沉睡,2026-07,35-44,普通,自然搜索
C004989,华东,三线及以下,沉睡,2026-02,45-54,银卡,自然搜索
C004990,华南,三线及以下,沉睡,2025-08,45-54,普通,内容种草
C004991,华东,二线,成长型,2025-09,55+,普通,内容种草
C004992,华南,三线及以下,高价值,2025-12,18-24,银卡,直播引流
C004993,华东,二线,成长型,2026-05,45-54,普通,线下活动
C004994,华东,新一线,价格敏感,2025-12,45-54,银卡,线下活动
C004995,东北,二线,成长型,2025-10,18-24,黑金,线下活动
C004996,华东,二线,高价值,2025-08,35-44,金卡,自然搜索
C004997,华南,二线,新客,2026-05,55+,普通,自然搜索
C004998,华南,三线及以下,价格敏感,2026-04,35-44,普通,线下活动
C004999,东北,二线,新客,2025-10,25-34,普通,线下活动
C005000,华东,二线,成长型,2026-02,25-34,银卡,自然搜索
