return_id,order_id,return_date,returned_quantity,return_reason,refund_amount,responsibility,is_resalable
RT0000001,O00000018,2025-09-19,1,商品破损,1032.58,物流,是
RT0000002,O00000038,2025-10-31,1,无理由退货,594.16,商品/运营,是
RT0000003,O00000052,2025-10-23,1,尺寸/适配问题,2630.44,商品/运营,是
RT0000004,O00000061,2026-04-03,5,物流延迟,2319.64,物流,是
RT0000005,O00000071,2025-11-20,4,物流延迟,2962.71,物流,否
RT0000006,O00000089,2026-06-22,2,尺寸/适配问题,329.99,商品/运营,是
RT0000007,O00000101,2025-11-24,1,尺寸/适配问题,736.2,商品/运营,是
RT0000008,O00000128,2026-06-03,2,物流延迟,1678.87,物流,是
RT0000009,O00000133,2026-07-20,3,商品破损,2052.83,物流,是
RT0000010,O00000158,2026-04-15,1,尺寸/适配问题,778.19,商品/运营,否
RT0000011,O00000173,2026-07-15,1,质量问题,1322.78,商品/运营,否
RT0000012,O00000180,2026-04-19,1,尺寸/适配问题,785.12,商品/运营,否
RT0000013,O00000182,2026-03-13,1,描述不符,1030.66,商品/运营,是
RT0000014,O00000201,2026-07-04,3,尺寸/适配问题,2806.04,商品/运营,否
RT0000015,O00000212,2026-05-30,3,质量问题,2309.28,商品/运营,否
RT0000016,O00000221,2025-08-17,4,商品破损,3006.18,物流,是
RT0000017,O00000249,2025-11-16,1,物流延迟,1333.12,物流,是
RT0000018,O00000253,2026-04-02,2,无理由退货,4573.36,商品/运营,否
RT0000019,O00000273,2025-11-08,1,无理由退货,2589.62,商品/运营,是
RT0000020,O00000274,2025-11-13,3,质量问题,590.35,商品/运营,否
RT0000021,O00000283,2025-12-14,1,无理由退货,510.79,商品/运营,是
RT0000022,O00000301,2025-10-24,3,物流延迟,1077.77,物流,是
RT0000023,O00000309,2026-02-26,1,商品破损,262.57,物流,否
RT0000024,O00000312,2025-12-11,2,描述不符,1425.85,商品/运营,是
RT0000025,O00000324,2025-12-22,1,无理由退货,1118.48,商品/运营,是
RT0000026,O00000354,2026-03-10,2,无理由退货,1800.76,商品/运营,是
RT0000027,O00000365,2026-08-06,2,质量问题,739.16,商品/运营,否
RT0000028,O00000402,2026-05-23,1,无理由退货,1060.06,商品/运营,否
RT0000029,O00000403,2026-02-08,2,描述不符,566.62,商品/运营,否
RT0000030,O00000408,2026-06-27,1,质量问题,125.69,商品/运营,是
RT0000031,O00000412,2026-05-12,2,商品破损,751.42,物流,否
RT0000032,O00000423,2025-12-21,1,物流延迟,272.19,物流,是
RT0000033,O00000430,2026-06-15,3,质量问题,5345.14,商品/运营,是
RT0000034,O00000434,2025-10-23,2,无理由退货,4283.23,商品/运营,否
RT0000035,O00000447,2026-07-11,1,物流延迟,1833.05,物流,是
RT0000036,O00000470,2025-09-23,1,质量问题,961.72,商品/运营,是
RT0000037,O00000477,2025-10-10,1,质量问题,1439.92,商品/运营,是
RT0000038,O00000492,2025-12-12,3,质量问题,6275.09,商品/运营,是
RT0000039,O00000494,2026-08-01,1,描述不符,130.55,商品/运营,否
RT0000040,O00000500,2025-08-13,1,无理由退货,1092.39,商品/运营,否
RT0000041,O00000512,2025-11-16,1,质量问题,1456.07,商品/运营,否
RT0000042,O00000528,2025-11-24,2,尺寸/适配问题,3352.02,商品/运营,是
RT0000043,O00000536,2025-12-09,3,质量问题,2443.56,商品/运营,是
RT0000044,O00000542,2026-05-24,1,尺寸/适配问题,1867.11,商品/运营,否
RT0000045,O00000558,2026-01-30,1,无理由退货,2421.19,商品/运营,否
RT0000046,O00000580,2025-08-20,2,质量问题,1699.59,商品/运营,是
RT0000047,O00000584,2026-02-02,2,物流延迟,3355.81,物流,否
RT0000048,O00000588,2025-08-09,5,质量问题,7410.9,商品/运营,是
RT0000049,O00000594,2026-01-30,1,质量问题,1990.26,商品/运营,否
RT0000050,O00000596,2025-10-17,1,物流延迟,214.41,物流,是
RT0000051,O00000613,2025-09-20,1,质量问题,1775.24,商品/运营,是
RT0000052,O00000649,2025-09-15,3,物流延迟,538.02,物流,是
RT0000053,O00000699,2026-01-15,1,描述不符,237.66,商品/运营,是
RT0000054,O00000727,2026-04-15,3,物流延迟,5236.72,物流,否
RT0000055,O00000762,2026-02-01,3,商品破损,621.54,物流,是
RT0000056,O00000779,2026-03-27,1,商品破损,2095.01,物流,是
RT0000057,O00000791,2026-05-17,1,无理由退货,326.05,商品/运营,是
RT0000058,O00000793,2026-06-20,1,物流延迟,1504.87,物流,是
RT0000059,O00000801,2026-04-16,2,商品破损,1095.64,物流,否
RT0000060,O00000802,2026-02-20,3,质量问题,5176.56,商品/运营,否
RT0000061,O00000815,2026-05-08,1,物流延迟,728.77,物流,否
RT0000062,O00000828,2026-05-22,2,无理由退货,5250.11,商品/运营,否
RT0000063,O00000829,2026-05-23,2,描述不符,4367.46,商品/运营,否
RT0000064,O00000856,2025-11-24,1,质量问题,794.28,商品/运营,是
RT0000065,O00000859,2025-12-19,1,无理由退货,677.71,商品/运营,是
RT0000066,O00000860,2025-12-23,5,无理由退货,6797.18,商品/运营,否
RT0000067,O00000870,2026-08-04,1,商品破损,277.99,物流,是
RT0000068,O00000882,2026-05-29,4,无理由退货,2574.21,商品/运营,是
RT0000069,O00000889,2026-05-12,1,无理由退货,367.89,商品/运营,是
RT0000070,O00000940,2025-09-25,1,尺寸/适配问题,1932.33,商品/运营,否
RT0000071,O00000957,2026-02-21,1,无理由退货,619.06,商品/运营,否
RT0000072,O00000984,2026-02-01,4,物流延迟,2541.27,物流,是
RT0000073,O00001027,2026-07-05,2,物流延迟,292.09,物流,是
RT0000074,O00001029,2026-07-06,1,质量问题,1807.56,商品/运营,是
RT0000075,O00001037,2025-11-25,2,尺寸/适配问题,925.66,商品/运营,是
RT0000076,O00001047,2025-09-17,2,商品破损,312.32,物流,是
RT0000077,O00001057,2026-04-04,1,商品破损,1451.84,物流,是
RT0000078,O00001079,2026-04-18,3,物流延迟,2054.78,物流,是
RT0000079,O00001094,2026-05-14,1,无理由退货,484.43,商品/运营,是
RT0000080,O00001099,2026-06-26,1,物流延迟,1899.06,物流,是
RT0000081,O00001108,2025-12-02,1,物流延迟,745.14,物流,是
RT0000082,O00001116,2026-03-14,1,物流延迟,435.28,物流,否
RT0000083,O00001119,2026-06-09,3,质量问题,591.03,商品/运营,是
RT0000084,O00001153,2026-06-11,1,质量问题,991.0,商品/运营,否
RT0000085,O00001166,2026-04-18,4,尺寸/适配问题,774.4,商品/运营,是
RT0000086,O00001178,2026-06-09,1,质量问题,984.15,商品/运营,是
RT0000087,O00001181,2026-02-21,1,物流延迟,1234.25,物流,是
RT0000088,O00001183,2026-03-31,1,物流延迟,254.69,物流,否
RT0000089,O00001218,2026-01-31,1,物流延迟,849.37,物流,否
RT0000090,O00001229,2026-05-23,1,物流延迟,288.77,物流,是
RT0000091,O00001234,2025-08-10,6,尺寸/适配问题,1522.37,商品/运营,否
RT0000092,O00001237,2026-03-13,1,物流延迟,900.38,物流,是
RT0000093,O00001249,2026-05-04,3,物流延迟,2653.24,物流,是
RT0000094,O00001260,2026-07-25,1,物流延迟,891.95,物流,是
RT0000095,O00001277,2026-06-07,2,无理由退货,653.67,商品/运营,是
RT0000096,O00001306,2025-09-13,2,物流延迟,1415.86,物流,否
RT0000097,O00001307,2026-02-13,1,无理由退货,324.29,商品/运营,否
RT0000098,O00001351,2026-05-21,1,物流延迟,1098.95,物流,是
RT0000099,O00001356,2026-01-21,5,无理由退货,5875.75,商品/运营,否
RT0000100,O00001358,2026-03-27,2,物流延迟,975.24,物流,是
RT0000101,O00001359,2026-04-18,1,商品破损,621.87,物流,是
RT0000102,O00001373,2025-10-22,2,物流延迟,524.93,物流,是
RT0000103,O00001403,2026-05-29,1,物流延迟,3064.18,物流,否
RT0000104,O00001428,2026-01-02,1,无理由退货,426.62,商品/运营,是
RT0000105,O00001442,2026-01-16,4,尺寸/适配问题,8543.12,商品/运营,是
RT0000106,O00001473,2025-09-03,1,描述不符,1979.68,商品/运营,是
RT0000107,O00001475,2026-03-18,3,物流延迟,5796.81,物流,是
RT0000108,O00001476,2025-10-12,2,描述不符,1581.98,商品/运营,否
RT0000109,O00001481,2025-10-25,2,尺寸/适配问题,1795.5,商品/运营,否
RT0000110,O00001484,2026-06-16,4,质量问题,5513.64,商品/运营,是
RT0000111,O00001509,2026-03-18,3,物流延迟,1764.17,物流,是
RT0000112,O00001537,2026-04-05,1,商品破损,1475.81,物流,是
RT0000113,O00001540,2025-12-24,1,描述不符,1745.57,商品/运营,是
RT0000114,O00001554,2025-09-09,1,尺寸/适配问题,1573.1,商品/运营,是
RT0000115,O00001556,2026-07-27,5,质量问题,3688.28,商品/运营,是
RT0000116,O00001645,2025-10-23,1,无理由退货,570.97,商品/运营,否
RT0000117,O00001651,2026-01-28,3,描述不符,7359.69,商品/运营,是
RT0000118,O00001659,2026-07-14,2,质量问题,627.06,商品/运营,是
RT0000119,O00001663,2026-06-27,2,质量问题,4505.36,商品/运营,否
RT0000120,O00001681,2026-05-17,2,描述不符,2034.94,商品/运营,是
RT0000121,O00001683,2026-07-13,2,商品破损,1361.2,物流,是
RT0000122,O00001706,2026-06-24,1,物流延迟,1371.16,物流,是
RT0000123,O00001708,2025-12-16,2,商品破损,1457.28,物流,否
RT0000124,O00001710,2025-10-25,1,无理由退货,2514.83,商品/运营,是
RT0000125,O00001717,2026-03-28,2,物流延迟,2061.32,物流,是
RT0000126,O00001723,2026-01-06,1,描述不符,1816.84,商品/运营,是
RT0000127,O00001739,2026-05-22,1,无理由退货,260.14,商品/运营,是
RT0000128,O00001774,2026-05-25,1,商品破损,549.47,物流,是
RT0000129,O00001804,2025-10-27,1,描述不符,802.76,商品/运营,是
RT0000130,O00001809,2026-08-06,3,无理由退货,761.18,商品/运营,否
RT0000131,O00001819,2026-01-29,2,商品破损,236.75,物流,否
RT0000132,O00001824,2025-10-23,2,描述不符,2346.86,商品/运营,是
RT0000133,O00001842,2025-10-17,1,物流延迟,2395.93,物流,是
RT0000134,O00001848,2026-07-05,3,质量问题,377.07,商品/运营,否
RT0000135,O00001869,2025-10-27,3,质量问题,3541.94,商品/运营,是
RT0000136,O00001885,2026-02-28,3,质量问题,413.99,商品/运营,否
RT0000137,O00001890,2026-03-17,5,尺寸/适配问题,4759.91,商品/运营,是
RT0000138,O00001897,2026-04-25,1,商品破损,638.14,物流,否
RT0000139,O00001909,2025-12-09,2,质量问题,427.79,商品/运营,是
RT0000140,O00001914,2026-05-10,3,物流延迟,1883.04,物流,否
RT0000141,O00001930,2026-04-08,2,物流延迟,2983.85,物流,否
RT0000142,O00001931,2026-02-15,2,描述不符,3174.96,商品/运营,是
RT0000143,O00001940,2025-12-08,1,商品破损,736.2,物流,是
RT0000144,O00001941,2026-01-30,3,无理由退货,2140.68,商品/运营,否
RT0000145,O00001943,2025-09-03,3,尺寸/适配问题,2092.92,商品/运营,否
RT0000146,O00001949,2025-12-16,2,物流延迟,1257.86,物流,否
RT0000147,O00001970,2026-06-05,1,质量问题,461.49,商品/运营,是
RT0000148,O00001994,2026-01-06,2,物流延迟,2611.0,物流,是
RT0000149,O00002001,2026-02-06,2,质量问题,3925.17,商品/运营,是
RT0000150,O00002003,2026-05-14,1,无理由退货,639.0,商品/运营,否
RT0000151,O00002009,2026-01-19,5,描述不符,7040.36,商品/运营,是
RT0000152,O00002015,2026-06-25,1,物流延迟,1293.97,物流,是
RT0000153,O00002017,2025-09-25,3,物流延迟,4297.82,物流,否
RT0000154,O00002022,2026-02-11,1,描述不符,1313.62,商品/运营,是
RT0000155,O00002040,2026-02-11,1,物流延迟,1725.52,物流,是
RT0000156,O00002041,2025-09-28,1,物流延迟,473.89,物流,否
RT0000157,O00002064,2026-04-30,1,无理由退货,290.75,商品/运营,是
RT0000158,O00002067,2026-02-02,1,物流延迟,492.2,物流,是
RT0000159,O00002074,2025-10-05,3,尺寸/适配问题,3052.41,商品/运营,是
RT0000160,O00002076,2025-08-12,1,无理由退货,1567.62,商品/运营,是
RT0000161,O00002086,2026-07-08,2,描述不符,4516.47,商品/运营,否
RT0000162,O00002092,2025-10-20,2,无理由退货,1699.68,商品/运营,是
RT0000163,O00002099,2026-02-09,2,质量问题,3617.61,商品/运营,是
RT0000164,O00002106,2026-04-23,2,质量问题,1457.28,商品/运营,否
RT0000165,O00002114,2025-10-30,1,质量问题,494.86,商品/运营,是
RT0000166,O00002148,2026-04-07,1,无理由退货,1193.71,商品/运营,否
RT0000167,O00002151,2026-07-06,2,商品破损,972.5,物流,否
RT0000168,O00002173,2025-12-01,2,描述不符,1800.76,商品/运营,是
RT0000169,O00002184,2026-01-01,1,物流延迟,850.5,物流,是
RT0000170,O00002196,2025-12-19,3,商品破损,1555.07,物流,是
RT0000171,O00002211,2025-11-10,1,商品破损,2446.98,物流,是
RT0000172,O00002217,2025-09-18,1,无理由退货,1173.77,商品/运营,是
RT0000173,O00002219,2025-12-14,1,无理由退货,711.17,商品/运营,是
RT0000174,O00002226,2025-09-08,1,物流延迟,447.57,物流,是
RT0000175,O00002229,2026-04-27,1,物流延迟,243.55,物流,是
RT0000176,O00002239,2026-01-01,2,物流延迟,2353.15,物流,是
RT0000177,O00002262,2025-08-25,1,无理由退货,639.3,商品/运营,否
RT0000178,O00002266,2025-11-23,1,物流延迟,1301.51,物流,是
RT0000179,O00002275,2026-07-22,1,物流延迟,1600.12,物流,是
RT0000180,O00002301,2025-10-23,1,物流延迟,2804.88,物流,是
RT0000181,O00002302,2025-11-16,1,质量问题,570.88,商品/运营,是
RT0000182,O00002304,2025-10-23,3,描述不符,2600.15,商品/运营,否
RT0000183,O00002305,2026-01-03,1,物流延迟,1453.58,物流,是
RT0000184,O00002309,2025-08-14,1,物流延迟,1307.04,物流,否
RT0000185,O00002311,2026-05-21,1,描述不符,583.75,商品/运营,否
RT0000186,O00002337,2026-03-10,2,无理由退货,819.9,商品/运营,否
RT0000187,O00002359,2025-11-13,1,物流延迟,1577.56,物流,是
RT0000188,O00002364,2025-08-25,1,物流延迟,260.51,物流,是
RT0000189,O00002366,2026-08-01,2,无理由退货,1458.72,商品/运营,是
RT0000190,O00002369,2026-06-11,1,描述不符,549.4,商品/运营,否
RT0000191,O00002386,2025-09-24,1,商品破损,1950.97,物流,否
RT0000192,O00002417,2025-10-23,1,尺寸/适配问题,2590.41,商品/运营,是
RT0000193,O00002429,2026-01-18,2,物流延迟,1060.04,物流,是
RT0000194,O00002441,2026-07-02,3,无理由退货,3974.58,商品/运营,是
RT0000195,O00002443,2026-04-12,1,描述不符,756.46,商品/运营,是
RT0000196,O00002462,2025-08-13,1,质量问题,435.28,商品/运营,是
RT0000197,O00002465,2025-12-20,2,物流延迟,1133.05,物流,否
RT0000198,O00002480,2026-07-30,1,物流延迟,1213.77,物流,是
RT0000199,O00002497,2026-03-16,1,物流延迟,2135.48,物流,否
RT0000200,O00002534,2026-06-06,1,商品破损,735.07,物流,是
RT0000201,O00002548,2025-10-12,2,物流延迟,3072.22,物流,是
RT0000202,O00002554,2026-05-08,2,物流延迟,788.32,物流,否
RT0000203,O00002575,2026-02-03,2,描述不符,984.4,商品/运营,否
RT0000204,O00002590,2026-06-20,1,质量问题,1769.48,商品/运营,否
RT0000205,O00002591,2026-07-14,1,商品破损,720.17,物流,是
RT0000206,O00002617,2026-02-22,1,无理由退货,620.87,商品/运营,否
RT0000207,O00002630,2026-06-13,1,物流延迟,1567.06,物流,是
RT0000208,O00002634,2025-10-02,1,无理由退货,923.69,商品/运营,否
RT0000209,O00002638,2026-01-26,2,质量问题,627.06,商品/运营,是
RT0000210,O00002656,2026-03-18,1,尺寸/适配问题,390.02,商品/运营,是
RT0000211,O00002675,2025-12-02,1,物流延迟,942.0,物流,否
RT0000212,O00002683,2026-05-14,2,无理由退货,1585.6,商品/运营,否
RT0000213,O00002699,2026-06-10,1,描述不符,681.08,商品/运营,是
RT0000214,O00002700,2025-09-02,4,质量问题,6870.5,商品/运营,是
RT0000215,O00002706,2026-02-26,1,质量问题,1536.96,商品/运营,是
RT0000216,O00002721,2026-05-26,3,无理由退货,3198.11,商品/运营,否
RT0000217,O00002754,2025-12-22,3,无理由退货,2718.05,商品/运营,是
RT0000218,O00002763,2025-08-14,1,商品破损,184.1,物流,否
RT0000219,O00002766,2025-11-17,2,无理由退货,1229.6,商品/运营,否
RT0000220,O00002776,2026-03-12,3,物流延迟,1560.37,物流,是
RT0000221,O00002812,2025-12-15,1,无理由退货,750.56,商品/运营,是
RT0000222,O00002814,2026-04-25,1,质量问题,1116.58,商品/运营,否
RT0000223,O00002825,2025-12-17,3,质量问题,2078.3,商品/运营,否
RT0000224,O00002849,2025-08-25,1,商品破损,978.77,物流,是
RT0000225,O00002866,2026-01-30,2,物流延迟,2026.32,物流,否
RT0000226,O00002867,2025-08-20,1,物流延迟,530.02,物流,是
RT0000227,O00002868,2025-11-11,2,无理由退货,1537.0,商品/运营,否
RT0000228,O00002892,2026-06-29,4,质量问题,8737.56,商品/运营,是
RT0000229,O00002894,2026-05-18,2,物流延迟,620.42,物流,是
RT0000230,O00002897,2026-03-08,2,物流延迟,1201.86,物流,是
RT0000231,O00002901,2026-02-02,1,描述不符,914.87,商品/运营,是
RT0000232,O00002910,2026-04-17,1,质量问题,404.16,商品/运营,是
RT0000233,O00002926,2026-04-13,1,商品破损,301.3,物流,否
RT0000234,O00002933,2026-07-08,1,物流延迟,349.54,物流,是
RT0000235,O00002939,2026-06-05,1,无理由退货,628.93,商品/运营,否
RT0000236,O00002956,2026-03-11,4,描述不符,1141.78,商品/运营,否
RT0000237,O00002964,2026-08-01,2,物流延迟,1085.81,物流,是
RT0000238,O00002972,2025-08-26,1,尺寸/适配问题,722.15,商品/运营,否
RT0000239,O00002974,2026-02-26,1,物流延迟,615.29,物流,是
RT0000240,O00003007,2025-09-14,2,无理由退货,1560.43,商品/运营,是
RT0000241,O00003024,2026-01-24,1,物流延迟,708.75,物流,是
RT0000242,O00003025,2025-12-19,1,物流延迟,2327.43,物流,是
RT0000243,O00003033,2025-11-11,1,质量问题,391.75,商品/运营,是
RT0000244,O00003039,2026-02-18,1,物流延迟,138.0,物流,否
RT0000245,O00003041,2025-11-05,3,物流延迟,4201.66,物流,是
RT0000246,O00003042,2026-01-18,3,质量问题,3107.21,商品/运营,否
RT0000247,O00003057,2026-03-25,1,无理由退货,1084.81,商品/运营,是
RT0000248,O00003099,2025-12-19,1,物流延迟,225.69,物流,否
RT0000249,O00003114,2025-12-27,1,质量问题,997.42,商品/运营,是
RT0000250,O00003117,2026-02-10,1,质量问题,817.3,商品/运营,是
RT0000251,O00003169,2026-06-20,1,无理由退货,1700.37,商品/运营,是
RT0000252,O00003180,2026-04-29,1,尺寸/适配问题,2262.79,商品/运营,否
RT0000253,O00003183,2026-05-21,2,质量问题,1699.18,商品/运营,是
RT0000254,O00003189,2025-08-16,1,商品破损,235.75,物流,否
RT0000255,O00003200,2025-11-21,2,质量问题,581.02,商品/运营,否
RT0000256,O00003201,2025-10-18,5,描述不符,2237.84,商品/运营,是
RT0000257,O00003221,2026-06-22,2,尺寸/适配问题,523.88,商品/运营,否
RT0000258,O00003223,2026-07-07,1,无理由退货,457.37,商品/运营,否
RT0000259,O00003225,2026-01-10,2,无理由退货,4278.76,商品/运营,否
RT0000260,O00003235,2026-06-30,1,物流延迟,1709.73,物流,否
RT0000261,O00003241,2026-04-26,2,物流延迟,1243.44,物流,是
RT0000262,O00003245,2025-12-28,3,质量问题,6802.79,商品/运营,是
RT0000263,O00003251,2025-09-27,2,描述不符,826.62,商品/运营,是
RT0000264,O00003260,2026-06-02,1,物流延迟,529.44,物流,否
RT0000265,O00003285,2025-09-11,2,商品破损,1716.14,物流,是
RT0000266,O00003286,2026-01-02,3,物流延迟,1058.64,物流,是
RT0000267,O00003289,2025-09-29,5,无理由退货,2106.82,商品/运营,是
RT0000268,O00003298,2026-01-18,1,描述不符,1736.48,商品/运营,否
RT0000269,O00003324,2026-04-20,2,物流延迟,1067.06,物流,是
RT0000270,O00003338,2026-07-12,1,无理由退货,831.32,商品/运营,是
RT0000271,O00003346,2026-01-24,3,物流延迟,2004.86,物流,否
RT0000272,O00003353,2026-07-26,1,描述不符,756.46,商品/运营,否
RT0000273,O00003369,2026-01-27,1,质量问题,596.81,商品/运营,否
RT0000274,O00003373,2026-06-21,1,商品破损,627.68,物流,是
RT0000275,O00003390,2026-06-15,3,商品破损,7768.86,物流,是
RT0000276,O00003409,2026-04-09,1,描述不符,1279.57,商品/运营,否
RT0000277,O00003410,2026-05-03,3,质量问题,2082.87,商品/运营,是
RT0000278,O00003416,2026-02-10,1,描述不符,2548.23,商品/运营,否
RT0000279,O00003446,2026-02-21,2,无理由退货,2497.68,商品/运营,是
RT0000280,O00003455,2025-10-30,1,商品破损,2604.55,物流,否
RT0000281,O00003476,2026-05-19,1,无理由退货,2083.13,商品/运营,是
RT0000282,O00003485,2025-11-11,4,质量问题,1177.27,商品/运营,是
RT0000283,O00003497,2026-06-01,1,无理由退货,549.47,商品/运营,是
RT0000284,O00003506,2025-09-05,3,尺寸/适配问题,4028.86,商品/运营,否
RT0000285,O00003520,2026-07-12,2,质量问题,2260.76,商品/运营,是
RT0000286,O00003521,2025-09-18,2,质量问题,1400.74,商品/运营,否
RT0000287,O00003528,2026-02-24,1,质量问题,1626.47,商品/运营,是
RT0000288,O00003539,2025-08-15,1,商品破损,769.76,物流,是
RT0000289,O00003545,2026-05-22,2,质量问题,4534.69,商品/运营,是
RT0000290,O00003551,2026-07-29,1,描述不符,1237.46,商品/运营,否
RT0000291,O00003576,2026-05-03,1,描述不符,302.16,商品/运营,否
RT0000292,O00003587,2025-11-08,1,物流延迟,749.57,物流,是
RT0000293,O00003626,2025-12-15,1,商品破损,1136.17,物流,是
RT0000294,O00003638,2026-07-02,3,质量问题,2378.4,商品/运营,是
RT0000295,O00003652,2025-11-12,1,描述不符,2565.82,商品/运营,否
RT0000296,O00003673,2025-11-09,1,物流延迟,2566.0,物流,是
RT0000297,O00003674,2026-08-03,1,无理由退货,1431.97,商品/运营,是
RT0000298,O00003675,2026-07-13,1,质量问题,1308.69,商品/运营,否
RT0000299,O00003681,2026-06-08,2,无理由退货,4045.9,商品/运营,否
RT0000300,O00003684,2026-05-25,1,尺寸/适配问题,308.78,商品/运营,是
RT0000301,O00003697,2025-12-06,2,无理由退货,4746.18,商品/运营,是
RT0000302,O00003701,2026-04-27,2,商品破损,4958.44,物流,是
RT0000303,O00003704,2026-05-31,1,无理由退货,1906.41,商品/运营,否
RT0000304,O00003707,2026-01-12,1,物流延迟,2315.17,物流,否
RT0000305,O00003708,2025-08-13,3,描述不符,882.95,商品/运营,否
RT0000306,O00003724,2025-08-17,1,无理由退货,2147.03,商品/运营,是
RT0000307,O00003727,2026-03-19,2,商品破损,1630.02,物流,是
RT0000308,O00003728,2025-10-07,1,描述不符,369.99,商品/运营,是
RT0000309,O00003730,2025-11-06,1,质量问题,1142.09,商品/运营,否
RT0000310,O00003749,2025-12-15,1,商品破损,196.57,物流,是
RT0000311,O00003774,2026-04-21,1,商品破损,262.57,物流,是
RT0000312,O00003784,2025-08-20,2,无理由退货,1460.86,商品/运营,是
RT0000313,O00003806,2026-06-03,2,质量问题,962.85,商品/运营,是
RT0000314,O00003813,2026-01-16,1,物流延迟,553.4,物流,是
RT0000315,O00003815,2026-06-18,1,尺寸/适配问题,1559.71,商品/运营,是
RT0000316,O00003824,2025-12-30,1,物流延迟,1668.8,物流,是
RT0000317,O00003825,2025-12-09,1,无理由退货,788.73,商品/运营,是
RT0000318,O00003829,2026-06-23,1,物流延迟,646.42,物流,是
RT0000319,O00003841,2026-01-11,1,物流延迟,923.12,物流,否
RT0000320,O00003857,2026-02-16,2,描述不符,1000.44,商品/运营,是
RT0000321,O00003863,2025-12-26,1,尺寸/适配问题,1355.39,商品/运营,是
RT0000322,O00003886,2025-10-20,2,质量问题,1702.88,商品/运营,是
RT0000323,O00003896,2025-08-15,2,描述不符,3270.28,商品/运营,是
RT0000324,O00003903,2026-02-12,2,无理由退货,654.04,商品/运营,是
RT0000325,O00003913,2026-04-09,2,无理由退货,2376.11,商品/运营,是
RT0000326,O00003922,2025-11-24,5,质量问题,1208.64,商品/运营,否
RT0000327,O00003924,2025-08-28,1,尺寸/适配问题,285.44,商品/运营,是
RT0000328,O00003926,2026-05-09,2,商品破损,1660.46,物流,否
RT0000329,O00003929,2025-12-26,3,物流延迟,1975.53,物流,是
RT0000330,O00003948,2026-05-05,3,商品破损,505.62,物流,是
RT0000331,O00003953,2025-11-09,1,物流延迟,835.46,物流,否
RT0000332,O00003992,2025-12-16,1,无理由退货,598.12,商品/运营,是
RT0000333,O00003999,2025-12-22,2,物流延迟,3132.14,物流,否
RT0000334,O00004001,2025-12-24,1,无理由退货,499.86,商品/运营,是
RT0000335,O00004005,2025-12-29,3,无理由退货,5778.25,商品/运营,是
RT0000336,O00004032,2025-11-25,4,物流延迟,2891.91,物流,是
RT0000337,O00004033,2025-08-22,1,尺寸/适配问题,766.23,商品/运营,是
RT0000338,O00004039,2025-12-29,3,物流延迟,5325.72,物流,是
RT0000339,O00004042,2026-01-05,3,尺寸/适配问题,4641.82,商品/运营,是
RT0000340,O00004053,2025-10-30,1,描述不符,1015.46,商品/运营,是
RT0000341,O00004077,2026-08-04,1,物流延迟,557.83,物流,否
RT0000342,O00004097,2025-08-14,1,物流延迟,2475.71,物流,是
RT0000343,O00004112,2026-04-23,3,商品破损,3046.38,物流,是
RT0000344,O00004117,2025-10-09,1,质量问题,1089.29,商品/运营,是
RT0000345,O00004127,2026-01-16,2,物流延迟,1141.77,物流,是
RT0000346,O00004138,2026-05-20,1,物流延迟,1099.43,物流,否
RT0000347,O00004159,2025-09-29,2,物流延迟,3614.38,物流,否
RT0000348,O00004162,2026-07-06,2,无理由退货,286.94,商品/运营,是
RT0000349,O00004167,2025-12-18,1,描述不符,460.87,商品/运营,是
RT0000350,O00004178,2025-12-12,2,无理由退货,266.35,商品/运营,否
RT0000351,O00004180,2026-04-04,1,商品破损,2810.69,物流,是
RT0000352,O00004199,2026-04-23,2,商品破损,3299.49,物流,否
RT0000353,O00004202,2026-05-28,2,尺寸/适配问题,3223.37,商品/运营,是
RT0000354,O00004203,2025-10-26,3,质量问题,973.95,商品/运营,否
RT0000355,O00004212,2025-09-19,4,尺寸/适配问题,6334.04,商品/运营,是
RT0000356,O00004229,2025-10-26,1,物流延迟,400.92,物流,否
RT0000357,O00004230,2025-11-28,1,质量问题,1738.17,商品/运营,是
RT0000358,O00004239,2026-01-23,1,尺寸/适配问题,2519.55,商品/运营,是
RT0000359,O00004272,2026-01-16,2,尺寸/适配问题,1248.93,商品/运营,是
RT0000360,O00004273,2026-02-11,1,描述不符,283.16,商品/运营,是
RT0000361,O00004275,2025-12-15,1,商品破损,1147.31,物流,是
RT0000362,O00004284,2026-01-17,1,物流延迟,2315.31,物流,否
RT0000363,O00004286,2025-11-18,1,无理由退货,2033.2,商品/运营,否
RT0000364,O00004292,2026-05-21,2,尺寸/适配问题,848.03,商品/运营,是
RT0000365,O00004315,2026-04-14,1,质量问题,549.66,商品/运营,否
RT0000366,O00004326,2025-12-28,1,描述不符,726.4,商品/运营,是
RT0000367,O00004331,2026-02-24,1,商品破损,696.24,物流,否
RT0000368,O00004349,2026-04-11,6,无理由退货,3109.36,商品/运营,是
RT0000369,O00004358,2025-11-26,2,尺寸/适配问题,463.17,商品/运营,是
RT0000370,O00004360,2025-11-21,2,物流延迟,2082.22,物流,是
RT0000371,O00004364,2026-07-28,1,质量问题,565.35,商品/运营,是
RT0000372,O00004381,2026-08-06,1,无理由退货,694.12,商品/运营,是
RT0000373,O00004392,2026-04-13,1,物流延迟,987.71,物流,是
RT0000374,O00004411,2025-11-23,3,质量问题,4754.9,商品/运营,否
RT0000375,O00004413,2026-06-19,2,描述不符,1662.64,商品/运营,是
RT0000376,O00004414,2025-11-16,2,物流延迟,1710.72,物流,否
RT0000377,O00004432,2026-01-31,1,质量问题,1337.29,商品/运营,否
RT0000378,O00004449,2026-06-08,1,物流延迟,645.83,物流,否
RT0000379,O00004452,2025-11-16,4,物流延迟,4146.01,物流,是
RT0000380,O00004458,2025-10-21,1,商品破损,707.02,物流,是
RT0000381,O00004459,2026-06-30,1,质量问题,1552.97,商品/运营,是
RT0000382,O00004500,2026-06-08,1,质量问题,1469.76,商品/运营,否
RT0000383,O00004510,2025-09-21,2,物流延迟,2338.68,物流,否
RT0000384,O00004528,2025-10-04,1,尺寸/适配问题,426.62,商品/运营,否
RT0000385,O00004530,2025-10-28,1,商品破损,768.5,物流,否
RT0000386,O00004548,2026-04-16,1,尺寸/适配问题,880.89,商品/运营,是
RT0000387,O00004568,2025-08-14,1,质量问题,437.2,商品/运营,是
RT0000388,O00004579,2026-01-01,1,无理由退货,2568.11,商品/运营,否
RT0000389,O00004583,2025-09-04,1,物流延迟,350.13,物流,是
RT0000390,O00004595,2025-11-26,1,尺寸/适配问题,616.01,商品/运营,是
RT0000391,O00004597,2025-10-09,3,尺寸/适配问题,2554.99,商品/运营,是
RT0000392,O00004612,2026-01-04,2,尺寸/适配问题,2009.86,商品/运营,是
RT0000393,O00004622,2026-01-01,2,质量问题,2430.56,商品/运营,是
RT0000394,O00004643,2026-07-23,2,描述不符,621.34,商品/运营,是
RT0000395,O00004660,2026-04-02,1,尺寸/适配问题,2873.39,商品/运营,是
RT0000396,O00004677,2026-03-21,3,质量问题,2724.33,商品/运营,否
RT0000397,O00004684,2026-01-16,2,无理由退货,1083.54,商品/运营,否
RT0000398,O00004704,2026-03-01,1,质量问题,2910.97,商品/运营,否
RT0000399,O00004707,2025-08-30,1,物流延迟,1056.09,物流,是
RT0000400,O00004725,2026-05-03,2,物流延迟,1444.72,物流,是
RT0000401,O00004737,2026-02-26,1,无理由退货,93.82,商品/运营,否
RT0000402,O00004770,2026-05-09,1,无理由退货,1424.78,商品/运营,是
RT0000403,O00004774,2025-12-22,4,物流延迟,1616.65,物流,是
RT0000404,O00004791,2026-01-06,1,商品破损,1947.02,物流,是
RT0000405,O00004798,2025-10-10,2,物流延迟,2132.62,物流,否
RT0000406,O00004805,2026-05-17,3,物流延迟,6693.43,物流,是
RT0000407,O00004807,2026-01-23,2,物流延迟,2390.06,物流,是
RT0000408,O00004831,2025-10-29,2,描述不符,1194.19,商品/运营,是
RT0000409,O00004838,2026-02-16,1,无理由退货,2377.09,商品/运营,是
RT0000410,O00004842,2026-04-03,1,物流延迟,642.91,物流,是
RT0000411,O00004850,2026-02-19,1,物流延迟,392.26,物流,是
RT0000412,O00004855,2026-01-31,2,质量问题,1397.62,商品/运营,是
RT0000413,O00004868,2026-04-27,4,物流延迟,4013.84,物流,否
RT0000414,O00004871,2025-09-22,3,质量问题,6203.39,商品/运营,否
RT0000415,O00004877,2025-11-25,2,尺寸/适配问题,2019.0,商品/运营,是
RT0000416,O00004886,2025-10-30,2,质量问题,1249.29,商品/运营,是
RT0000417,O00004906,2025-12-17,1,质量问题,1089.7,商品/运营,否
RT0000418,O00004911,2025-12-06,2,物流延迟,259.63,物流,否
RT0000419,O00004944,2026-04-29,1,无理由退货,221.38,商品/运营,是
RT0000420,O00004969,2026-07-03,3,物流延迟,2432.23,物流,是
RT0000421,O00004972,2025-11-29,1,质量问题,2804.88,商品/运营,是
RT0000422,O00004982,2026-05-24,1,尺寸/适配问题,245.26,商品/运营,是
RT0000423,O00004994,2026-05-18,2,物流延迟,2371.49,物流,是
RT0000424,O00004995,2026-04-29,1,描述不符,766.3,商品/运营,是
RT0000425,O00004996,2026-07-27,2,物流延迟,1476.6,物流,否
RT0000426,O00004999,2026-06-11,3,无理由退货,4702.1,商品/运营,否
RT0000427,O00005001,2026-07-12,2,无理由退货,327.48,商品/运营,是
RT0000428,O00005022,2026-02-10,1,质量问题,2589.62,商品/运营,否
RT0000429,O00005024,2026-02-27,1,物流延迟,486.27,物流,否
RT0000430,O00005027,2026-05-14,1,描述不符,1001.67,商品/运营,否
RT0000431,O00005030,2025-12-19,6,质量问题,9037.03,商品/运营,否
RT0000432,O00005059,2026-01-12,2,无理由退货,2474.31,商品/运营,否
RT0000433,O00005087,2025-10-16,1,质量问题,833.96,商品/运营,否
RT0000434,O00005118,2026-01-19,1,尺寸/适配问题,1519.76,商品/运营,否
RT0000435,O00005120,2025-10-21,1,无理由退货,1646.36,商品/运营,是
RT0000436,O00005129,2025-08-23,6,物流延迟,6453.16,物流,是
RT0000437,O00005133,2026-01-14,3,物流延迟,2344.18,物流,否
RT0000438,O00005155,2025-10-26,1,无理由退货,359.26,商品/运营,否
RT0000439,O00005172,2026-05-05,3,尺寸/适配问题,3645.84,商品/运营,是
RT0000440,O00005175,2026-02-27,3,描述不符,3148.89,商品/运营,是
RT0000441,O00005179,2026-03-05,2,物流延迟,1933.19,物流,是
RT0000442,O00005180,2026-06-05,3,物流延迟,2871.2,物流,否
RT0000443,O00005182,2026-03-12,2,质量问题,2019.31,商品/运营,是
RT0000444,O00005212,2026-03-28,2,物流延迟,565.42,物流,是
RT0000445,O00005213,2025-12-16,1,无理由退货,879.07,商品/运营,否
RT0000446,O00005214,2026-04-10,2,无理由退货,3276.59,商品/运营,否
RT0000447,O00005224,2025-12-26,1,商品破损,296.97,物流,是
RT0000448,O00005250,2025-12-09,2,商品破损,513.38,物流,否
RT0000449,O00005260,2026-06-03,5,尺寸/适配问题,816.88,商品/运营,否
RT0000450,O00005283,2026-04-01,1,质量问题,618.57,商品/运营,是
RT0000451,O00005357,2026-05-03,1,物流延迟,429.38,物流,否
RT0000452,O00005386,2026-04-05,1,描述不符,1239.37,商品/运营,否
RT0000453,O00005391,2026-02-16,2,物流延迟,1105.55,物流,是
RT0000454,O00005417,2026-05-21,1,物流延迟,1364.88,物流,是
RT0000455,O00005451,2025-09-21,1,描述不符,1062.3,商品/运营,否
RT0000456,O00005460,2026-04-17,3,物流延迟,2082.87,物流,是
RT0000457,O00005469,2026-06-22,3,物流延迟,3259.98,物流,是
RT0000458,O00005473,2025-10-01,2,无理由退货,2846.95,商品/运营,是
RT0000459,O00005477,2025-10-30,1,无理由退货,1384.25,商品/运营,否
RT0000460,O00005487,2026-07-30,1,质量问题,746.37,商品/运营,否
RT0000461,O00005492,2025-09-15,1,尺寸/适配问题,1115.43,商品/运营,否
RT0000462,O00005503,2026-02-02,3,商品破损,4718.49,物流,是
RT0000463,O00005516,2026-05-24,1,无理由退货,791.22,商品/运营,是
RT0000464,O00005524,2025-11-02,4,物流延迟,5262.08,物流,是
RT0000465,O00005527,2026-07-30,2,描述不符,1822.92,商品/运营,是
RT0000466,O00005531,2026-02-08,1,物流延迟,160.11,物流,否
RT0000467,O00005552,2026-04-08,1,质量问题,1019.27,商品/运营,是
RT0000468,O00005556,2025-12-04,1,物流延迟,832.62,物流,否
RT0000469,O00005566,2025-12-23,3,商品破损,3699.9,物流,是
RT0000470,O00005575,2025-09-09,1,质量问题,886.32,商品/运营,是
RT0000471,O00005593,2026-01-02,1,物流延迟,2254.99,物流,是
RT0000472,O00005594,2026-01-23,2,无理由退货,2277.02,商品/运营,是
RT0000473,O00005605,2025-11-02,4,质量问题,1425.92,商品/运营,是
RT0000474,O00005654,2026-01-01,1,描述不符,164.99,商品/运营,是
RT0000475,O00005656,2026-01-24,2,物流延迟,3355.81,物流,是
RT0000476,O00005667,2026-04-06,3,商品破损,4083.3,物流,否
RT0000477,O00005678,2026-02-18,1,物流延迟,248.84,物流,是
RT0000478,O00005700,2026-03-12,1,尺寸/适配问题,409.95,商品/运营,是
RT0000479,O00005714,2026-02-17,4,无理由退货,3415.53,商品/运营,否
RT0000480,O00005727,2026-04-19,1,物流延迟,731.1,物流,是
RT0000481,O00005728,2026-07-03,1,物流延迟,1680.4,物流,是
RT0000482,O00005740,2025-09-25,3,物流延迟,4719.31,物流,否
RT0000483,O00005749,2026-01-05,1,物流延迟,1389.07,物流,是
RT0000484,O00005761,2026-03-16,1,物流延迟,492.2,物流,是
RT0000485,O00005767,2025-09-23,1,无理由退货,851.66,商品/运营,是
RT0000486,O00005771,2026-01-08,1,物流延迟,793.3,物流,是
RT0000487,O00005775,2026-03-30,1,物流延迟,1307.04,物流,是
RT0000488,O00005778,2026-07-10,1,质量问题,1725.98,商品/运营,是
RT0000489,O00005781,2025-11-28,2,描述不符,1982.99,商品/运营,是
RT0000490,O00005811,2026-04-13,2,物流延迟,4073.02,物流,否
RT0000491,O00005828,2026-02-10,5,尺寸/适配问题,8357.37,商品/运营,否
RT0000492,O00005829,2026-04-09,1,质量问题,594.16,商品/运营,是
RT0000493,O00005848,2026-01-04,4,物流延迟,788.04,物流,否
RT0000494,O00005858,2025-12-21,2,物流延迟,289.1,物流,是
RT0000495,O00005862,2026-05-15,2,无理由退货,282.82,商品/运营,否
RT0000496,O00005871,2026-04-07,1,无理由退货,784.36,商品/运营,是
RT0000497,O00005872,2026-02-17,1,尺寸/适配问题,1706.1,商品/运营,是
RT0000498,O00005884,2025-09-20,1,质量问题,732.88,商品/运营,否
RT0000499,O00005890,2026-06-10,1,物流延迟,651.64,物流,是
RT0000500,O00005891,2025-08-19,1,无理由退货,188.31,商品/运营,否
RT0000501,O00005904,2026-07-07,2,无理由退货,1354.76,商品/运营,否
RT0000502,O00005922,2025-09-27,3,商品破损,912.06,物流,是
RT0000503,O00005925,2026-04-29,3,物流延迟,6275.09,物流,否
RT0000504,O00005934,2026-04-16,3,质量问题,2414.21,商品/运营,是
RT0000505,O00005940,2025-10-17,4,质量问题,3840.92,商品/运营,是
RT0000506,O00005963,2026-04-06,1,物流延迟,1109.89,物流,是
RT0000507,O00005967,2025-11-01,1,物流延迟,624.81,物流,是
RT0000508,O00006009,2026-05-31,1,物流延迟,736.64,物流,是
RT0000509,O00006012,2026-08-03,1,物流延迟,2770.89,物流,否
RT0000510,O00006029,2026-05-14,1,物流延迟,1709.73,物流,否
RT0000511,O00006047,2026-05-12,1,物流延迟,1790.76,物流,否
RT0000512,O00006052,2025-10-08,3,商品破损,2126.11,物流,否
RT0000513,O00006055,2026-01-12,2,商品破损,2411.69,物流,是
RT0000514,O00006070,2026-06-02,4,无理由退货,3012.84,商品/运营,是
RT0000515,O00006078,2026-06-28,1,尺寸/适配问题,745.14,商品/运营,是
RT0000516,O00006097,2026-05-05,1,无理由退货,2168.64,商品/运营,否
RT0000517,O00006101,2025-08-22,5,商品破损,3823.16,物流,是
RT0000518,O00006105,2026-02-13,2,描述不符,1844.13,商品/运营,是
RT0000519,O00006113,2026-05-15,3,物流延迟,2490.69,物流,是
RT0000520,O00006126,2026-03-01,1,物流延迟,1334.98,物流,是
RT0000521,O00006130,2026-04-27,2,尺寸/适配问题,198.68,商品/运营,否
RT0000522,O00006144,2025-12-26,1,物流延迟,209.21,物流,是
RT0000523,O00006152,2026-04-12,3,物流延迟,3420.66,物流,是
RT0000524,O00006158,2025-11-11,1,物流延迟,849.84,物流,是
RT0000525,O00006172,2026-01-23,1,质量问题,200.11,商品/运营,是
RT0000526,O00006183,2025-08-16,1,质量问题,875.62,商品/运营,否
RT0000527,O00006204,2026-04-15,1,描述不符,2457.46,商品/运营,是
RT0000528,O00006217,2026-01-09,3,商品破损,1939.71,物流,否
RT0000529,O00006240,2025-08-28,1,商品破损,1475.81,物流,否
RT0000530,O00006243,2026-08-03,2,无理由退货,2350.3,商品/运营,是
RT0000531,O00006254,2026-02-05,1,物流延迟,446.92,物流,是
RT0000532,O00006318,2026-02-08,1,物流延迟,1617.85,物流,是
RT0000533,O00006335,2026-01-09,3,物流延迟,2445.03,物流,是
RT0000534,O00006344,2026-03-16,1,尺寸/适配问题,1810.01,商品/运营,是
RT0000535,O00006345,2026-03-15,1,尺寸/适配问题,1217.44,商品/运营,是
RT0000536,O00006347,2025-08-15,1,描述不符,1805.21,商品/运营,否
RT0000537,O00006354,2025-09-21,1,质量问题,1911.2,商品/运营,是
RT0000538,O00006384,2026-03-18,1,描述不符,911.53,商品/运营,是
RT0000539,O00006387,2025-11-14,2,物流延迟,1995.41,物流,是
RT0000540,O00006391,2025-12-25,3,商品破损,2340.65,物流,是
RT0000541,O00006392,2026-03-01,3,无理由退货,596.25,商品/运营,否
RT0000542,O00006398,2026-05-06,1,物流延迟,2370.59,物流,否
RT0000543,O00006410,2026-04-24,2,质量问题,729.65,商品/运营,是
RT0000544,O00006414,2026-01-02,2,商品破损,2510.03,物流,是
RT0000545,O00006423,2025-12-28,1,描述不符,671.73,商品/运营,否
RT0000546,O00006425,2025-11-04,3,商品破损,2289.31,物流,是
RT0000547,O00006447,2025-12-28,1,商品破损,1153.37,物流,是
RT0000548,O00006450,2025-12-06,4,商品破损,6891.16,物流,是
RT0000549,O00006467,2026-05-17,1,尺寸/适配问题,556.86,商品/运营,否
RT0000550,O00006472,2026-05-22,1,描述不符,379.88,商品/运营,否
RT0000551,O00006477,2025-11-27,2,尺寸/适配问题,1914.13,商品/运营,是
RT0000552,O00006483,2025-12-15,1,物流延迟,1655.61,物流,是
RT0000553,O00006487,2025-12-03,1,质量问题,1036.5,商品/运营,是
RT0000554,O00006491,2026-01-03,2,物流延迟,2787.66,物流,否
RT0000555,O00006493,2025-12-03,1,无理由退货,1348.48,商品/运营,是
RT0000556,O00006511,2026-06-10,1,商品破损,956.07,物流,是
RT0000557,O00006513,2025-09-23,1,物流延迟,1407.27,物流,否
RT0000558,O00006523,2026-05-04,5,无理由退货,5875.75,商品/运营,否
RT0000559,O00006544,2025-09-27,2,描述不符,2594.66,商品/运营,是
RT0000560,O00006562,2026-01-29,1,物流延迟,476.27,物流,是
RT0000561,O00006566,2025-11-29,1,质量问题,1188.27,商品/运营,是
RT0000562,O00006572,2026-02-16,2,商品破损,648.58,物流,是
RT0000563,O00006590,2025-10-07,1,无理由退货,466.05,商品/运营,否
RT0000564,O00006611,2025-12-01,3,无理由退货,7632.06,商品/运营,是
RT0000565,O00006613,2026-02-12,1,物流延迟,624.64,物流,是
RT0000566,O00006631,2026-03-08,1,物流延迟,186.74,物流,是
RT0000567,O00006639,2026-05-01,1,商品破损,1153.79,物流,是
RT0000568,O00006642,2025-09-16,1,物流延迟,522.38,物流,是
RT0000569,O00006655,2026-01-10,1,尺寸/适配问题,709.79,商品/运营,是
RT0000570,O00006693,2026-03-27,1,无理由退货,1136.37,商品/运营,否
RT0000571,O00006721,2025-11-18,2,商品破损,2748.42,物流,否
RT0000572,O00006741,2025-11-10,1,商品破损,652.03,物流,否
RT0000573,O00006758,2026-02-11,1,物流延迟,269.0,物流,是
RT0000574,O00006774,2026-02-02,2,无理由退货,1922.64,商品/运营,是
RT0000575,O00006779,2026-05-09,3,物流延迟,3318.85,物流,否
RT0000576,O00006781,2026-01-17,4,描述不符,1240.84,商品/运营,是
RT0000577,O00006794,2026-02-17,1,物流延迟,522.51,物流,否
RT0000578,O00006802,2026-03-30,1,商品破损,1242.75,物流,否
RT0000579,O00006806,2026-02-28,1,无理由退货,313.53,商品/运营,是
RT0000580,O00006809,2025-12-25,1,质量问题,181.25,商品/运营,否
RT0000581,O00006826,2026-02-21,1,无理由退货,1499.19,商品/运营,是
RT0000582,O00006833,2025-12-10,1,物流延迟,1584.54,物流,是
RT0000583,O00006848,2025-10-10,4,描述不符,5564.38,商品/运营,是
RT0000584,O00006872,2026-03-25,3,描述不符,1648.98,商品/运营,否
RT0000585,O00006876,2026-03-28,1,无理由退货,2211.14,商品/运营,是
RT0000586,O00006880,2025-12-23,4,无理由退货,5939.04,商品/运营,是
RT0000587,O00006882,2026-04-12,1,无理由退货,804.74,商品/运营,是
RT0000588,O00006898,2026-03-28,2,无理由退货,1534.2,商品/运营,是
RT0000589,O00006990,2026-06-13,3,物流延迟,1499.58,物流,是
RT0000590,O00006998,2025-12-01,1,无理由退货,1662.61,商品/运营,是
RT0000591,O00007030,2026-02-20,1,质量问题,1012.81,商品/运营,否
RT0000592,O00007048,2025-09-23,3,物流延迟,1418.98,物流,否
RT0000593,O00007057,2026-04-17,1,描述不符,423.94,商品/运营,否
RT0000594,O00007059,2025-09-05,1,无理由退货,190.13,商品/运营,否
RT0000595,O00007073,2025-10-29,1,尺寸/适配问题,1346.46,商品/运营,是
RT0000596,O00007077,2026-01-28,1,物流延迟,1184.77,物流,是
RT0000597,O00007079,2025-09-13,1,无理由退货,1425.16,商品/运营,是
RT0000598,O00007094,2025-11-16,1,无理由退货,549.46,商品/运营,是
RT0000599,O00007121,2026-05-13,2,物流延迟,2390.06,物流,是
RT0000600,O00007142,2025-09-06,1,质量问题,254.98,商品/运营,是
RT0000601,O00007165,2025-11-11,1,质量问题,861.19,商品/运营,是
RT0000602,O00007227,2026-03-02,1,物流延迟,290.22,物流,否
RT0000603,O00007237,2026-03-22,3,物流延迟,5422.22,物流,是
RT0000604,O00007240,2026-02-09,3,描述不符,2512.33,商品/运营,是
RT0000605,O00007276,2026-04-30,1,物流延迟,142.36,物流,否
RT0000606,O00007282,2026-01-31,3,物流延迟,5723.46,物流,是
RT0000607,O00007289,2026-05-17,1,质量问题,2340.5,商品/运营,是
RT0000608,O00007294,2026-02-26,1,描述不符,225.78,商品/运营,是
RT0000609,O00007300,2025-12-23,1,尺寸/适配问题,1102.32,商品/运营,否
RT0000610,O00007304,2026-02-05,2,无理由退货,1385.54,商品/运营,是
RT0000611,O00007345,2025-09-10,3,物流延迟,1922.13,物流,否
RT0000612,O00007373,2025-10-14,4,质量问题,8366.72,商品/运营,是
RT0000613,O00007383,2026-03-26,2,质量问题,3014.34,商品/运营,是
RT0000614,O00007401,2025-09-14,1,描述不符,816.2,商品/运营,是
RT0000615,O00007423,2026-03-31,2,物流延迟,778.06,物流,否
RT0000616,O00007446,2026-04-29,1,物流延迟,260.14,物流,是
RT0000617,O00007456,2026-01-05,2,商品破损,418.42,物流,是
RT0000618,O00007470,2025-09-21,1,质量问题,538.45,商品/运营,否
RT0000619,O00007486,2025-10-15,1,物流延迟,1047.43,物流,是
RT0000620,O00007498,2025-10-18,2,描述不符,2928.58,商品/运营,是
RT0000621,O00007499,2026-04-07,2,物流延迟,2233.15,物流,是
RT0000622,O00007500,2026-05-01,2,无理由退货,3088.63,商品/运营,否
RT0000623,O00007508,2026-01-09,3,物流延迟,4087.84,物流,是
RT0000624,O00007522,2026-05-10,1,商品破损,2519.55,物流,是
RT0000625,O00007551,2026-07-22,1,质量问题,125.7,商品/运营,否
RT0000626,O00007589,2026-03-04,1,商品破损,851.66,物流,是
RT0000627,O00007595,2026-06-09,2,物流延迟,497.23,物流,否
RT0000628,O00007625,2026-04-03,4,描述不符,5667.9,商品/运营,否
RT0000629,O00007632,2026-04-01,5,尺寸/适配问题,5701.1,商品/运营,否
RT0000630,O00007649,2026-06-05,1,物流延迟,443.54,物流,是
RT0000631,O00007654,2026-07-03,2,尺寸/适配问题,596.03,商品/运营,是
RT0000632,O00007655,2025-12-31,1,物流延迟,1746.98,物流,是
RT0000633,O00007669,2025-09-10,2,物流延迟,2376.54,物流,是
RT0000634,O00007673,2025-09-22,3,无理由退货,4059.4,商品/运营,否
RT0000635,O00007689,2026-01-17,1,商品破损,1090.18,物流,否
RT0000636,O00007703,2025-12-31,1,质量问题,1911.2,商品/运营,是
RT0000637,O00007710,2025-12-18,2,质量问题,1940.95,商品/运营,否
RT0000638,O00007730,2025-11-15,1,商品破损,988.28,物流,否
RT0000639,O00007732,2025-08-31,1,物流延迟,248.62,物流,是
RT0000640,O00007744,2025-11-17,3,质量问题,710.06,商品/运营,是
RT0000641,O00007748,2026-07-16,1,物流延迟,614.93,物流,否
RT0000642,O00007754,2025-12-11,3,描述不符,2213.61,商品/运营,否
RT0000643,O00007770,2026-08-01,1,物流延迟,1979.68,物流,是
RT0000644,O00007779,2026-05-14,2,无理由退货,1064.11,商品/运营,是
RT0000645,O00007780,2025-11-12,1,质量问题,191.84,商品/运营,是
RT0000646,O00007794,2026-04-21,1,描述不符,1544.39,商品/运营,是
RT0000647,O00007818,2026-04-04,2,无理由退货,2616.44,商品/运营,是
RT0000648,O00007833,2025-11-24,1,物流延迟,883.82,物流,是
RT0000649,O00007840,2025-10-01,2,质量问题,3638.36,商品/运营,是
RT0000650,O00007857,2026-07-12,1,物流延迟,283.31,物流,否
RT0000651,O00007880,2026-02-18,5,尺寸/适配问题,3262.16,商品/运营,是
RT0000652,O00007894,2025-10-12,1,物流延迟,1644.4,物流,是
RT0000653,O00007910,2026-01-06,1,物流延迟,686.24,物流,是
RT0000654,O00007913,2026-07-01,1,物流延迟,2223.98,物流,是
RT0000655,O00007924,2025-12-10,1,尺寸/适配问题,1538.38,商品/运营,是
RT0000656,O00007966,2026-06-14,1,质量问题,2107.64,商品/运营,是
RT0000657,O00007970,2026-03-18,1,物流延迟,630.25,物流,是
RT0000658,O00007986,2026-02-20,3,描述不符,887.58,商品/运营,是
RT0000659,O00007998,2026-03-13,1,物流延迟,483.51,物流,是
RT0000660,O00007999,2025-08-22,2,物流延迟,1633.22,物流,否
RT0000661,O00008025,2025-12-25,1,商品破损,1564.98,物流,是
RT0000662,O00008038,2025-11-08,2,无理由退货,588.64,商品/运营,是
RT0000663,O00008059,2026-06-24,1,尺寸/适配问题,1194.66,商品/运营,否
RT0000664,O00008087,2026-02-11,2,商品破损,213.54,物流,是
RT0000665,O00008097,2026-02-21,2,描述不符,944.18,商品/运营,否
RT0000666,O00008100,2026-03-24,2,无理由退货,1851.38,商品/运营,否
RT0000667,O00008104,2025-11-24,2,物流延迟,2198.74,物流,否
RT0000668,O00008114,2025-12-02,3,无理由退货,2637.2,商品/运营,是
RT0000669,O00008131,2026-01-29,1,物流延迟,2214.38,物流,是
RT0000670,O00008139,2026-04-13,1,物流延迟,335.24,物流,否
RT0000671,O00008146,2026-05-18,3,尺寸/适配问题,1450.52,商品/运营,是
RT0000672,O00008186,2025-08-28,2,商品破损,3884.43,物流,是
RT0000673,O00008199,2025-12-05,1,尺寸/适配问题,180.84,商品/运营,是
RT0000674,O00008206,2026-01-21,1,尺寸/适配问题,2373.09,商品/运营,是
RT0000675,O00008215,2026-07-01,1,商品破损,745.14,物流,是
RT0000676,O00008221,2026-04-02,1,无理由退货,595.85,商品/运营,否
RT0000677,O00008226,2026-01-07,2,物流延迟,5668.36,物流,否
RT0000678,O00008230,2025-09-18,5,物流延迟,10696.91,物流,是
RT0000679,O00008273,2026-07-21,1,无理由退货,730.07,商品/运营,是
RT0000680,O00008282,2026-05-04,3,商品破损,5006.41,物流,是
RT0000681,O00008286,2026-01-07,1,无理由退货,1115.08,商品/运营,是
RT0000682,O00008303,2026-06-06,2,物流延迟,220.76,物流,否
RT0000683,O00008308,2025-11-24,4,尺寸/适配问题,6546.6,商品/运营,是
RT0000684,O00008320,2025-11-30,3,尺寸/适配问题,3756.31,商品/运营,否
RT0000685,O00008326,2026-04-19,1,尺寸/适配问题,221.38,商品/运营,是
RT0000686,O00008338,2026-02-01,2,尺寸/适配问题,2406.51,商品/运营,是
RT0000687,O00008357,2025-08-11,1,无理由退货,2060.28,商品/运营,是
RT0000688,O00008358,2025-10-28,2,质量问题,1731.1,商品/运营,否
RT0000689,O00008375,2026-04-13,3,物流延迟,2766.27,物流,否
RT0000690,O00008377,2026-08-02,1,物流延迟,149.29,物流,是
RT0000691,O00008385,2025-11-15,1,尺寸/适配问题,1108.83,商品/运营,否
RT0000692,O00008392,2026-05-18,3,质量问题,3085.11,商品/运营,是
RT0000693,O00008401,2026-05-22,1,商品破损,532.26,物流,否
RT0000694,O00008409,2026-05-20,1,质量问题,788.73,商品/运营,是
RT0000695,O00008418,2025-12-04,2,无理由退货,2925.3,商品/运营,否
RT0000696,O00008421,2025-10-15,2,尺寸/适配问题,2377.82,商品/运营,是
RT0000697,O00008431,2025-12-09,2,物流延迟,3816.03,物流,是
RT0000698,O00008433,2026-01-25,4,无理由退货,3956.07,商品/运营,是
RT0000699,O00008460,2025-12-04,1,无理由退货,1289.82,商品/运营,是
RT0000700,O00008492,2025-11-15,3,物流延迟,460.55,物流,是
RT0000701,O00008494,2025-11-02,1,物流延迟,721.09,物流,否
RT0000702,O00008496,2025-12-03,1,无理由退货,1739.04,商品/运营,否
RT0000703,O00008497,2025-09-17,1,物流延迟,814.52,物流,是
RT0000704,O00008504,2026-05-28,1,质量问题,556.86,商品/运营,是
RT0000705,O00008508,2026-03-22,1,物流延迟,734.62,物流,是
RT0000706,O00008542,2026-07-13,1,描述不符,743.25,商品/运营,否
RT0000707,O00008561,2026-02-08,1,质量问题,875.62,商品/运营,是
RT0000708,O00008570,2026-01-28,2,描述不符,1678.87,商品/运营,否
RT0000709,O00008571,2026-02-13,3,质量问题,413.39,商品/运营,是
RT0000710,O00008585,2026-02-13,1,物流延迟,550.41,物流,是
RT0000711,O00008594,2025-12-12,2,描述不符,3713.45,商品/运营,否
RT0000712,O00008601,2025-12-25,1,质量问题,1469.76,商品/运营,是
RT0000713,O00008612,2025-10-07,1,商品破损,283.31,物流,是
RT0000714,O00008613,2026-03-17,3,商品破损,3329.67,物流,是
RT0000715,O00008637,2026-04-20,1,物流延迟,841.89,物流,否
RT0000716,O00008663,2026-04-17,1,无理由退货,1013.16,商品/运营,是
RT0000717,O00008666,2026-02-13,1,无理由退货,993.64,商品/运营,是
RT0000718,O00008739,2026-02-20,1,无理由退货,691.62,商品/运营,是
RT0000719,O00008744,2026-01-10,2,描述不符,3930.71,商品/运营,是
RT0000720,O00008745,2025-12-02,1,物流延迟,2315.31,物流,是
RT0000721,O00008761,2026-02-28,2,商品破损,520.28,物流,是
RT0000722,O00008765,2026-06-22,5,物流延迟,7752.56,物流,否
RT0000723,O00008779,2026-06-06,3,质量问题,1510.73,商品/运营,否
RT0000724,O00008784,2026-06-24,3,物流延迟,624.34,物流,否
RT0000725,O00008786,2026-03-09,3,描述不符,4949.23,商品/运营,是
RT0000726,O00008824,2026-06-30,1,物流延迟,276.24,物流,是
RT0000727,O00008847,2025-11-03,2,商品破损,3376.11,物流,是
RT0000728,O00008852,2025-11-14,1,描述不符,1066.31,商品/运营,否
RT0000729,O00008856,2025-10-29,1,物流延迟,1011.59,物流,否
RT0000730,O00008872,2025-08-15,2,物流延迟,1576.12,物流,是
RT0000731,O00008891,2026-04-08,2,商品破损,3466.02,物流,是
RT0000732,O00008893,2026-04-06,1,商品破损,545.9,物流,否
RT0000733,O00008917,2025-10-14,2,质量问题,3079.26,商品/运营,是
RT0000734,O00008929,2025-08-19,1,物流延迟,722.36,物流,是
RT0000735,O00008936,2026-03-17,3,质量问题,5344.52,商品/运营,否
RT0000736,O00008940,2026-01-04,3,物流延迟,3876.59,物流,否
RT0000737,O00008958,2026-03-14,4,物流延迟,1939.26,物流,否
RT0000738,O00008960,2026-06-28,1,质量问题,2139.38,商品/运营,是
RT0000739,O00008970,2026-07-08,1,商品破损,1380.9,物流,是
RT0000740,O00008981,2026-01-15,1,无理由退货,643.55,商品/运营,是
RT0000741,O00008994,2026-04-19,1,无理由退货,137.8,商品/运营,是
RT0000742,O00009006,2026-01-10,1,商品破损,260.35,物流,否
RT0000743,O00009007,2026-04-01,1,物流延迟,1523.65,物流,是
RT0000744,O00009008,2026-01-26,2,物流延迟,1211.66,物流,否
RT0000745,O00009017,2025-09-21,1,无理由退货,2593.24,商品/运营,是
RT0000746,O00009018,2025-11-30,1,尺寸/适配问题,525.78,商品/运营,是
RT0000747,O00009021,2025-12-11,1,无理由退货,153.77,商品/运营,是
RT0000748,O00009035,2026-05-13,1,无理由退货,853.88,商品/运营,是
RT0000749,O00009047,2026-03-12,3,质量问题,5853.02,商品/运营,是
RT0000750,O00009068,2025-08-13,1,质量问题,141.58,商品/运营,是
RT0000751,O00009071,2026-05-13,1,描述不符,1849.67,商品/运营,否
RT0000752,O00009075,2025-08-11,1,质量问题,2129.42,商品/运营,是
RT0000753,O00009085,2026-07-16,1,物流延迟,305.5,物流,否
RT0000754,O00009095,2026-03-14,2,物流延迟,310.11,物流,否
RT0000755,O00009128,2025-10-26,1,尺寸/适配问题,283.31,商品/运营,否
RT0000756,O00009131,2025-11-01,1,质量问题,949.1,商品/运营,是
RT0000757,O00009161,2026-01-12,1,质量问题,1176.34,商品/运营,否
RT0000758,O00009162,2026-03-10,4,物流延迟,1478.31,物流,是
RT0000759,O00009190,2025-09-22,2,无理由退货,2528.21,商品/运营,否
RT0000760,O00009198,2026-01-30,1,物流延迟,606.56,物流,是
RT0000761,O00009228,2026-06-06,2,描述不符,282.82,商品/运营,是
RT0000762,O00009233,2026-04-21,2,质量问题,1537.0,商品/运营,是
RT0000763,O00009322,2026-04-06,2,尺寸/适配问题,3208.68,商品/运营,是
RT0000764,O00009336,2026-04-05,2,质量问题,2561.76,商品/运营,是
RT0000765,O00009339,2026-07-18,1,质量问题,880.33,商品/运营,是
RT0000766,O00009353,2026-02-23,1,物流延迟,549.42,物流,否
RT0000767,O00009383,2025-11-19,2,物流延迟,3288.8,物流,是
RT0000768,O00009386,2025-12-11,1,物流延迟,2031.54,物流,是
RT0000769,O00009398,2026-02-12,3,质量问题,2361.96,商品/运营,是
RT0000770,O00009412,2026-06-30,1,商品破损,473.71,物流,否
RT0000771,O00009429,2025-11-09,3,质量问题,3912.46,商品/运营,否
RT0000772,O00009436,2026-01-08,2,质量问题,2883.88,商品/运营,否
RT0000773,O00009439,2026-06-11,5,描述不符,6613.92,商品/运营,否
RT0000774,O00009441,2025-08-20,2,物流延迟,3538.96,物流,是
RT0000775,O00009458,2026-08-10,1,物流延迟,313.53,物流,否
RT0000776,O00009459,2026-05-10,2,质量问题,1761.79,商品/运营,是
RT0000777,O00009488,2025-12-31,4,无理由退货,9508.36,商品/运营,否
RT0000778,O00009497,2026-08-12,2,描述不符,1070.1,商品/运营,否
RT0000779,O00009501,2026-06-14,2,描述不符,452.78,商品/运营,否
RT0000780,O00009519,2026-06-05,4,无理由退货,464.16,商品/运营,否
RT0000781,O00009540,2026-06-13,2,无理由退货,295.94,商品/运营,是
RT0000782,O00009559,2025-11-08,1,描述不符,903.11,商品/运营,否
RT0000783,O00009562,2025-12-24,1,质量问题,1716.83,商品/运营,是
RT0000784,O00009564,2026-07-23,2,物流延迟,1201.86,物流,否
RT0000785,O00009572,2025-12-30,2,商品破损,1847.38,物流,是
RT0000786,O00009581,2025-12-19,3,质量问题,678.9,商品/运营,是
RT0000787,O00009594,2025-12-26,1,质量问题,1604.34,商品/运营,是
RT0000788,O00009595,2025-12-11,3,尺寸/适配问题,7779.72,商品/运营,否
RT0000789,O00009608,2026-02-16,1,物流延迟,446.92,物流,否
RT0000790,O00009632,2025-11-17,1,尺寸/适配问题,592.75,商品/运营,否
RT0000791,O00009641,2026-03-29,1,物流延迟,735.07,物流,是
RT0000792,O00009643,2026-08-05,1,商品破损,737.87,物流,是
RT0000793,O00009649,2025-10-07,2,商品破损,2220.72,物流,是
RT0000794,O00009651,2026-01-31,1,质量问题,613.68,商品/运营,是
RT0000795,O00009656,2026-06-07,1,无理由退货,1110.36,商品/运营,否
RT0000796,O00009661,2025-12-13,3,商品破损,4981.55,物流,否
RT0000797,O00009682,2025-10-31,1,质量问题,1738.87,商品/运营,是
RT0000798,O00009709,2025-10-31,4,质量问题,6073.5,商品/运营,否
RT0000799,O00009715,2026-01-12,2,描述不符,1504.8,商品/运营,否
RT0000800,O00009734,2026-03-06,1,无理由退货,1273.3,商品/运营,否
RT0000801,O00009739,2026-05-29,1,物流延迟,749.29,物流,否
RT0000802,O00009780,2026-06-23,1,质量问题,552.48,商品/运营,是
RT0000803,O00009785,2026-01-11,1,商品破损,1118.06,物流,是
RT0000804,O00009790,2025-12-01,1,物流延迟,1241.69,物流,是
RT0000805,O00009794,2025-12-09,1,质量问题,733.53,商品/运营,是
RT0000806,O00009800,2026-01-04,1,物流延迟,366.97,物流,是
RT0000807,O00009803,2026-07-09,1,描述不符,347.78,商品/运营,是
RT0000808,O00009822,2026-05-16,1,描述不符,932.52,商品/运营,是
RT0000809,O00009852,2025-11-23,1,无理由退货,956.02,商品/运营,是
RT0000810,O00009859,2026-03-22,2,物流延迟,3902.01,物流,是
RT0000811,O00009866,2026-03-19,1,质量问题,934.94,商品/运营,否
RT0000812,O00009871,2025-11-03,5,物流延迟,7163.04,物流,否
RT0000813,O00009878,2026-06-25,1,无理由退货,364.82,商品/运营,否
RT0000814,O00009880,2026-02-01,3,物流延迟,326.83,物流,否
RT0000815,O00009882,2026-08-08,2,物流延迟,358.68,物流,是
RT0000816,O00009885,2026-06-05,2,物流延迟,834.43,物流,是
RT0000817,O00009886,2026-06-03,1,商品破损,1049.63,物流,否
RT0000818,O00009952,2025-12-04,2,商品破损,3958.9,物流,是
RT0000819,O00009969,2026-05-25,2,质量问题,4951.42,商品/运营,是
RT0000820,O00009977,2026-02-02,2,物流延迟,4271.56,物流,否
RT0000821,O00009995,2025-10-11,1,无理由退货,408.06,商品/运营,是
RT0000822,O00010009,2026-07-26,1,无理由退货,496.26,商品/运营,否
RT0000823,O00010021,2026-01-19,1,尺寸/适配问题,2536.87,商品/运营,是
RT0000824,O00010028,2026-02-23,1,商品破损,1565.13,物流,否
RT0000825,O00010056,2026-02-22,1,无理由退货,660.49,商品/运营,否
RT0000826,O00010131,2026-05-30,6,无理由退货,2162.09,商品/运营,是
RT0000827,O00010159,2025-10-10,2,描述不符,1229.4,商品/运营,是
RT0000828,O00010171,2026-02-22,1,无理由退货,147.97,商品/运营,是
RT0000829,O00010178,2026-03-28,1,物流延迟,849.79,物流,是
RT0000830,O00010179,2025-10-30,1,质量问题,766.86,商品/运营,是
RT0000831,O00010206,2025-09-01,2,质量问题,3022.88,商品/运营,否
RT0000832,O00010238,2025-12-10,6,无理由退货,4996.62,商品/运营,否
RT0000833,O00010245,2026-04-03,1,质量问题,300.86,商品/运营,是
RT0000834,O00010247,2026-06-25,1,无理由退货,2022.95,商品/运营,是
RT0000835,O00010263,2026-05-03,2,无理由退货,573.07,商品/运营,是
RT0000836,O00010283,2026-08-04,3,无理由退货,3777.05,商品/运营,是
RT0000837,O00010301,2025-09-19,2,物流延迟,2984.14,物流,否
RT0000838,O00010302,2025-11-25,1,描述不符,961.32,商品/运营,是
RT0000839,O00010312,2026-05-10,3,物流延迟,1240.55,物流,是
RT0000840,O00010315,2026-05-04,1,物流延迟,561.04,物流,否
RT0000841,O00010334,2026-01-01,3,物流延迟,3300.88,物流,是
RT0000842,O00010353,2026-03-15,1,描述不符,445.6,商品/运营,是
RT0000843,O00010356,2026-03-27,1,物流延迟,471.67,物流,是
RT0000844,O00010361,2025-11-14,2,尺寸/适配问题,634.32,商品/运营,是
RT0000845,O00010383,2026-01-01,5,商品破损,2050.72,物流,是
RT0000846,O00010386,2026-02-04,5,物流延迟,800.44,物流,否
RT0000847,O00010404,2026-05-29,1,无理由退货,1104.78,商品/运营,是
RT0000848,O00010407,2025-12-22,1,无理由退货,850.5,商品/运营,否
RT0000849,O00010417,2025-09-23,2,物流延迟,1257.86,物流,是
RT0000850,O00010428,2026-06-17,1,质量问题,1123.96,商品/运营,是
RT0000851,O00010433,2025-12-09,1,物流延迟,183.8,物流,是
RT0000852,O00010434,2025-12-18,1,物流延迟,267.8,物流,否
RT0000853,O00010435,2026-08-02,1,无理由退货,1044.19,商品/运营,是
RT0000854,O00010453,2026-05-05,2,质量问题,1584.74,商品/运营,是
RT0000855,O00010483,2026-04-18,1,质量问题,690.97,商品/运营,是
RT0000856,O00010490,2026-04-12,2,无理由退货,3476.31,商品/运营,是
RT0000857,O00010492,2026-01-29,1,商品破损,616.01,物流,否
RT0000858,O00010515,2026-03-07,2,无理由退货,2989.62,商品/运营,是
RT0000859,O00010517,2025-10-19,2,物流延迟,627.06,物流,是
RT0000860,O00010518,2026-04-29,1,质量问题,399.19,商品/运营,否
RT0000861,O00010530,2026-01-06,1,物流延迟,1459.49,物流,是
RT0000862,O00010531,2026-01-03,2,描述不符,1889.33,商品/运营,是
RT0000863,O00010541,2026-07-01,1,无理由退货,557.83,商品/运营,否
RT0000864,O00010552,2026-01-16,1,商品破损,552.86,物流,是
RT0000865,O00010564,2026-01-05,4,物流延迟,4428.81,物流,是
RT0000866,O00010571,2026-04-14,2,描述不符,3275.6,商品/运营,是
RT0000867,O00010603,2026-03-15,1,无理由退货,1943.7,商品/运营,是
RT0000868,O00010604,2026-05-28,1,描述不符,500.95,商品/运营,否
RT0000869,O00010605,2025-08-12,1,描述不符,1049.63,商品/运营,否
RT0000870,O00010610,2026-01-03,1,描述不符,283.16,商品/运营,是
RT0000871,O00010626,2026-07-24,1,物流延迟,1098.95,物流,否
RT0000872,O00010634,2025-12-10,1,描述不符,1672.82,商品/运营,是
RT0000873,O00010649,2026-01-29,2,商品破损,1954.63,物流,否
RT0000874,O00010658,2026-01-22,1,物流延迟,1852.14,物流,是
RT0000875,O00010660,2026-07-01,3,商品破损,2415.84,物流,否
RT0000876,O00010666,2026-07-17,1,质量问题,621.87,商品/运营,是
RT0000877,O00010698,2026-03-21,1,尺寸/适配问题,731.1,商品/运营,是
RT0000878,O00010702,2025-12-23,1,质量问题,277.99,商品/运营,否
RT0000879,O00010706,2026-01-13,1,尺寸/适配问题,1176.58,商品/运营,否
RT0000880,O00010731,2026-01-20,1,物流延迟,323.8,物流,是
RT0000881,O00010750,2026-07-16,1,物流延迟,172.09,物流,是
RT0000882,O00010753,2026-07-04,1,质量问题,1510.82,商品/运营,否
RT0000883,O00010758,2025-12-19,4,质量问题,874.59,商品/运营,否
RT0000884,O00010804,2026-04-26,1,描述不符,600.93,商品/运营,是
RT0000885,O00010813,2026-01-13,2,物流延迟,1271.07,物流,是
RT0000886,O00010816,2025-12-22,2,物流延迟,4535.19,物流,否
RT0000887,O00010824,2026-04-22,2,商品破损,354.62,物流,是
RT0000888,O00010825,2026-01-01,1,无理由退货,273.78,商品/运营,是
RT0000889,O00010828,2025-12-09,2,物流延迟,289.45,物流,否
RT0000890,O00010843,2026-01-20,4,尺寸/适配问题,4053.72,商品/运营,是
RT0000891,O00010856,2025-09-12,1,质量问题,1370.11,商品/运营,是
RT0000892,O00010867,2026-02-07,1,尺寸/适配问题,1262.47,商品/运营,否
RT0000893,O00010869,2026-08-03,1,质量问题,1108.83,商品/运营,是
RT0000894,O00010872,2025-10-11,2,物流延迟,3009.73,物流,是
RT0000895,O00010894,2026-08-01,2,物流延迟,1270.06,物流,否
RT0000896,O00010896,2025-11-18,3,尺寸/适配问题,332.93,商品/运营,是
RT0000897,O00010900,2026-02-15,1,无理由退货,306.65,商品/运营,否
RT0000898,O00010902,2025-09-06,2,商品破损,544.38,物流,是
RT0000899,O00010926,2025-10-21,1,质量问题,1542.58,商品/运营,否
RT0000900,O00010933,2026-08-06,1,物流延迟,587.64,物流,是
RT0000901,O00010941,2025-12-09,1,商品破损,2140.21,物流,是
RT0000902,O00010944,2026-04-05,3,物流延迟,5519.77,物流,是
RT0000903,O00010973,2026-06-06,1,物流延迟,597.6,物流,是
RT0000904,O00011000,2025-11-11,1,质量问题,1662.96,商品/运营,是
RT0000905,O00011003,2025-09-13,1,尺寸/适配问题,2252.68,商品/运营,是
RT0000906,O00011006,2025-09-24,2,描述不符,1044.76,商品/运营,否
RT0000907,O00011039,2025-11-21,2,商品破损,5609.77,物流,是
RT0000908,O00011054,2025-12-25,2,无理由退货,3325.91,商品/运营,否
RT0000909,O00011056,2026-04-19,1,质量问题,185.44,商品/运营,是
RT0000910,O00011074,2026-07-09,2,质量问题,2623.86,商品/运营,否
RT0000911,O00011082,2026-08-06,1,物流延迟,107.87,物流,是
RT0000912,O00011084,2026-04-16,1,无理由退货,650.12,商品/运营,否
RT0000913,O00011148,2025-09-14,2,商品破损,1656.7,物流,是
RT0000914,O00011166,2025-11-30,3,物流延迟,1702.16,物流,是
RT0000915,O00011182,2026-01-11,1,商品破损,668.96,物流,是
RT0000916,O00011190,2026-02-15,1,物流延迟,733.53,物流,是
RT0000917,O00011202,2026-03-18,4,物流延迟,3292.35,物流,否
RT0000918,O00011204,2025-12-10,1,质量问题,690.97,商品/运营,是
RT0000919,O00011216,2025-12-25,1,无理由退货,1460.26,商品/运营,是
RT0000920,O00011224,2025-12-14,2,商品破损,560.61,物流,否
RT0000921,O00011229,2026-07-05,2,质量问题,3478.09,商品/运营,否
RT0000922,O00011238,2026-06-01,2,物流延迟,2682.75,物流,是
RT0000923,O00011310,2025-10-17,5,质量问题,9115.3,商品/运营,是
RT0000924,O00011312,2026-07-15,1,物流延迟,2533.15,物流,否
RT0000925,O00011313,2026-07-03,2,质量问题,3188.26,商品/运营,是
RT0000926,O00011314,2025-10-31,1,物流延迟,282.98,物流,否
RT0000927,O00011324,2026-04-02,1,物流延迟,1697.09,物流,否
RT0000928,O00011328,2026-04-11,3,物流延迟,5904.04,物流,是
RT0000929,O00011333,2025-12-28,5,质量问题,6133.84,商品/运营,是
RT0000930,O00011345,2026-02-12,3,质量问题,404.5,商品/运营,是
RT0000931,O00011377,2026-01-01,1,商品破损,1604.34,物流,否
RT0000932,O00011388,2026-06-28,1,质量问题,1352.88,商品/运营,是
RT0000933,O00011398,2026-02-24,1,质量问题,1620.79,商品/运营,是
RT0000934,O00011412,2026-03-04,3,物流延迟,3652.33,物流,是
RT0000935,O00011427,2026-05-09,2,质量问题,3642.61,商品/运营,否
RT0000936,O00011429,2026-03-08,3,物流延迟,5719.23,物流,否
RT0000937,O00011432,2025-12-25,2,物流延迟,226.24,物流,是
RT0000938,O00011433,2026-07-13,1,无理由退货,1722.79,商品/运营,否
RT0000939,O00011446,2025-12-09,2,商品破损,523.88,物流,是
RT0000940,O00011457,2025-11-27,1,尺寸/适配问题,242.09,商品/运营,是
RT0000941,O00011484,2025-08-14,4,尺寸/适配问题,883.97,商品/运营,否
RT0000942,O00011495,2025-09-24,2,描述不符,2533.62,商品/运营,否
RT0000943,O00011496,2025-12-03,1,物流延迟,1078.64,物流,是
RT0000944,O00011509,2026-06-09,1,物流延迟,1850.71,物流,是
RT0000945,O00011520,2026-07-14,1,物流延迟,310.21,物流,是
RT0000946,O00011532,2026-04-19,1,尺寸/适配问题,1665.64,商品/运营,否
RT0000947,O00011542,2025-09-28,1,物流延迟,1617.85,物流,是
RT0000948,O00011557,2026-06-06,1,商品破损,761.03,物流,否
RT0000949,O00011559,2025-12-11,1,物流延迟,1856.73,物流,是
RT0000950,O00011560,2026-06-16,2,物流延迟,3550.18,物流,否
RT0000951,O00011579,2026-07-10,3,物流延迟,7271.32,物流,否
RT0000952,O00011597,2026-07-05,1,商品破损,653.76,物流,是
RT0000953,O00011604,2025-10-25,1,尺寸/适配问题,925.43,商品/运营,否
RT0000954,O00011622,2026-05-08,1,物流延迟,2442.38,物流,是
RT0000955,O00011645,2025-11-25,2,无理由退货,3950.54,商品/运营,是
RT0000956,O00011648,2026-01-25,1,物流延迟,2214.38,物流,是
RT0000957,O00011651,2026-02-19,3,物流延迟,802.47,物流,是
RT0000958,O00011658,2026-02-01,1,质量问题,2785.18,商品/运营,是
RT0000959,O00011665,2025-09-02,1,商品破损,699.81,物流,是
RT0000960,O00011668,2026-01-18,6,物流延迟,12231.5,物流,是
RT0000961,O00011704,2026-03-31,2,无理由退货,1417.5,商品/运营,是
RT0000962,O00011708,2025-09-13,1,物流延迟,1078.91,物流,是
RT0000963,O00011709,2026-04-23,1,物流延迟,283.31,物流,否
RT0000964,O00011730,2025-09-17,1,物流延迟,823.09,物流,否
RT0000965,O00011740,2026-05-08,1,尺寸/适配问题,1474.57,商品/运营,是
RT0000966,O00011744,2026-03-06,1,质量问题,1213.39,商品/运营,是
RT0000967,O00011762,2026-05-26,1,描述不符,1571.26,商品/运营,是
RT0000968,O00011770,2026-07-16,3,描述不符,2280.22,商品/运营,是
RT0000969,O00011773,2025-11-13,1,质量问题,589.62,商品/运营,是
RT0000970,O00011782,2026-04-03,1,尺寸/适配问题,443.54,商品/运营,否
RT0000971,O00011813,2025-08-29,1,尺寸/适配问题,1346.46,商品/运营,否
RT0000972,O00011834,2026-03-18,2,物流延迟,1661.85,物流,否
RT0000973,O00011836,2026-01-14,4,质量问题,1163.0,商品/运营,是
RT0000974,O00011851,2026-07-16,1,物流延迟,1311.93,物流,是
RT0000975,O00011896,2026-03-25,2,物流延迟,2082.22,物流,是
RT0000976,O00011905,2026-04-23,1,描述不符,1699.59,商品/运营,是
RT0000977,O00011910,2025-09-29,1,物流延迟,145.26,物流,是
RT0000978,O00011925,2026-07-28,1,物流延迟,2183.73,物流,是
RT0000979,O00011946,2026-04-14,1,质量问题,708.51,商品/运营,是
RT0000980,O00011952,2025-10-05,1,描述不符,1031.7,商品/运营,是
RT0000981,O00011953,2025-10-14,1,无理由退货,655.68,商品/运营,否
RT0000982,O00011977,2026-03-03,1,质量问题,268.84,商品/运营,否
RT0000983,O00012001,2026-03-19,1,无理由退货,584.23,商品/运营,是
RT0000984,O00012013,2026-01-09,2,物流延迟,1780.92,物流,是
RT0000985,O00012059,2026-01-27,1,物流延迟,1724.06,物流,是
RT0000986,O00012064,2025-10-04,1,描述不符,796.8,商品/运营,否
RT0000987,O00012075,2025-11-14,2,物流延迟,1775.82,物流,否
RT0000988,O00012082,2026-01-07,1,商品破损,931.79,物流,是
RT0000989,O00012083,2026-04-29,1,物流延迟,925.69,物流,否
RT0000990,O00012096,2026-01-02,2,无理由退货,581.5,商品/运营,是
RT0000991,O00012099,2025-10-25,6,商品破损,1712.36,物流,是
RT0000992,O00012117,2025-08-19,1,无理由退货,2395.93,商品/运营,是
RT0000993,O00012118,2026-01-07,1,物流延迟,1200.09,物流,是
RT0000994,O00012119,2025-08-06,3,无理由退货,2345.19,商品/运营,是
RT0000995,O00012140,2026-03-11,1,质量问题,792.14,商品/运营,是
RT0000996,O00012141,2026-01-03,1,尺寸/适配问题,1123.96,商品/运营,是
RT0000997,O00012158,2025-09-06,1,物流延迟,133.17,物流,是
RT0000998,O00012179,2025-09-26,3,尺寸/适配问题,4817.71,商品/运营,是
RT0000999,O00012185,2025-10-16,4,描述不符,8663.98,商品/运营,是
RT0001000,O00012186,2026-04-05,2,质量问题,1667.92,商品/运营,是
RT0001001,O00012207,2026-05-04,1,尺寸/适配问题,766.86,商品/运营,是
RT0001002,O00012215,2026-01-02,1,物流延迟,1130.38,物流,是
RT0001003,O00012227,2026-01-28,2,质量问题,1128.18,商品/运营,否
RT0001004,O00012259,2026-01-31,1,质量问题,554.91,商品/运营,否
RT0001005,O00012260,2026-06-28,2,尺寸/适配问题,1673.05,商品/运营,否
RT0001006,O00012263,2026-04-22,4,描述不符,1136.31,商品/运营,是
RT0001007,O00012316,2026-08-08,1,描述不符,2004.57,商品/运营,是
RT0001008,O00012350,2025-10-17,1,物流延迟,510.79,物流,否
RT0001009,O00012356,2026-03-10,1,物流延迟,137.8,物流,是
RT0001010,O00012367,2025-09-14,1,商品破损,147.97,物流,否
RT0001011,O00012373,2026-03-12,1,物流延迟,1580.68,物流,否
RT0001012,O00012383,2026-04-20,1,商品破损,1665.2,物流,是
RT0001013,O00012401,2026-01-10,2,无理由退货,428.48,商品/运营,否
RT0001014,O00012419,2026-02-16,1,无理由退货,1709.73,商品/运营,是
RT0001015,O00012446,2025-12-21,1,物流延迟,984.15,物流,是
RT0001016,O00012474,2026-01-28,2,无理由退货,217.58,商品/运营,是
RT0001017,O00012495,2026-05-07,3,质量问题,664.15,商品/运营,否
RT0001018,O00012501,2026-04-10,6,物流延迟,10433.22,物流,是
RT0001019,O00012515,2025-12-29,2,商品破损,358.68,物流,是
RT0001020,O00012529,2025-11-05,3,描述不符,4159.79,商品/运营,是
RT0001021,O00012589,2025-12-05,2,质量问题,2649.72,商品/运营,否
RT0001022,O00012605,2025-10-28,1,无理由退货,225.02,商品/运营,否
RT0001023,O00012615,2026-03-28,1,描述不符,208.83,商品/运营,是
RT0001024,O00012623,2026-05-27,1,物流延迟,855.36,物流,是
RT0001025,O00012636,2026-01-01,2,质量问题,1446.07,商品/运营,是
RT0001026,O00012638,2026-05-02,3,物流延迟,1304.19,物流,是
RT0001027,O00012666,2025-09-05,4,无理由退货,2196.26,商品/运营,是
RT0001028,O00012687,2026-01-22,2,商品破损,1096.65,物流,是
RT0001029,O00012693,2026-03-16,2,质量问题,1912.73,商品/运营,是
RT0001030,O00012698,2025-11-19,2,质量问题,641.72,商品/运营,是
RT0001031,O00012712,2025-12-26,3,描述不符,899.84,商品/运营,是
RT0001032,O00012716,2025-08-22,1,尺寸/适配问题,761.03,商品/运营,否
RT0001033,O00012722,2026-02-21,2,质量问题,3919.76,商品/运营,是
RT0001034,O00012737,2026-03-27,1,物流延迟,2575.77,物流,是
RT0001035,O00012768,2025-09-21,1,尺寸/适配问题,350.97,商品/运营,是
RT0001036,O00012815,2026-07-06,3,物流延迟,2490.69,物流,是
RT0001037,O00012840,2025-12-13,2,质量问题,3472.76,商品/运营,是
RT0001038,O00012851,2025-12-19,1,无理由退货,616.01,商品/运营,否
RT0001039,O00012856,2026-01-02,2,无理由退货,368.2,商品/运营,是
RT0001040,O00012860,2026-01-13,1,物流延迟,264.18,物流,是
RT0001041,O00012865,2026-03-19,1,尺寸/适配问题,420.44,商品/运营,是
RT0001042,O00012869,2025-09-24,3,物流延迟,3252.47,物流,否
RT0001043,O00012880,2026-06-26,3,无理由退货,1674.34,商品/运营,否
RT0001044,O00012884,2025-12-20,1,商品破损,629.47,物流,否
RT0001045,O00012886,2026-08-04,5,物流延迟,591.88,物流,是
RT0001046,O00012892,2026-03-28,2,质量问题,1703.32,商品/运营,否
RT0001047,O00012894,2025-12-21,1,商品破损,708.87,物流,是
RT0001048,O00012934,2025-10-10,2,无理由退货,2666.91,商品/运营,是
RT0001049,O00012935,2025-12-20,3,物流延迟,4213.68,物流,是
RT0001050,O00012943,2026-03-25,1,物流延迟,631.83,物流,否
RT0001051,O00012954,2026-05-09,2,物流延迟,336.36,物流,否
RT0001052,O00012969,2025-08-31,1,商品破损,502.49,物流,否
RT0001053,O00012977,2025-11-25,3,质量问题,713.61,商品/运营,是
RT0001054,O00012990,2026-03-21,1,物流延迟,1922.59,物流,否
RT0001055,O00013004,2025-08-20,1,无理由退货,1538.07,商品/运营,是
RT0001056,O00013011,2025-09-27,2,质量问题,2631.04,商品/运营,否
RT0001057,O00013014,2025-12-22,3,描述不符,6322.92,商品/运营,是
RT0001058,O00013016,2026-03-09,1,商品破损,768.5,物流,否
RT0001059,O00013020,2025-12-08,4,质量问题,8242.46,商品/运营,否
RT0001060,O00013043,2026-02-20,1,物流延迟,520.69,物流,否
RT0001061,O00013058,2026-03-23,5,无理由退货,4479.98,商品/运营,否
RT0001062,O00013066,2026-06-25,1,物流延迟,2019.19,物流,是
RT0001063,O00013088,2026-05-09,1,商品破损,646.88,物流,否
RT0001064,O00013112,2025-10-21,2,无理由退货,539.17,商品/运营,否
RT0001065,O00013113,2025-09-26,4,商品破损,5123.52,物流,是
RT0001066,O00013117,2025-12-07,1,无理由退货,1042.07,商品/运营,是
RT0001067,O00013120,2026-04-27,1,物流延迟,1169.34,物流,是
RT0001068,O00013121,2025-08-31,1,描述不符,526.55,商品/运营,否
RT0001069,O00013138,2026-05-06,2,质量问题,1680.16,商品/运营,是
RT0001070,O00013162,2026-04-20,3,无理由退货,538.75,商品/运营,是
RT0001071,O00013177,2026-01-30,1,无理由退货,1512.85,商品/运营,是
RT0001072,O00013202,2026-03-30,1,质量问题,733.53,商品/运营,是
RT0001073,O00013208,2025-11-26,2,尺寸/适配问题,1416.37,商品/运营,是
RT0001074,O00013210,2026-03-12,2,质量问题,1457.55,商品/运营,是
RT0001075,O00013213,2026-04-10,2,无理由退货,1368.56,商品/运营,否
RT0001076,O00013217,2025-11-08,1,物流延迟,2377.09,物流,否
RT0001077,O00013253,2025-10-28,3,质量问题,505.62,商品/运营,是
RT0001078,O00013264,2025-10-15,3,描述不符,1407.57,商品/运营,是
RT0001079,O00013273,2026-01-19,1,无理由退货,143.47,商品/运营,是
RT0001080,O00013274,2026-07-03,6,物流延迟,5191.13,物流,是
RT0001081,O00013284,2026-05-06,1,质量问题,2184.39,商品/运营,否
RT0001082,O00013285,2025-12-03,2,物流延迟,1489.62,物流,是
RT0001083,O00013289,2025-12-18,1,物流延迟,1558.13,物流,否
RT0001084,O00013294,2025-11-20,1,物流延迟,453.43,物流,是
RT0001085,O00013328,2025-10-08,1,质量问题,226.3,商品/运营,是
RT0001086,O00013343,2026-04-26,1,无理由退货,2395.93,商品/运营,否
RT0001087,O00013344,2025-11-27,2,商品破损,1982.0,物流,否
RT0001088,O00013356,2026-06-24,1,物流延迟,1678.03,物流,是
RT0001089,O00013360,2025-12-30,1,物流延迟,251.48,物流,是
RT0001090,O00013381,2026-01-17,2,物流延迟,3901.94,物流,是
RT0001091,O00013392,2026-05-18,2,质量问题,1627.95,商品/运营,是
RT0001092,O00013400,2025-11-11,2,物流延迟,2539.22,物流,是
RT0001093,O00013404,2026-04-28,1,商品破损,874.53,物流,否
RT0001094,O00013405,2026-03-14,4,描述不符,10132.61,商品/运营,否
RT0001095,O00013406,2025-09-29,3,商品破损,8225.3,物流,是
RT0001096,O00013408,2026-03-12,1,物流延迟,1031.7,物流,是
RT0001097,O00013414,2025-08-22,4,物流延迟,2687.98,物流,否
RT0001098,O00013425,2026-02-22,1,尺寸/适配问题,999.32,商品/运营,是
RT0001099,O00013432,2025-11-22,1,尺寸/适配问题,587.32,商品/运营,是
RT0001100,O00013436,2025-11-10,6,物流延迟,4985.55,物流,否
RT0001101,O00013466,2025-09-22,2,质量问题,2952.25,商品/运营,是
RT0001102,O00013473,2026-05-16,1,无理由退货,587.32,商品/运营,是
RT0001103,O00013477,2026-04-22,1,物流延迟,903.11,物流,是
RT0001104,O00013488,2026-05-28,1,质量问题,1469.76,商品/运营,是
RT0001105,O00013492,2026-03-22,3,描述不符,767.5,商品/运营,是
RT0001106,O00013501,2026-06-23,1,无理由退货,1062.3,商品/运营,是
RT0001107,O00013505,2026-05-04,1,物流延迟,621.87,物流,否
RT0001108,O00013536,2025-10-17,2,物流延迟,1266.18,物流,是
RT0001109,O00013550,2025-11-10,1,质量问题,2129.42,商品/运营,否
RT0001110,O00013572,2025-12-11,1,尺寸/适配问题,297.59,商品/运营,否
RT0001111,O00013588,2026-03-02,2,物流延迟,3563.28,物流,是
RT0001112,O00013592,2025-11-26,1,物流延迟,1722.79,物流,否
RT0001113,O00013593,2026-04-17,2,无理由退货,376.63,商品/运营,是
RT0001114,O00013601,2025-10-16,3,质量问题,401.14,商品/运营,是
RT0001115,O00013603,2026-07-11,2,质量问题,3581.52,商品/运营,否
RT0001116,O00013633,2025-09-10,2,物流延迟,5136.22,物流,否
RT0001117,O00013636,2026-03-29,1,物流延迟,1046.83,物流,否
RT0001118,O00013643,2026-06-14,2,描述不符,2025.62,商品/运营,是
RT0001119,O00013648,2026-06-17,2,质量问题,3030.32,商品/运营,否
RT0001120,O00013650,2026-02-23,1,质量问题,886.32,商品/运营,是
RT0001121,O00013653,2025-10-31,2,无理由退货,2666.24,商品/运营,是
RT0001122,O00013666,2026-04-19,1,物流延迟,2377.09,物流,是
RT0001123,O00013673,2026-04-04,2,物流延迟,3905.84,物流,否
RT0001124,O00013679,2025-11-19,3,无理由退货,2501.88,商品/运营,否
RT0001125,O00013686,2025-12-26,6,质量问题,5702.39,商品/运营,否
RT0001126,O00013687,2025-09-03,6,尺寸/适配问题,4495.76,商品/运营,是
RT0001127,O00013695,2026-06-17,2,质量问题,2474.22,商品/运营,是
RT0001128,O00013730,2025-09-24,4,描述不符,9536.58,商品/运营,是
RT0001129,O00013746,2026-02-27,3,物流延迟,5757.03,物流,是
RT0001130,O00013762,2026-04-08,1,商品破损,889.81,物流,是
RT0001131,O00013778,2025-12-20,3,商品破损,2248.07,物流,是
RT0001132,O00013779,2026-01-18,1,描述不符,1114.76,商品/运营,是
RT0001133,O00013781,2026-08-11,2,物流延迟,1848.61,物流,是
RT0001134,O00013812,2025-08-31,2,商品破损,1508.06,物流,否
RT0001135,O00013814,2026-07-11,1,描述不符,525.78,商品/运营,是
RT0001136,O00013816,2025-11-18,1,质量问题,1621.66,商品/运营,是
RT0001137,O00013830,2026-03-09,3,无理由退货,3363.32,商品/运营,否
RT0001138,O00013859,2025-12-31,2,物流延迟,1940.95,物流,是
RT0001139,O00013912,2026-01-12,1,商品破损,609.83,物流,否
RT0001140,O00013931,2025-09-25,2,无理由退货,1095.14,商品/运营,否
RT0001141,O00013936,2026-08-01,1,商品破损,2075.17,物流,是
RT0001142,O00013962,2025-10-08,2,物流延迟,627.06,物流,是
RT0001143,O00013969,2026-06-11,3,物流延迟,892.77,物流,否
RT0001144,O00013980,2025-11-13,1,无理由退货,714.85,商品/运营,是
RT0001145,O00013983,2025-12-24,1,物流延迟,1906.41,物流,否
RT0001146,O00013999,2026-03-13,1,物流延迟,497.3,物流,是
RT0001147,O00014020,2026-03-07,1,尺寸/适配问题,1292.2,商品/运营,是
RT0001148,O00014030,2025-11-15,1,物流延迟,1879.28,物流,否
RT0001149,O00014031,2026-05-10,2,物流延迟,757.52,物流,否
RT0001150,O00014086,2026-04-15,2,无理由退货,4258.84,商品/运营,否
RT0001151,O00014102,2026-02-08,1,无理由退货,463.93,商品/运营,是
RT0001152,O00014105,2026-04-15,1,物流延迟,1577.56,物流,否
RT0001153,O00014114,2026-06-01,1,物流延迟,851.44,物流,是
RT0001154,O00014118,2026-02-25,4,尺寸/适配问题,3335.84,商品/运营,是
RT0001155,O00014120,2025-11-29,1,尺寸/适配问题,547.82,商品/运营,是
RT0001156,O00014134,2025-12-25,2,尺寸/适配问题,778.06,商品/运营,是
RT0001157,O00014157,2026-06-19,3,无理由退货,5101.11,商品/运营,否
RT0001158,O00014185,2025-10-01,2,物流延迟,2123.42,物流,是
RT0001159,O00014187,2026-04-29,5,描述不符,2990.59,商品/运营,是
RT0001160,O00014189,2026-01-11,1,描述不符,1775.24,商品/运营,是
RT0001161,O00014214,2025-09-16,1,尺寸/适配问题,1035.18,商品/运营,否
RT0001162,O00014226,2025-08-22,1,物流延迟,850.1,物流,是
RT0001163,O00014232,2025-10-23,1,尺寸/适配问题,594.71,商品/运营,是
RT0001164,O00014239,2026-01-29,2,物流延迟,458.25,物流,否
RT0001165,O00014243,2025-12-23,4,质量问题,4554.04,商品/运营,否
RT0001166,O00014247,2026-07-04,1,无理由退货,268.08,商品/运营,是
RT0001167,O00014277,2025-08-11,3,尺寸/适配问题,316.57,商品/运营,是
RT0001168,O00014310,2026-02-08,1,质量问题,976.33,商品/运营,是
RT0001169,O00014316,2025-11-08,2,质量问题,1739.87,商品/运营,是
RT0001170,O00014317,2026-03-25,1,质量问题,518.13,商品/运营,是
RT0001171,O00014318,2026-07-08,1,无理由退货,1510.82,商品/运营,是
RT0001172,O00014321,2026-05-31,2,质量问题,2494.26,商品/运营,否
RT0001173,O00014340,2025-09-01,1,尺寸/适配问题,660.49,商品/运营,是
RT0001174,O00014358,2026-02-14,1,尺寸/适配问题,432.24,商品/运营,否
RT0001175,O00014366,2026-07-13,2,商品破损,698.78,物流,否
RT0001176,O00014406,2026-08-01,3,质量问题,1572.32,商品/运营,否
RT0001177,O00014418,2025-09-30,1,无理由退货,1179.0,商品/运营,是
RT0001178,O00014453,2026-06-23,1,物流延迟,883.44,物流,是
RT0001179,O00014469,2025-10-12,2,尺寸/适配问题,4259.91,商品/运营,否
RT0001180,O00014470,2026-07-15,5,描述不符,5308.55,商品/运营,是
RT0001181,O00014506,2026-06-13,1,描述不符,260.51,商品/运营,是
RT0001182,O00014513,2025-09-27,1,无理由退货,1078.64,商品/运营,是
RT0001183,O00014516,2026-04-26,3,物流延迟,8456.22,物流,否
RT0001184,O00014574,2026-07-04,2,无理由退货,2678.81,商品/运营,是
RT0001185,O00014580,2025-12-30,2,物流延迟,2939.52,物流,是
RT0001186,O00014608,2025-12-29,1,无理由退货,533.53,商品/运营,是
RT0001187,O00014610,2025-08-31,2,尺寸/适配问题,1044.76,商品/运营,是
RT0001188,O00014625,2026-04-14,1,无理由退货,832.77,商品/运营,否
RT0001189,O00014634,2026-06-03,3,质量问题,1428.82,商品/运营,是
RT0001190,O00014635,2025-10-10,1,尺寸/适配问题,93.82,商品/运营,否
RT0001191,O00014643,2026-06-30,1,质量问题,675.64,商品/运营,否
RT0001192,O00014714,2025-09-27,1,物流延迟,1605.17,物流,是
RT0001193,O00014718,2025-09-03,2,描述不符,1425.6,商品/运营,是
RT0001194,O00014720,2026-02-08,1,物流延迟,1049.63,物流,是
RT0001195,O00014730,2026-06-16,1,无理由退货,2460.89,商品/运营,否
RT0001196,O00014733,2025-12-28,1,描述不符,2187.55,商品/运营,是
RT0001197,O00014734,2025-12-03,2,物流延迟,1940.06,物流,否
RT0001198,O00014748,2026-06-12,2,无理由退货,595.71,商品/运营,是
RT0001199,O00014765,2026-04-04,1,物流延迟,1116.59,物流,是
RT0001200,O00014773,2025-11-07,1,物流延迟,259.14,物流,是
RT0001201,O00014775,2025-11-03,1,无理由退货,133.45,商品/运营,是
RT0001202,O00014785,2025-08-21,1,商品破损,684.98,物流,是
RT0001203,O00014805,2026-04-27,3,物流延迟,1988.93,物流,是
RT0001204,O00014809,2026-02-21,2,尺寸/适配问题,5136.22,商品/运营,否
RT0001205,O00014811,2026-05-31,2,物流延迟,266.35,物流,是
RT0001206,O00014821,2025-12-23,1,描述不符,1333.12,商品/运营,否
RT0001207,O00014826,2026-05-20,3,物流延迟,1382.62,物流,否
RT0001208,O00014835,2026-07-14,1,质量问题,260.35,商品/运营,是
RT0001209,O00014847,2025-09-20,1,无理由退货,712.93,商品/运营,否
RT0001210,O00014857,2025-12-10,1,无理由退货,1362.62,商品/运营,否
RT0001211,O00014873,2025-11-18,1,描述不符,1036.5,商品/运营,是
RT0001212,O00014888,2025-11-28,1,商品破损,1135.56,物流,是
RT0001213,O00014894,2026-06-29,3,质量问题,1431.05,商品/运营,是
RT0001214,O00014911,2026-01-12,1,商品破损,163.38,物流,否
RT0001215,O00014943,2026-03-07,1,无理由退货,555.4,商品/运营,是
RT0001216,O00014963,2026-03-10,2,商品破损,2354.8,物流,是
RT0001217,O00014973,2025-12-21,3,质量问题,2883.42,商品/运营,是
RT0001218,O00014979,2025-12-23,1,物流延迟,1004.93,物流,是
RT0001219,O00014992,2025-10-10,2,物流延迟,1285.81,物流,是
RT0001220,O00015008,2026-07-12,1,物流延迟,694.54,物流,是
RT0001221,O00015011,2026-07-19,1,质量问题,141.58,商品/运营,否
RT0001222,O00015025,2025-12-25,1,物流延迟,466.05,物流,是
RT0001223,O00015029,2026-05-22,1,商品破损,586.3,物流,是
RT0001224,O00015057,2026-04-12,1,描述不符,906.02,商品/运营,否
RT0001225,O00015068,2026-02-10,6,描述不符,4736.55,商品/运营,是
RT0001226,O00015106,2025-12-26,1,尺寸/适配问题,1440.11,商品/运营,是
RT0001227,O00015111,2026-05-19,1,物流延迟,157.31,物流,是
RT0001228,O00015116,2026-04-15,1,尺寸/适配问题,1157.8,商品/运营,否
RT0001229,O00015120,2026-03-16,1,物流延迟,1030.66,物流,是
RT0001230,O00015127,2025-09-03,1,无理由退货,810.25,商品/运营,是
RT0001231,O00015130,2026-01-22,1,描述不符,1110.81,商品/运营,是
RT0001232,O00015131,2026-06-07,1,质量问题,367.78,商品/运营,是
RT0001233,O00015154,2025-09-29,2,尺寸/适配问题,334.13,商品/运营,是
RT0001234,O00015155,2026-03-13,2,物流延迟,4149.09,物流,否
RT0001235,O00015157,2026-06-30,1,物流延迟,522.38,物流,否
RT0001236,O00015158,2025-12-04,1,无理由退货,2254.44,商品/运营,是
RT0001237,O00015163,2026-04-14,1,尺寸/适配问题,1293.97,商品/运营,是
RT0001238,O00015166,2025-10-15,1,商品破损,497.3,物流,否
RT0001239,O00015206,2026-05-01,1,质量问题,581.25,商品/运营,否
RT0001240,O00015208,2025-10-09,2,物流延迟,3088.79,物流,否
RT0001241,O00015224,2025-12-23,1,描述不符,1000.42,商品/运营,是
RT0001242,O00015226,2026-04-01,1,质量问题,721.61,商品/运营,是
RT0001243,O00015245,2026-02-08,2,无理由退货,3617.61,商品/运营,否
RT0001244,O00015253,2025-12-21,6,质量问题,4891.0,商品/运营,是
RT0001245,O00015258,2025-11-25,1,尺寸/适配问题,1099.55,商品/运营,是
RT0001246,O00015267,2025-12-12,1,物流延迟,508.82,物流,是
RT0001247,O00015273,2026-01-16,3,物流延迟,1712.32,物流,是
RT0001248,O00015274,2026-04-23,1,商品破损,866.72,物流,否
RT0001249,O00015303,2026-05-29,8,无理由退货,4274.56,商品/运营,否
RT0001250,O00015332,2026-03-14,1,商品破损,908.56,物流,否
RT0001251,O00015334,2026-05-01,1,无理由退货,522.51,商品/运营,是
RT0001252,O00015340,2026-01-02,1,无理由退货,1738.17,商品/运营,是
RT0001253,O00015354,2026-06-26,3,描述不符,1251.65,商品/运营,是
RT0001254,O00015381,2026-03-28,1,质量问题,434.73,商品/运营,否
RT0001255,O00015386,2026-07-12,1,物流延迟,1469.76,物流,是
RT0001256,O00015403,2026-07-10,3,无理由退货,5961.29,商品/运营,否
RT0001257,O00015408,2025-09-25,1,物流延迟,129.44,物流,是
RT0001258,O00015416,2026-04-23,2,物流延迟,1760.65,物流,是
RT0001259,O00015417,2026-07-26,1,物流延迟,461.49,物流,是
RT0001260,O00015420,2026-05-13,1,物流延迟,1507.17,物流,是
RT0001261,O00015455,2026-06-01,2,物流延迟,2605.18,物流,是
RT0001262,O00015467,2025-09-09,1,物流延迟,534.12,物流,是
RT0001263,O00015469,2026-02-28,1,物流延迟,1462.65,物流,是
RT0001264,O00015497,2026-03-27,2,商品破损,925.31,物流,否
RT0001265,O00015498,2026-05-13,1,无理由退货,874.53,商品/运营,否
RT0001266,O00015503,2025-10-24,4,物流延迟,3828.27,物流,否
RT0001267,O00015526,2026-05-06,3,无理由退货,828.72,商品/运营,是
RT0001268,O00015529,2025-08-09,2,商品破损,4791.86,物流,是
RT0001269,O00015544,2025-11-19,2,物流延迟,1247.6,物流,否
RT0001270,O00015547,2026-03-09,1,商品破损,961.72,物流,是
RT0001271,O00015559,2026-05-08,1,无理由退货,1015.78,商品/运营,是
RT0001272,O00015569,2025-11-22,1,质量问题,1111.26,商品/运营,否
RT0001273,O00015573,2026-02-08,1,质量问题,667.9,商品/运营,否
RT0001274,O00015587,2026-06-25,3,物流延迟,714.89,物流,是
RT0001275,O00015597,2026-05-29,1,商品破损,728.64,物流,否
RT0001276,O00015626,2026-04-18,1,尺寸/适配问题,422.27,商品/运营,是
RT0001277,O00015643,2025-12-18,1,质量问题,1079.87,商品/运营,否
RT0001278,O00015663,2026-07-12,1,质量问题,1536.96,商品/运营,是
RT0001279,O00015672,2026-04-18,1,物流延迟,784.36,物流,否
RT0001280,O00015718,2026-01-05,2,描述不符,4302.11,商品/运营,否
RT0001281,O00015740,2026-04-29,2,商品破损,844.54,物流,是
RT0001282,O00015742,2025-12-05,1,商品破损,2819.05,物流,否
RT0001283,O00015776,2026-01-16,1,无理由退货,879.07,商品/运营,是
RT0001284,O00015788,2025-12-22,1,物流延迟,555.4,物流,是
RT0001285,O00015789,2025-08-14,1,物流延迟,1049.63,物流,否
RT0001286,O00015795,2026-03-21,1,尺寸/适配问题,2370.59,商品/运营,是
RT0001287,O00015799,2026-05-23,1,质量问题,1758.17,商品/运营,是
RT0001288,O00015804,2025-12-05,3,质量问题,5570.18,商品/运营,是
RT0001289,O00015853,2026-06-26,1,物流延迟,596.81,物流,是
RT0001290,O00015857,2025-12-21,2,物流延迟,536.17,物流,是
RT0001291,O00015874,2026-04-30,2,物流延迟,2353.22,物流,是
RT0001292,O00015875,2026-02-26,1,物流延迟,1066.5,物流,否
RT0001293,O00015889,2025-10-11,1,尺寸/适配问题,825.95,商品/运营,是
RT0001294,O00015899,2025-12-16,1,尺寸/适配问题,626.15,商品/运营,是
RT0001295,O00015902,2025-11-28,2,物流延迟,2152.75,物流,是
RT0001296,O00015929,2026-07-11,1,描述不符,1492.07,商品/运营,是
RT0001297,O00015930,2026-02-08,2,商品破损,5202.68,物流,是
RT0001298,O00015940,2026-06-20,4,商品破损,3201.34,物流,是
RT0001299,O00015962,2026-05-14,1,物流延迟,202.91,物流,是
RT0001300,O00015971,2025-12-11,1,商品破损,445.6,物流,是
RT0001301,O00015974,2025-10-17,1,质量问题,1106.28,商品/运营,是
RT0001302,O00015999,2026-01-20,1,质量问题,655.99,商品/运营,是
RT0001303,O00016035,2025-09-17,1,物流延迟,1242.75,物流,是
RT0001304,O00016038,2026-07-07,3,描述不符,2307.17,商品/运营,是
RT0001305,O00016049,2026-04-16,1,物流延迟,592.99,物流,是
RT0001306,O00016056,2025-10-28,1,无理由退货,1089.29,商品/运营,否
RT0001307,O00016089,2026-07-04,3,物流延迟,1094.06,物流,是
RT0001308,O00016091,2026-07-26,1,描述不符,1153.08,商品/运营,否
RT0001309,O00016101,2025-12-25,1,描述不符,477.02,商品/运营,是
RT0001310,O00016114,2025-10-18,1,描述不符,1385.67,商品/运营,是
RT0001311,O00016119,2025-11-14,3,商品破损,4372.03,物流,否
RT0001312,O00016120,2026-05-09,1,物流延迟,1591.08,物流,否
RT0001313,O00016146,2025-12-17,1,尺寸/适配问题,277.99,商品/运营,是
RT0001314,O00016171,2026-04-29,4,描述不符,769.89,商品/运营,是
RT0001315,O00016172,2026-03-16,3,物流延迟,2186.24,物流,是
RT0001316,O00016177,2026-05-31,1,描述不符,1305.89,商品/运营,是
RT0001317,O00016178,2026-01-22,3,商品破损,6275.04,物流,否
RT0001318,O00016179,2026-01-12,1,质量问题,1123.96,商品/运营,否
RT0001319,O00016186,2026-07-25,1,无理由退货,1539.63,商品/运营,是
RT0001320,O00016201,2025-12-30,2,商品破损,992.52,物流,否
RT0001321,O00016208,2026-06-05,4,无理由退货,1968.81,商品/运营,是
RT0001322,O00016216,2025-12-31,2,商品破损,3119.42,物流,是
RT0001323,O00016217,2025-10-26,1,物流延迟,310.21,物流,否
RT0001324,O00016229,2026-02-05,5,物流延迟,4554.04,物流,否
RT0001325,O00016253,2026-04-25,4,商品破损,1104.85,物流,是
RT0001326,O00016254,2026-07-09,1,物流延迟,709.79,物流,是
RT0001327,O00016263,2026-05-07,2,商品破损,591.75,物流,是
RT0001328,O00016281,2025-08-27,5,物流延迟,3278.4,物流,是
RT0001329,O00016284,2026-03-18,2,无理由退货,1627.21,商品/运营,是
RT0001330,O00016287,2025-12-16,2,无理由退货,3208.68,商品/运营,是
RT0001331,O00016288,2025-12-02,1,无理由退货,1202.48,商品/运营,否
RT0001332,O00016308,2026-02-20,2,物流延迟,923.88,物流,是
RT0001333,O00016311,2025-12-26,1,物流延迟,1066.31,物流,是
RT0001334,O00016337,2026-03-01,3,质量问题,2633.88,商品/运营,是
RT0001335,O00016364,2025-10-22,1,无理由退货,884.78,商品/运营,否
RT0001336,O00016368,2026-08-07,1,物流延迟,101.55,物流,否
RT0001337,O00016380,2026-06-02,1,物流延迟,518.1,物流,是
RT0001338,O00016386,2026-02-10,1,尺寸/适配问题,622.95,商品/运营,是
RT0001339,O00016396,2025-10-01,2,质量问题,1710.72,商品/运营,是
RT0001340,O00016409,2025-09-29,2,物流延迟,2132.99,物流,是
RT0001341,O00016424,2026-07-21,1,质量问题,877.51,商品/运营,是
RT0001342,O00016429,2026-04-19,1,物流延迟,1621.66,物流,否
RT0001343,O00016445,2025-12-25,2,尺寸/适配问题,2749.57,商品/运营,否
RT0001344,O00016456,2026-01-15,1,物流延迟,698.32,物流,是
RT0001345,O00016465,2025-11-26,1,物流延迟,676.3,物流,是
RT0001346,O00016469,2026-04-11,3,商品破损,5733.52,物流,否
RT0001347,O00016480,2025-11-04,1,尺寸/适配问题,1823.06,商品/运营,否
RT0001348,O00016485,2026-03-21,1,描述不符,542.9,商品/运营,是
RT0001349,O00016494,2026-06-28,2,物流延迟,2840.14,物流,否
RT0001350,O00016501,2026-05-02,1,质量问题,221.38,商品/运营,是
RT0001351,O00016504,2026-05-08,2,物流延迟,983.52,物流,否
RT0001352,O00016534,2026-05-22,6,商品破损,4083.6,物流,否
RT0001353,O00016543,2026-03-01,1,物流延迟,764.63,物流,是
RT0001354,O00016548,2025-10-03,1,质量问题,194.01,商品/运营,是
RT0001355,O00016557,2025-10-05,1,商品破损,1453.47,物流,否
RT0001356,O00016602,2026-04-17,3,物流延迟,8366.79,物流,是
RT0001357,O00016616,2026-05-05,1,尺寸/适配问题,911.84,商品/运营,是
RT0001358,O00016621,2025-12-24,1,质量问题,272.19,商品/运营,是
RT0001359,O00016630,2025-12-20,2,尺寸/适配问题,1051.57,商品/运营,是
RT0001360,O00016670,2025-10-16,1,描述不符,485.25,商品/运营,否
RT0001361,O00016672,2026-01-18,1,质量问题,2551.34,商品/运营,是
RT0001362,O00016709,2025-08-19,1,尺寸/适配问题,1162.86,商品/运营,否
RT0001363,O00016726,2026-07-09,1,商品破损,1467.19,物流,是
RT0001364,O00016733,2025-12-28,2,物流延迟,3145.66,物流,是
RT0001365,O00016738,2026-03-08,3,物流延迟,3182.28,物流,是
RT0001366,O00016739,2026-03-27,1,尺寸/适配问题,2028.71,商品/运营,是
RT0001367,O00016751,2026-06-05,1,物流延迟,566.79,物流,是
RT0001368,O00016760,2026-06-20,1,物流延迟,1769.48,物流,否
RT0001369,O00016765,2026-04-22,1,无理由退货,970.03,商品/运营,否
RT0001370,O00016815,2026-04-11,1,商品破损,1569.61,物流,是
RT0001371,O00016816,2025-12-05,1,物流延迟,614.01,物流,否
RT0001372,O00016822,2026-02-16,1,描述不符,2137.97,商品/运营,否
RT0001373,O00016840,2026-02-03,1,无理由退货,680.6,商品/运营,是
RT0001374,O00016866,2026-02-21,2,无理由退货,1568.72,商品/运营,否
RT0001375,O00016876,2026-07-11,3,尺寸/适配问题,501.19,商品/运营,是
RT0001376,O00016892,2026-05-22,5,无理由退货,5470.43,商品/运营,是
RT0001377,O00016893,2026-05-28,4,物流延迟,2252.72,物流,是
RT0001378,O00016925,2026-04-30,3,物流延迟,3282.26,物流,是
RT0001379,O00016942,2026-05-19,2,商品破损,3012.35,物流,否
RT0001380,O00016948,2025-12-02,1,质量问题,1247.94,商品/运营,否
RT0001381,O00016967,2026-05-14,3,物流延迟,1677.14,物流,否
RT0001382,O00016972,2025-10-28,1,描述不符,2009.64,商品/运营,是
RT0001383,O00016983,2026-07-10,1,质量问题,1277.96,商品/运营,否
RT0001384,O00016986,2026-04-25,1,质量问题,295.19,商品/运营,是
RT0001385,O00016989,2025-11-09,3,物流延迟,4029.21,物流,是
RT0001386,O00016998,2026-04-21,3,无理由退货,6342.16,商品/运营,是
RT0001387,O00017024,2026-06-16,4,质量问题,2209.92,商品/运营,是
RT0001388,O00017033,2026-02-26,2,物流延迟,1251.17,物流,是
RT0001389,O00017040,2026-04-22,4,质量问题,1042.58,商品/运营,是
RT0001390,O00017051,2026-05-07,2,质量问题,535.6,商品/运营,是
RT0001391,O00017057,2025-10-05,2,尺寸/适配问题,2198.17,商品/运营,是
RT0001392,O00017066,2025-11-20,1,商品破损,110.38,物流,否
RT0001393,O00017070,2025-11-23,2,物流延迟,945.99,物流,否
RT0001394,O00017074,2026-03-05,2,描述不符,2147.47,商品/运营,是
RT0001395,O00017078,2026-05-29,2,质量问题,1961.26,商品/运营,是
RT0001396,O00017104,2026-03-21,2,描述不符,2129.18,商品/运营,是
RT0001397,O00017130,2026-03-31,1,描述不符,645.83,商品/运营,否
RT0001398,O00017134,2025-10-06,1,物流延迟,860.89,物流,是
RT0001399,O00017148,2026-03-19,2,质量问题,276.79,商品/运营,是
RT0001400,O00017159,2026-04-22,2,物流延迟,1414.04,物流,是
RT0001401,O00017170,2026-04-15,2,物流延迟,2406.51,物流,否
RT0001402,O00017210,2026-02-28,3,描述不符,6007.69,商品/运营,否
RT0001403,O00017218,2026-04-28,1,物流延迟,225.78,物流,是
RT0001404,O00017222,2026-05-28,1,商品破损,1524.12,物流,是
RT0001405,O00017228,2026-01-25,2,物流延迟,895.21,物流,否
RT0001406,O00017230,2025-09-24,3,无理由退货,722.06,商品/运营,是
RT0001407,O00017232,2026-04-02,4,物流延迟,3194.0,物流,是
RT0001408,O00017258,2025-11-26,2,质量问题,3155.11,商品/运营,否
RT0001409,O00017280,2026-03-01,5,尺寸/适配问题,6624.3,商品/运营,否
RT0001410,O00017282,2026-03-15,5,质量问题,5541.2,商品/运营,是
RT0001411,O00017296,2025-12-31,1,无理由退货,291.54,商品/运营,是
RT0001412,O00017312,2026-01-15,3,无理由退货,4538.54,商品/运营,是
RT0001413,O00017323,2026-01-06,2,质量问题,3210.32,商品/运营,是
RT0001414,O00017328,2026-01-04,2,物流延迟,482.04,物流,是
RT0001415,O00017361,2025-08-20,3,描述不符,4774.86,商品/运营,是
RT0001416,O00017412,2026-03-29,3,商品破损,1878.86,物流,否
RT0001417,O00017417,2026-07-29,1,描述不符,486.27,商品/运营,是
RT0001418,O00017423,2025-12-01,1,描述不符,378.76,商品/运营,是
RT0001419,O00017435,2025-09-08,1,尺寸/适配问题,2235.13,商品/运营,否
RT0001420,O00017439,2025-12-05,1,尺寸/适配问题,820.59,商品/运营,否
RT0001421,O00017461,2026-02-23,1,质量问题,198.75,商品/运营,是
RT0001422,O00017471,2025-10-14,1,质量问题,1165.49,商品/运营,是
RT0001423,O00017476,2026-05-04,3,物流延迟,4067.01,物流,是
RT0001424,O00017477,2026-05-06,2,描述不符,1975.41,商品/运营,是
RT0001425,O00017485,2026-06-09,1,描述不符,869.94,商品/运营,否
RT0001426,O00017500,2026-03-08,6,物流延迟,12105.55,物流,是
RT0001427,O00017516,2025-11-18,1,尺寸/适配问题,1090.18,商品/运营,是
RT0001428,O00017523,2026-08-03,1,商品破损,115.63,物流,否
RT0001429,O00017530,2025-12-03,1,物流延迟,398.81,物流,否
RT0001430,O00017534,2026-01-12,1,质量问题,977.32,商品/运营,是
RT0001431,O00017541,2026-06-13,6,无理由退货,1283.36,商品/运营,是
RT0001432,O00017557,2026-02-09,2,质量问题,2071.47,商品/运营,是
RT0001433,O00017560,2025-09-28,1,质量问题,1838.04,商品/运营,是
RT0001434,O00017562,2025-10-19,2,物流延迟,627.06,物流,是
RT0001435,O00017571,2025-10-22,1,物流延迟,157.12,物流,是
RT0001436,O00017590,2026-07-06,1,尺寸/适配问题,2060.28,商品/运营,否
RT0001437,O00017594,2026-06-12,1,商品破损,1040.29,物流,否
RT0001438,O00017605,2025-10-11,1,物流延迟,1402.27,物流,是
RT0001439,O00017619,2026-05-19,1,物流延迟,579.83,物流,是
RT0001440,O00017646,2026-04-30,1,物流延迟,2147.03,物流,否
RT0001441,O00017651,2025-11-21,3,描述不符,3210.06,商品/运营,是
RT0001442,O00017675,2026-07-13,1,质量问题,1733.01,商品/运营,否
RT0001443,O00017682,2026-06-27,1,描述不符,1605.17,商品/运营,否
RT0001444,O00017686,2026-07-30,2,质量问题,1935.78,商品/运营,是
RT0001445,O00017692,2025-11-15,1,物流延迟,580.57,物流,否
RT0001446,O00017694,2026-07-12,3,描述不符,5898.27,商品/运营,是
RT0001447,O00017698,2026-01-15,1,物流延迟,2225.07,物流,否
RT0001448,O00017717,2026-02-19,2,质量问题,3980.52,商品/运营,是
RT0001449,O00017728,2025-09-19,1,描述不符,707.93,商品/运营,否
RT0001450,O00017738,2026-07-10,1,无理由退货,961.72,商品/运营,是
RT0001451,O00017744,2026-06-21,1,物流延迟,284.08,物流,是
RT0001452,O00017745,2025-10-29,1,质量问题,2211.14,商品/运营,是
RT0001453,O00017789,2025-11-27,2,质量问题,220.76,商品/运营,否
RT0001454,O00017795,2026-05-25,1,无理由退货,1263.22,商品/运营,是
RT0001455,O00017798,2025-11-14,3,尺寸/适配问题,1961.28,商品/运营,是
RT0001456,O00017819,2025-10-22,5,质量问题,3089.96,商品/运营,否
RT0001457,O00017820,2025-11-10,1,描述不符,2690.21,商品/运营,是
RT0001458,O00017856,2025-11-27,1,无理由退货,453.24,商品/运营,否
RT0001459,O00017860,2025-12-15,2,尺寸/适配问题,1933.19,商品/运营,否
RT0001460,O00017886,2025-11-30,3,物流延迟,2382.84,物流,是
RT0001461,O00017893,2026-01-10,2,尺寸/适配问题,1664.46,商品/运营,是
RT0001462,O00017917,2025-08-20,1,物流延迟,1777.69,物流,是
RT0001463,O00017944,2026-04-19,1,质量问题,2377.09,商品/运营,是
RT0001464,O00017968,2026-02-21,6,物流延迟,10095.19,物流,是
RT0001465,O00017973,2026-06-13,2,质量问题,2724.24,商品/运营,是
RT0001466,O00017992,2026-05-10,4,质量问题,4464.69,商品/运营,是
RT0001467,O00017995,2025-11-12,2,质量问题,400.22,商品/运营,是
RT0001468,O00017997,2026-03-01,2,物流延迟,3625.16,物流,否
RT0001469,O00018011,2025-10-12,4,尺寸/适配问题,2311.55,商品/运营,是
RT0001470,O00018013,2026-07-29,1,描述不符,1071.15,商品/运营,是
RT0001471,O00018019,2026-02-26,2,商品破损,1130.7,物流,是
RT0001472,O00018025,2025-12-27,1,描述不符,377.01,商品/运营,否
RT0001473,O00018035,2025-12-09,2,物流延迟,2346.86,物流,是
RT0001474,O00018045,2025-09-15,1,质量问题,1482.18,商品/运营,是
RT0001475,O00018051,2025-12-05,2,物流延迟,251.39,物流,否
RT0001476,O00018064,2025-11-10,3,描述不符,6551.19,商品/运营,是
RT0001477,O00018070,2026-02-19,4,无理由退货,3915.08,商品/运营,是
RT0001478,O00018093,2025-08-14,1,物流延迟,1807.19,物流,是
RT0001479,O00018106,2026-06-03,2,物流延迟,2247.3,物流,是
RT0001480,O00018114,2026-01-08,5,物流延迟,4258.31,物流,否
RT0001481,O00018123,2026-03-09,1,商品破损,1206.53,物流,否
RT0001482,O00018166,2025-11-09,3,物流延迟,4380.8,物流,是
RT0001483,O00018174,2026-01-04,1,物流延迟,1268.23,物流,是
RT0001484,O00018177,2026-01-15,1,商品破损,2031.54,物流,是
RT0001485,O00018180,2026-03-27,4,物流延迟,1183.51,物流,否
RT0001486,O00018189,2025-12-27,1,尺寸/适配问题,911.84,商品/运营,是
RT0001487,O00018193,2026-07-23,1,商品破损,1524.12,物流,是
RT0001488,O00018221,2025-12-20,1,商品破损,1594.76,物流,是
RT0001489,O00018237,2026-01-05,1,尺寸/适配问题,1488.42,商品/运营,是
RT0001490,O00018288,2025-10-28,2,物流延迟,5380.42,物流,是
RT0001491,O00018302,2026-08-04,1,尺寸/适配问题,2067.8,商品/运营,是
RT0001492,O00018316,2026-03-04,2,尺寸/适配问题,1251.17,商品/运营,否
RT0001493,O00018319,2026-06-02,1,物流延迟,535.05,物流,否
RT0001494,O00018323,2026-04-29,1,尺寸/适配问题,1141.75,商品/运营,是
RT0001495,O00018333,2025-10-28,1,无理由退货,912.09,商品/运营,是
RT0001496,O00018341,2025-10-07,6,物流延迟,10748.96,物流,是
RT0001497,O00018342,2025-09-05,1,无理由退货,726.4,商品/运营,是
RT0001498,O00018362,2026-07-05,1,描述不符,533.92,商品/运营,否
RT0001499,O00018366,2025-10-15,1,描述不符,1374.21,商品/运营,是
RT0001500,O00018369,2026-01-13,3,无理由退货,4078.3,商品/运营,否
RT0001501,O00018373,2026-06-23,2,质量问题,1505.19,商品/运营,是
RT0001502,O00018392,2025-11-24,2,商品破损,312.32,物流,是
RT0001503,O00018414,2025-11-22,2,物流延迟,3132.14,物流,是
RT0001504,O00018438,2026-07-18,1,尺寸/适配问题,866.75,商品/运营,是
RT0001505,O00018446,2025-08-28,2,无理由退货,1123.11,商品/运营,否
RT0001506,O00018449,2026-07-05,2,无理由退货,361.1,商品/运营,是
RT0001507,O00018478,2026-04-09,1,无理由退货,2980.18,商品/运营,是
RT0001508,O00018482,2026-06-03,1,物流延迟,208.56,物流,是
RT0001509,O00018485,2025-11-16,5,商品破损,4948.44,物流,是
RT0001510,O00018526,2025-09-17,1,描述不符,155.55,商品/运营,是
RT0001511,O00018529,2026-03-23,1,物流延迟,621.59,物流,否
RT0001512,O00018537,2026-01-15,1,物流延迟,150.64,物流,否
RT0001513,O00018554,2025-12-04,5,物流延迟,4072.6,物流,否
RT0001514,O00018556,2026-08-07,3,质量问题,5757.03,商品/运营,是
RT0001515,O00018564,2026-03-30,4,物流延迟,1334.04,物流,是
RT0001516,O00018578,2026-04-24,1,尺寸/适配问题,577.71,商品/运营,是
RT0001517,O00018579,2026-04-20,3,描述不符,7033.11,商品/运营,是
RT0001518,O00018595,2026-02-10,1,商品破损,1594.13,物流,否
RT0001519,O00018597,2026-04-10,2,商品破损,1707.76,物流,是
RT0001520,O00018600,2026-06-02,3,描述不符,1279.85,商品/运营,是
RT0001521,O00018625,2025-10-19,1,物流延迟,943.81,物流,是
RT0001522,O00018635,2026-03-25,2,物流延迟,4754.18,物流,是
RT0001523,O00018672,2026-03-13,1,无理由退货,1355.39,商品/运营,是
RT0001524,O00018677,2026-04-28,1,尺寸/适配问题,1402.02,商品/运营,是
RT0001525,O00018682,2025-08-14,1,无理由退货,1492.07,商品/运营,是
RT0001526,O00018699,2026-06-25,1,描述不符,1494.81,商品/运营,是
RT0001527,O00018715,2026-07-16,2,无理由退货,513.38,商品/运营,是
RT0001528,O00018720,2026-07-10,3,商品破损,2814.57,物流,是
RT0001529,O00018721,2025-12-07,6,描述不符,755.09,商品/运营,否
RT0001530,O00018722,2025-10-24,2,物流延迟,2778.14,物流,是
RT0001531,O00018739,2025-12-08,2,尺寸/适配问题,1099.23,商品/运营,是
RT0001532,O00018745,2025-10-01,1,物流延迟,506.86,物流,是
RT0001533,O00018757,2026-05-09,1,无理由退货,506.86,商品/运营,是
RT0001534,O00018760,2026-07-13,2,商品破损,1827.27,物流,是
RT0001535,O00018791,2026-05-05,2,无理由退货,227.78,商品/运营,否
RT0001536,O00018801,2025-12-21,2,商品破损,3559.64,物流,否
RT0001537,O00018811,2026-06-19,5,无理由退货,2360.51,商品/运营,是
RT0001538,O00018831,2026-03-21,2,描述不符,3302.52,商品/运营,否
RT0001539,O00018833,2026-03-18,1,描述不符,1968.01,商品/运营,是
RT0001540,O00018834,2026-07-29,3,商品破损,1628.71,物流,是
RT0001541,O00018840,2025-10-30,1,尺寸/适配问题,2453.23,商品/运营,是
RT0001542,O00018863,2025-09-18,1,物流延迟,491.76,物流,否
RT0001543,O00018891,2025-12-23,2,描述不符,853.23,商品/运营,否
RT0001544,O00018898,2026-05-17,4,商品破损,7606.69,物流,是
RT0001545,O00018899,2026-01-14,6,商品破损,11647.59,物流,是
RT0001546,O00018903,2026-03-12,2,描述不符,2212.57,商品/运营,是
RT0001547,O00018910,2025-08-25,1,质量问题,113.89,商品/运营,是
RT0001548,O00018914,2025-08-06,1,尺寸/适配问题,734.62,商品/运营,是
RT0001549,O00018923,2026-01-18,1,商品破损,635.54,物流,是
RT0001550,O00018932,2026-03-18,3,无理由退货,3600.27,商品/运营,是
RT0001551,O00018941,2026-05-19,1,无理由退货,128.12,商品/运营,否
RT0001552,O00018944,2025-08-27,2,物流延迟,2232.35,物流,否
RT0001553,O00018950,2025-09-12,4,描述不符,4832.69,商品/运营,是
RT0001554,O00018954,2026-04-11,2,尺寸/适配问题,808.33,商品/运营,是
RT0001555,O00018971,2025-11-06,1,无理由退货,302.16,商品/运营,是
RT0001556,O00018987,2026-02-23,2,尺寸/适配问题,2546.59,商品/运营,否
RT0001557,O00018991,2026-03-25,1,物流延迟,267.49,物流,是
RT0001558,O00018995,2026-02-26,1,商品破损,781.62,物流,是
RT0001559,O00018998,2025-09-25,1,商品破损,808.87,物流,是
RT0001560,O00019001,2026-04-26,2,尺寸/适配问题,314.24,商品/运营,是
RT0001561,O00019005,2026-05-19,3,商品破损,953.87,物流,是
RT0001562,O00019020,2026-04-15,3,无理由退货,2936.31,商品/运营,否
RT0001563,O00019022,2026-03-01,3,尺寸/适配问题,3832.52,商品/运营,是
RT0001564,O00019024,2026-02-25,4,无理由退货,2534.85,商品/运营,否
RT0001565,O00019050,2026-07-21,1,商品破损,752.4,物流,是
RT0001566,O00019075,2026-02-08,1,物流延迟,526.55,物流,是
RT0001567,O00019079,2025-10-18,1,描述不符,237.66,商品/运营,是
RT0001568,O00019081,2026-04-30,3,商品破损,4039.38,物流,是
RT0001569,O00019085,2026-04-22,4,描述不符,7605.79,商品/运营,是
RT0001570,O00019108,2025-09-22,3,质量问题,1561.46,商品/运营,否
RT0001571,O00019112,2025-10-06,4,商品破损,3870.93,物流,是
RT0001572,O00019114,2025-10-02,1,描述不符,153.77,商品/运营,是
RT0001573,O00019132,2026-05-08,1,物流延迟,1404.56,物流,是
RT0001574,O00019167,2025-09-24,6,无理由退货,7680.58,商品/运营,是
RT0001575,O00019174,2026-05-02,3,物流延迟,3521.54,物流,否
RT0001576,O00019183,2026-01-19,2,尺寸/适配问题,292.8,商品/运营,是
RT0001577,O00019192,2025-11-21,1,质量问题,990.46,商品/运营,是
RT0001578,O00019227,2026-01-01,1,无理由退货,2544.02,商品/运营,是
RT0001579,O00019229,2025-09-02,2,质量问题,1351.28,商品/运营,是
RT0001580,O00019233,2025-11-24,1,尺寸/适配问题,1611.68,商品/运营,是
RT0001581,O00019234,2025-10-01,2,物流延迟,5151.54,物流,是
RT0001582,O00019237,2026-08-02,1,商品破损,136.13,物流,是
RT0001583,O00019242,2026-03-01,1,描述不符,1587.48,商品/运营,否
RT0001584,O00019250,2025-09-09,2,描述不符,2115.27,商品/运营,否
RT0001585,O00019257,2026-03-18,1,质量问题,397.19,商品/运营,是
RT0001586,O00019258,2026-03-22,1,质量问题,130.55,商品/运营,是
RT0001587,O00019259,2026-01-06,1,商品破损,481.77,物流,是
RT0001588,O00019260,2026-01-05,2,物流延迟,2406.51,物流,否
RT0001589,O00019261,2025-09-13,3,无理由退货,560.22,商品/运营,是
RT0001590,O00019280,2026-04-25,1,物流延迟,836.01,物流,是
RT0001591,O00019317,2026-03-15,1,物流延迟,1258.62,物流,是
RT0001592,O00019328,2025-11-19,3,无理由退货,4029.21,商品/运营,是
RT0001593,O00019367,2026-01-16,1,描述不符,1723.16,商品/运营,是
RT0001594,O00019373,2026-01-09,1,尺寸/适配问题,1919.01,商品/运营,是
RT0001595,O00019396,2025-12-03,1,质量问题,684.46,商品/运营,否
RT0001596,O00019397,2026-04-29,1,尺寸/适配问题,117.25,商品/运营,否
RT0001597,O00019400,2026-04-07,2,物流延迟,467.36,物流,是
RT0001598,O00019409,2026-02-09,2,尺寸/适配问题,232.42,商品/运营,是
RT0001599,O00019413,2025-10-07,3,无理由退货,1661.68,商品/运营,是
RT0001600,O00019418,2026-05-04,1,物流延迟,278.08,物流,是
RT0001601,O00019425,2025-09-28,1,物流延迟,520.12,物流,否
RT0001602,O00019427,2026-03-27,1,质量问题,1071.15,商品/运营,是
RT0001603,O00019433,2026-02-08,4,无理由退货,4051.24,商品/运营,否
RT0001604,O00019436,2025-08-23,5,描述不符,8178.45,商品/运营,是
RT0001605,O00019439,2026-04-18,1,描述不符,836.01,商品/运营,是
RT0001606,O00019442,2026-02-06,1,尺寸/适配问题,613.68,商品/运营,否
RT0001607,O00019450,2026-05-27,3,物流延迟,298.03,物流,是
RT0001608,O00019466,2025-10-20,2,物流延迟,1534.2,物流,否
RT0001609,O00019468,2026-05-05,1,无理由退货,1473.06,商品/运营,是
RT0001610,O00019469,2025-10-19,1,物流延迟,163.74,物流,是
RT0001611,O00019471,2026-01-10,3,无理由退货,1735.62,商品/运营,是
RT0001612,O00019537,2025-09-23,3,商品破损,2666.44,物流,是
RT0001613,O00019549,2026-07-12,3,商品破损,1043.35,物流,否
RT0001614,O00019552,2025-10-17,2,物流延迟,2414.8,物流,是
RT0001615,O00019572,2025-10-01,2,质量问题,1114.62,商品/运营,是
RT0001616,O00019579,2026-01-19,3,尺寸/适配问题,1342.82,商品/运营,是
RT0001617,O00019585,2026-05-24,1,物流延迟,985.46,物流,是
RT0001618,O00019602,2026-03-28,2,无理由退货,2969.17,商品/运营,是
RT0001619,O00019605,2026-06-30,1,物流延迟,226.3,物流,是
RT0001620,O00019622,2026-06-12,2,商品破损,1276.29,物流,否
RT0001621,O00019630,2026-01-25,1,物流延迟,2017.66,物流,是
RT0001622,O00019644,2026-05-27,6,商品破损,871.56,物流,是
RT0001623,O00019651,2025-09-18,4,无理由退货,3863.68,商品/运营,是
RT0001624,O00019672,2026-02-18,1,物流延迟,2729.72,物流,是
RT0001625,O00019675,2025-12-10,3,尺寸/适配问题,3382.83,商品/运营,是
RT0001626,O00019679,2025-10-20,2,质量问题,1148.07,商品/运营,是
RT0001627,O00019700,2026-05-20,3,尺寸/适配问题,2886.51,商品/运营,否
RT0001628,O00019710,2026-01-07,2,质量问题,3822.4,商品/运营,否
RT0001629,O00019711,2026-05-24,1,物流延迟,1269.31,物流,是
RT0001630,O00019721,2026-05-01,3,描述不符,3354.17,商品/运营,是
RT0001631,O00019741,2026-03-31,1,质量问题,732.88,商品/运营,是
RT0001632,O00019760,2026-07-27,1,物流延迟,709.05,物流,是
RT0001633,O00019780,2026-01-02,1,物流延迟,161.8,物流,是
RT0001634,O00019816,2026-04-05,3,质量问题,2200.59,商品/运营,是
RT0001635,O00019829,2026-07-29,2,物流延迟,284.72,物流,是
RT0001636,O00019833,2026-08-06,1,无理由退货,621.44,商品/运营,是
RT0001637,O00019842,2026-04-03,4,质量问题,2583.32,商品/运营,是
RT0001638,O00019843,2026-03-30,2,质量问题,2656.46,商品/运营,是
RT0001639,O00019849,2025-08-13,3,质量问题,2608.2,商品/运营,否
RT0001640,O00019850,2025-09-11,2,物流延迟,246.03,物流,是
RT0001641,O00019867,2025-10-01,1,尺寸/适配问题,1078.64,商品/运营,是
RT0001642,O00019902,2025-12-23,1,无理由退货,1110.36,商品/运营,否
RT0001643,O00019905,2025-12-22,1,无理由退货,837.44,商品/运营,否
RT0001644,O00019911,2025-10-12,1,质量问题,817.3,商品/运营,是
RT0001645,O00019919,2025-08-11,4,尺寸/适配问题,3193.72,商品/运营,否
RT0001646,O00019960,2026-04-19,2,商品破损,1048.21,物流,是
RT0001647,O00019963,2025-11-01,1,物流延迟,832.86,物流,是
RT0001648,O00019974,2026-08-05,3,物流延迟,1605.06,物流,是
RT0001649,O00019984,2026-06-23,1,尺寸/适配问题,1201.48,商品/运营,是
RT0001650,O00019989,2026-05-28,2,物流延迟,4768.29,物流,是
RT0001651,O00020023,2025-12-09,1,物流延迟,248.17,物流,否
RT0001652,O00020025,2026-06-26,2,商品破损,1651.89,物流,是
RT0001653,O00020082,2026-06-07,1,尺寸/适配问题,646.93,商品/运营,是
RT0001654,O00020097,2025-10-19,1,物流延迟,825.16,物流,是
RT0001655,O00020103,2026-02-09,4,无理由退货,2221.6,商品/运营,否
RT0001656,O00020130,2026-01-12,2,描述不符,3081.15,商品/运营,是
RT0001657,O00020134,2026-06-29,1,无理由退货,1682.73,商品/运营,是
RT0001658,O00020146,2026-01-22,1,商品破损,1066.31,物流,否
RT0001659,O00020157,2026-03-26,2,质量问题,2038.54,商品/运营,是
RT0001660,O00020164,2026-04-10,2,质量问题,2588.03,商品/运营,否
RT0001661,O00020182,2025-12-16,1,质量问题,235.75,商品/运营,是
RT0001662,O00020209,2026-01-02,1,尺寸/适配问题,646.93,商品/运营,否
RT0001663,O00020210,2026-02-26,1,描述不符,1333.12,商品/运营,是
RT0001664,O00020214,2026-07-19,2,商品破损,1091.23,物流,是
RT0001665,O00020216,2026-02-08,4,物流延迟,1353.43,物流,否
RT0001666,O00020226,2026-07-07,1,物流延迟,117.25,物流,是
RT0001667,O00020229,2025-12-28,1,物流延迟,187.88,物流,是
RT0001668,O00020285,2026-04-07,1,质量问题,625.47,商品/运营,是
RT0001669,O00020294,2026-03-08,3,质量问题,4633.18,商品/运营,是
RT0001670,O00020300,2026-03-29,3,物流延迟,1261.32,物流,是
RT0001671,O00020304,2026-05-27,1,尺寸/适配问题,707.02,商品/运营,否
RT0001672,O00020315,2026-04-26,1,无理由退货,404.16,商品/运营,是
RT0001673,O00020320,2026-06-16,1,商品破损,477.02,物流,是
RT0001674,O00020326,2026-04-21,1,物流延迟,282.99,物流,是
RT0001675,O00020352,2025-12-20,2,尺寸/适配问题,3076.76,商品/运营,是
RT0001676,O00020373,2026-05-31,2,商品破损,1042.89,物流,是
RT0001677,O00020378,2026-05-22,2,质量问题,1865.04,商品/运营,否
RT0001678,O00020381,2025-08-16,1,商品破损,188.29,物流,是
RT0001679,O00020395,2026-02-19,2,无理由退货,1235.98,商品/运营,是
RT0001680,O00020397,2025-11-14,5,物流延迟,10486.9,物流,是
RT0001681,O00020405,2025-12-31,2,商品破损,4450.14,物流,是
RT0001682,O00020416,2026-07-27,3,质量问题,3085.11,商品/运营,是
RT0001683,O00020436,2025-12-02,1,物流延迟,254.69,物流,是
RT0001684,O00020437,2025-12-05,2,描述不符,1152.46,商品/运营,否
RT0001685,O00020441,2026-06-12,1,描述不符,1594.13,商品/运营,是
RT0001686,O00020442,2026-05-18,1,物流延迟,2690.21,物流,是
RT0001687,O00020451,2026-06-13,1,无理由退货,762.38,商品/运营,是
RT0001688,O00020479,2025-09-04,1,质量问题,475.9,商品/运营,是
RT0001689,O00020481,2025-12-26,1,物流延迟,1359.43,物流,是
RT0001690,O00020488,2026-01-10,2,物流延迟,2973.75,物流,是
RT0001691,O00020502,2026-02-24,1,质量问题,1573.04,商品/运营,否
RT0001692,O00020505,2025-12-25,1,物流延迟,1755.87,物流,是
RT0001693,O00020527,2025-10-05,1,尺寸/适配问题,911.71,商品/运营,是
RT0001694,O00020550,2025-10-02,1,描述不符,1780.76,商品/运营,否
RT0001695,O00020572,2025-12-01,1,质量问题,469.19,商品/运营,是
RT0001696,O00020587,2026-02-04,1,商品破损,931.79,物流,是
RT0001697,O00020589,2025-10-25,1,无理由退货,225.69,商品/运营,是
RT0001698,O00020592,2026-07-14,1,物流延迟,209.21,物流,是
RT0001699,O00020612,2026-03-10,2,质量问题,2025.62,商品/运营,否
RT0001700,O00020632,2026-03-04,2,尺寸/适配问题,954.04,商品/运营,是
RT0001701,O00020643,2025-11-02,2,质量问题,3610.43,商品/运营,是
RT0001702,O00020674,2025-11-15,4,尺寸/适配问题,2936.31,商品/运营,是
RT0001703,O00020681,2026-05-30,1,物流延迟,2682.16,物流,否
RT0001704,O00020698,2026-05-18,2,尺寸/适配问题,2453.53,商品/运营,是
RT0001705,O00020699,2025-12-21,5,描述不符,6813.07,商品/运营,否
RT0001706,O00020706,2025-11-30,1,商品破损,711.9,物流,是
RT0001707,O00020714,2025-10-30,3,物流延迟,3034.76,物流,是
RT0001708,O00020720,2026-03-09,2,物流延迟,2123.03,物流,是
RT0001709,O00020723,2025-12-06,2,物流延迟,2607.26,物流,是
RT0001710,O00020731,2026-02-14,1,商品破损,1334.33,物流,是
RT0001711,O00020742,2026-03-19,1,尺寸/适配问题,1012.81,商品/运营,是
RT0001712,O00020743,2026-05-03,1,物流延迟,1040.29,物流,是
RT0001713,O00020756,2026-08-08,2,描述不符,266.89,商品/运营,否
RT0001714,O00020758,2025-10-30,1,质量问题,521.45,商品/运营,否
RT0001715,O00020762,2026-03-11,1,无理由退货,627.68,商品/运营,否
RT0001716,O00020769,2026-07-27,1,尺寸/适配问题,195.2,商品/运营,是
RT0001717,O00020782,2025-10-07,2,描述不符,1340.84,商品/运营,是
RT0001718,O00020783,2025-12-19,1,物流延迟,903.85,物流,是
RT0001719,O00020801,2025-09-27,1,描述不符,500.66,商品/运营,是
RT0001720,O00020810,2026-04-18,1,质量问题,2604.55,商品/运营,否
RT0001721,O00020812,2025-12-05,2,质量问题,604.32,商品/运营,是
RT0001722,O00020827,2026-04-04,1,质量问题,1678.69,商品/运营,是
RT0001723,O00020829,2025-10-14,2,尺寸/适配问题,1797.2,商品/运营,否
RT0001724,O00020848,2025-11-02,2,物流延迟,1311.98,物流,否
RT0001725,O00020849,2025-10-17,2,物流延迟,2907.16,物流,否
RT0001726,O00020863,2026-06-06,1,物流延迟,887.91,物流,是
RT0001727,O00020871,2026-06-23,2,物流延迟,2232.78,物流,是
RT0001728,O00020872,2026-04-24,1,无理由退货,1565.13,商品/运营,否
RT0001729,O00020882,2025-08-12,2,物流延迟,797.62,物流,是
RT0001730,O00020886,2026-02-15,3,物流延迟,4917.73,物流,是
RT0001731,O00020897,2025-12-25,1,物流延迟,2414.79,物流,否
RT0001732,O00020914,2025-12-08,1,描述不符,300.86,商品/运营,是
RT0001733,O00020937,2025-09-07,1,物流延迟,686.77,物流,是
RT0001734,O00020948,2025-08-26,2,物流延迟,324.54,物流,是
RT0001735,O00020954,2026-07-03,2,商品破损,4415.81,物流,是
RT0001736,O00020961,2026-07-29,2,质量问题,2845.22,商品/运营,否
RT0001737,O00020971,2026-03-17,2,物流延迟,1287.11,物流,是
RT0001738,O00020973,2026-03-28,2,物流延迟,1139.04,物流,否
RT0001739,O00020991,2025-12-24,2,商品破损,1786.54,物流,是
RT0001740,O00021014,2025-12-06,1,描述不符,141.41,商品/运营,是
RT0001741,O00021020,2025-11-21,2,物流延迟,1445.96,物流,是
RT0001742,O00021028,2026-01-04,2,无理由退货,1979.19,商品/运营,是
RT0001743,O00021050,2026-06-28,1,描述不符,565.35,商品/运营,是
RT0001744,O00021055,2025-11-21,1,商品破损,1202.48,物流,是
RT0001745,O00021063,2026-04-23,1,物流延迟,1678.03,物流,是
RT0001746,O00021066,2026-04-03,1,物流延迟,522.38,物流,是
RT0001747,O00021075,2026-04-04,1,无理由退货,549.07,商品/运营,是
RT0001748,O00021082,2026-02-12,1,商品破损,152.44,物流,否
RT0001749,O00021111,2026-02-21,2,质量问题,3081.39,商品/运营,是
RT0001750,O00021114,2026-04-04,4,物流延迟,4152.75,物流,是
RT0001751,O00021119,2025-09-26,5,描述不符,4113.53,商品/运营,否
RT0001752,O00021129,2026-06-14,2,描述不符,2399.62,商品/运营,否
RT0001753,O00021138,2025-09-18,2,尺寸/适配问题,2280.44,商品/运营,是
RT0001754,O00021170,2026-03-21,1,物流延迟,1206.53,物流,是
RT0001755,O00021171,2026-05-04,2,质量问题,1467.06,商品/运营,是
RT0001756,O00021175,2026-02-05,1,质量问题,913.25,商品/运营,否
RT0001757,O00021177,2026-02-18,2,物流延迟,5186.48,物流,是
RT0001758,O00021195,2026-01-14,1,质量问题,847.09,商品/运营,是
RT0001759,O00021238,2025-11-26,3,物流延迟,2583.56,物流,是
RT0001760,O00021246,2026-01-31,2,物流延迟,1163.58,物流,是
RT0001761,O00021256,2026-05-10,1,物流延迟,113.12,物流,否
RT0001762,O00021262,2025-08-09,3,尺寸/适配问题,1743.36,商品/运营,是
RT0001763,O00021267,2026-07-31,1,无理由退货,758.51,商品/运营,是
RT0001764,O00021286,2026-01-22,1,商品破损,156.91,物流,是
RT0001765,O00021307,2025-12-21,2,商品破损,2061.32,物流,是
RT0001766,O00021322,2025-12-30,1,质量问题,1013.43,商品/运营,是
RT0001767,O00021329,2026-07-23,2,无理由退货,376.58,商品/运营,是
RT0001768,O00021344,2026-03-26,1,质量问题,900.47,商品/运营,是
RT0001769,O00021358,2026-01-12,1,质量问题,344.56,商品/运营,否
RT0001770,O00021365,2026-04-30,1,无理由退货,734.62,商品/运营,否
RT0001771,O00021372,2025-12-21,3,商品破损,1347.21,物流,否
RT0001772,O00021373,2025-12-12,4,描述不符,3444.74,商品/运营,否
RT0001773,O00021378,2026-08-06,1,物流延迟,836.01,物流,是
RT0001774,O00021381,2025-12-22,1,质量问题,2682.16,商品/运营,是
RT0001775,O00021441,2026-01-29,3,物流延迟,2221.73,物流,否
RT0001776,O00021443,2026-07-01,4,商品破损,2032.1,物流,是
RT0001777,O00021477,2026-01-01,1,物流延迟,651.64,物流,是
RT0001778,O00021483,2025-09-24,1,描述不符,618.57,商品/运营,否
RT0001779,O00021485,2026-01-10,5,无理由退货,7167.0,商品/运营,否
RT0001780,O00021490,2026-07-18,4,物流延迟,2657.64,物流,是
RT0001781,O00021494,2026-02-06,1,质量问题,267.49,商品/运营,是
RT0001782,O00021511,2026-04-06,2,描述不符,3492.26,商品/运营,是
RT0001783,O00021521,2026-01-28,2,物流延迟,2725.26,物流,是
RT0001784,O00021523,2026-02-14,1,物流延迟,194.01,物流,是
RT0001785,O00021529,2026-05-05,1,无理由退货,1396.27,商品/运营,否
RT0001786,O00021532,2025-12-31,3,物流延迟,2127.15,物流,是
RT0001787,O00021533,2025-12-19,2,描述不符,1469.24,商品/运营,是
RT0001788,O00021565,2026-05-30,4,物流延迟,512.5,物流,是
RT0001789,O00021623,2026-06-01,4,物流延迟,7163.04,物流,是
RT0001790,O00021629,2026-06-12,4,物流延迟,674.16,物流,是
RT0001791,O00021639,2025-09-10,1,质量问题,1506.17,商品/运营,是
RT0001792,O00021651,2025-09-18,1,商品破损,1234.04,物流,是
RT0001793,O00021676,2025-12-06,2,质量问题,2193.86,商品/运营,是
RT0001794,O00021679,2025-10-21,2,物流延迟,826.62,物流,否
RT0001795,O00021734,2026-06-10,2,描述不符,2214.8,商品/运营,是
RT0001796,O00021747,2026-06-08,3,物流延迟,2980.93,物流,否
RT0001797,O00021753,2026-07-07,1,物流延迟,803.25,物流,否
RT0001798,O00021777,2026-06-19,1,商品破损,1443.91,物流,是
RT0001799,O00021780,2025-11-25,2,质量问题,2856.61,商品/运营,是
RT0001800,O00021795,2025-11-10,3,商品破损,7372.38,物流,否
RT0001801,O00021809,2025-11-08,2,描述不符,616.27,商品/运营,是
RT0001802,O00021825,2026-02-07,2,无理由退货,1882.9,商品/运营,是
RT0001803,O00021841,2026-07-05,2,质量问题,914.75,商品/运营,是
RT0001804,O00021849,2026-01-08,1,尺寸/适配问题,614.01,商品/运营,是
RT0001805,O00021850,2026-04-10,2,物流延迟,3894.04,物流,否
RT0001806,O00021857,2025-10-11,2,物流延迟,2391.94,物流,否
RT0001807,O00021859,2026-07-08,2,尺寸/适配问题,2944.24,商品/运营,是
RT0001808,O00021867,2026-03-05,1,物流延迟,472.44,物流,是
RT0001809,O00021876,2026-02-08,3,质量问题,2140.68,商品/运营,否
RT0001810,O00021880,2026-01-23,3,质量问题,642.72,商品/运营,是
RT0001811,O00021883,2025-12-30,1,无理由退货,713.03,商品/运营,否
RT0001812,O00021907,2026-01-04,1,无理由退货,891.95,商品/运营,是
RT0001813,O00021909,2026-04-28,1,尺寸/适配问题,1584.07,商品/运营,否
RT0001814,O00021914,2026-02-09,2,无理由退货,2157.83,商品/运营,否
RT0001815,O00021918,2025-10-25,5,物流延迟,7955.4,物流,是
RT0001816,O00021922,2025-10-22,3,质量问题,914.45,商品/运营,是
RT0001817,O00021923,2026-02-20,3,商品破损,461.13,物流,否
RT0001818,O00021929,2026-03-08,3,质量问题,2129.38,商品/运营,是
RT0001819,O00021931,2025-08-29,1,物流延迟,688.71,物流,否
RT0001820,O00021932,2026-04-14,1,物流延迟,250.27,物流,是
RT0001821,O00021942,2026-05-07,2,商品破损,570.79,物流,否
RT0001822,O00021945,2026-01-31,1,商品破损,283.16,物流,是
RT0001823,O00021952,2026-06-22,2,描述不符,945.38,商品/运营,是
RT0001824,O00021979,2026-06-07,2,无理由退货,2984.14,商品/运营,否
RT0001825,O00021990,2025-12-12,1,物流延迟,106.77,物流,是
RT0001826,O00021991,2026-04-26,3,无理由退货,2512.33,商品/运营,是
RT0001827,O00022002,2025-09-21,2,描述不符,2969.18,商品/运营,是
RT0001828,O00022020,2026-01-03,1,物流延迟,1345.33,物流,是
RT0001829,O00022031,2026-04-13,3,质量问题,5767.77,商品/运营,是
RT0001830,O00022034,2026-03-20,1,商品破损,1965.95,物流,否
RT0001831,O00022041,2025-12-19,1,质量问题,279.19,商品/运营,否
RT0001832,O00022062,2026-03-22,1,商品破损,656.72,物流,否
RT0001833,O00022080,2025-08-17,1,质量问题,256.69,商品/运营,否
RT0001834,O00022094,2025-12-07,2,质量问题,269.01,商品/运营,否
RT0001835,O00022107,2026-05-06,6,商品破损,3681.23,物流,是
RT0001836,O00022133,2025-11-27,1,无理由退货,729.36,商品/运营,是
RT0001837,O00022140,2026-06-28,1,物流延迟,225.69,物流,否
RT0001838,O00022146,2025-12-26,1,商品破损,1041.21,物流,否
RT0001839,O00022171,2026-07-20,6,物流延迟,7163.26,物流,是
RT0001840,O00022184,2025-08-21,1,无理由退货,435.28,商品/运营,否
RT0001841,O00022185,2026-01-07,3,质量问题,678.9,商品/运营,是
RT0001842,O00022188,2025-12-31,1,无理由退货,308.13,商品/运营,是
RT0001843,O00022192,2025-08-25,1,物流延迟,1175.15,物流,是
RT0001844,O00022194,2025-09-15,1,描述不符,149.26,商品/运营,是
RT0001845,O00022196,2026-04-21,2,无理由退货,2236.12,商品/运营,是
RT0001846,O00022207,2025-08-15,1,质量问题,721.61,商品/运营,是
RT0001847,O00022216,2026-01-28,1,物流延迟,417.98,物流,否
RT0001848,O00022250,2026-01-07,2,物流延迟,2705.75,物流,是
RT0001849,O00022265,2026-01-25,1,质量问题,255.83,商品/运营,是
RT0001850,O00022269,2026-04-20,1,无理由退货,1173.83,商品/运营,否
RT0001851,O00022292,2025-10-04,1,尺寸/适配问题,153.71,商品/运营,是
RT0001852,O00022294,2026-03-07,1,质量问题,1804.91,商品/运营,是
RT0001853,O00022309,2026-04-10,1,尺寸/适配问题,775.51,商品/运营,是
RT0001854,O00022331,2026-08-01,2,物流延迟,901.03,物流,是
RT0001855,O00022339,2025-10-26,2,无理由退货,617.56,商品/运营,否
RT0001856,O00022346,2025-09-30,2,无理由退货,2562.19,商品/运营,是
RT0001857,O00022349,2025-09-17,2,物流延迟,2772.82,物流,是
RT0001858,O00022352,2025-12-28,1,物流延迟,1110.83,物流,是
RT0001859,O00022355,2026-03-07,1,无理由退货,1134.73,商品/运营,是
RT0001860,O00022376,2026-05-26,1,质量问题,1345.98,商品/运营,是
RT0001861,O00022384,2026-05-28,1,商品破损,1109.89,物流,是
RT0001862,O00022389,2026-02-18,1,商品破损,1044.57,物流,是
RT0001863,O00022398,2026-01-19,1,无理由退货,830.23,商品/运营,是
RT0001864,O00022401,2026-06-15,4,质量问题,2120.08,商品/运营,否
RT0001865,O00022409,2026-06-06,2,质量问题,1465.76,商品/运营,否
RT0001866,O00022424,2026-06-02,1,尺寸/适配问题,579.83,商品/运营,是
RT0001867,O00022427,2026-01-17,1,描述不符,720.17,商品/运营,是
RT0001868,O00022431,2025-12-13,1,物流延迟,459.25,物流,是
RT0001869,O00022453,2026-01-27,2,物流延迟,284.72,物流,否
RT0001870,O00022470,2025-12-05,1,商品破损,957.07,物流,是
RT0001871,O00022474,2026-02-27,2,质量问题,1098.83,商品/运营,否
RT0001872,O00022484,2026-03-25,1,无理由退货,873.03,商品/运营,是
RT0001873,O00022490,2026-05-30,3,尺寸/适配问题,6551.19,商品/运营,是
RT0001874,O00022500,2025-12-24,1,无理由退货,1188.91,商品/运营,否
RT0001875,O00022506,2025-09-23,3,物流延迟,5444.4,物流,是
RT0001876,O00022511,2026-01-08,4,无理由退货,5078.44,商品/运营,是
RT0001877,O00022558,2026-01-05,4,质量问题,2072.91,商品/运营,是
RT0001878,O00022562,2025-10-23,1,物流延迟,452.28,物流,是
RT0001879,O00022563,2026-01-22,2,物流延迟,3495.02,物流,否
RT0001880,O00022567,2026-04-12,1,无理由退货,512.73,商品/运营,是
RT0001881,O00022571,2026-03-23,1,物流延迟,274.04,物流,是
RT0001882,O00022574,2025-10-21,2,物流延迟,1872.14,物流,否
RT0001883,O00022590,2025-12-24,2,物流延迟,2587.94,物流,否
RT0001884,O00022601,2026-02-09,1,商品破损,1205.84,物流,是
RT0001885,O00022605,2025-12-20,2,描述不符,1918.62,商品/运营,否
RT0001886,O00022638,2026-04-08,2,质量问题,1251.17,商品/运营,是
RT0001887,O00022656,2026-03-11,1,尺寸/适配问题,234.8,商品/运营,是
RT0001888,O00022670,2025-12-29,1,质量问题,1324.86,商品/运营,否
RT0001889,O00022676,2025-09-07,1,无理由退货,1066.31,商品/运营,否
RT0001890,O00022731,2025-10-02,1,描述不符,1649.54,商品/运营,是
RT0001891,O00022751,2025-12-30,1,物流延迟,621.87,物流,是
RT0001892,O00022760,2025-12-11,2,质量问题,1114.62,商品/运营,否
RT0001893,O00022762,2025-12-24,1,商品破损,1363.64,物流,是
RT0001894,O00022784,2026-03-03,2,物流延迟,3394.18,物流,是
RT0001895,O00022805,2025-12-17,1,物流延迟,791.86,物流,是
RT0001896,O00022808,2025-09-04,1,质量问题,2184.39,商品/运营,是
RT0001897,O00022809,2026-01-21,1,物流延迟,2008.23,物流,是
RT0001898,O00022810,2026-01-21,2,物流延迟,2984.14,物流,是
RT0001899,O00022827,2026-01-18,3,商品破损,471.77,物流,是
RT0001900,O00022841,2026-07-07,2,质量问题,3400.74,商品/运营,是
RT0001901,O00022867,2026-03-29,1,无理由退货,1328.23,商品/运营,否
RT0001902,O00022906,2025-09-13,1,物流延迟,623.5,物流,是
RT0001903,O00022946,2025-11-30,1,尺寸/适配问题,431.73,商品/运营,是
RT0001904,O00022978,2026-03-08,1,物流延迟,2383.18,物流,否
RT0001905,O00023023,2026-01-23,1,无理由退货,589.62,商品/运营,否
RT0001906,O00023030,2026-07-20,1,物流延迟,1600.12,物流,是
RT0001907,O00023044,2025-12-01,1,物流延迟,656.42,物流,是
RT0001908,O00023053,2026-07-28,2,无理由退货,3308.89,商品/运营,是
RT0001909,O00023074,2026-03-03,1,描述不符,785.14,商品/运营,是
RT0001910,O00023091,2026-05-01,1,物流延迟,1277.95,物流,是
RT0001911,O00023092,2025-12-11,4,无理由退货,3185.08,商品/运营,是
RT0001912,O00023094,2026-02-03,1,无理由退货,903.07,商品/运营,是
RT0001913,O00023098,2026-06-08,1,无理由退货,2287.69,商品/运营,是
RT0001914,O00023102,2025-11-01,2,无理由退货,2038.54,商品/运营,否
RT0001915,O00023106,2026-01-07,2,无理由退货,604.32,商品/运营,否
RT0001916,O00023121,2026-03-24,1,描述不符,815.01,商品/运营,是
RT0001917,O00023147,2026-03-31,2,质量问题,2879.84,商品/运营,是
RT0001918,O00023150,2025-11-04,2,质量问题,3340.94,商品/运营,是
RT0001919,O00023153,2025-10-23,1,质量问题,486.25,商品/运营,否
RT0001920,O00023156,2026-02-16,1,尺寸/适配问题,923.94,商品/运营,是
RT0001921,O00023167,2026-07-23,1,尺寸/适配问题,767.1,商品/运营,是
RT0001922,O00023169,2025-11-05,2,尺寸/适配问题,309.45,商品/运营,否
RT0001923,O00023172,2025-12-04,1,商品破损,1520.11,物流,是
RT0001924,O00023173,2025-09-25,3,物流延迟,6407.34,物流,是
RT0001925,O00023201,2025-12-29,2,无理由退货,782.51,商品/运营,是
RT0001926,O00023217,2026-04-26,4,无理由退货,4695.39,商品/运营,否
RT0001927,O00023220,2026-04-02,2,质量问题,1277.6,商品/运营,是
RT0001928,O00023226,2025-09-06,1,尺寸/适配问题,367.78,商品/运营,否
RT0001929,O00023235,2026-03-28,2,无理由退货,1475.31,商品/运营,是
RT0001930,O00023239,2026-05-13,3,尺寸/适配问题,2473.99,商品/运营,是
RT0001931,O00023241,2026-04-24,2,物流延迟,2934.38,物流,是
RT0001932,O00023254,2026-03-04,3,物流延迟,6763.31,物流,否
RT0001933,O00023255,2026-03-10,3,商品破损,2431.58,物流,是
RT0001934,O00023265,2025-12-09,1,物流延迟,1348.48,物流,是
RT0001935,O00023267,2026-07-16,2,质量问题,1534.2,商品/运营,是
RT0001936,O00023278,2026-05-31,1,质量问题,320.86,商品/运营,是
RT0001937,O00023289,2025-08-24,1,商品破损,699.81,物流,是
RT0001938,O00023302,2025-09-05,1,无理由退货,675.17,商品/运营,否
RT0001939,O00023326,2026-01-22,1,物流延迟,981.01,物流,是
RT0001940,O00023335,2025-11-13,1,尺寸/适配问题,473.71,商品/运营,是
RT0001941,O00023346,2025-10-06,1,商品破损,104.86,物流,是
RT0001942,O00023354,2025-11-04,3,尺寸/适配问题,1336.8,商品/运营,是
RT0001943,O00023355,2026-05-16,1,尺寸/适配问题,1193.88,商品/运营,是
RT0001944,O00023359,2025-10-10,1,质量问题,1167.47,商品/运营,是
RT0001945,O00023365,2026-01-30,2,无理由退货,4183.36,商品/运营,是
RT0001946,O00023381,2026-08-01,1,物流延迟,133.45,物流,否
RT0001947,O00023385,2025-09-08,4,描述不符,2651.9,商品/运营,是
RT0001948,O00023395,2026-01-19,3,尺寸/适配问题,5763.13,商品/运营,是
RT0001949,O00023431,2025-08-21,2,质量问题,2500.33,商品/运营,是
RT0001950,O00023444,2026-02-22,1,物流延迟,549.47,物流,否
RT0001951,O00023446,2025-12-31,1,质量问题,1362.62,商品/运营,否
RT0001952,O00023447,2026-05-28,1,描述不符,784.36,商品/运营,是
RT0001953,O00023459,2026-02-14,4,无理由退货,2197.66,商品/运营,是
RT0001954,O00023466,2025-10-21,3,商品破损,5064.17,物流,否
RT0001955,O00023467,2025-11-19,2,物流延迟,465.31,物流,是
RT0001956,O00023487,2026-02-02,1,商品破损,1505.54,物流,是
RT0001957,O00023488,2026-01-08,1,尺寸/适配问题,1508.83,商品/运营,是
RT0001958,O00023491,2026-01-11,1,描述不符,1539.63,商品/运营,否
RT0001959,O00023492,2026-01-09,1,商品破损,938.91,物流,是
RT0001960,O00023495,2026-01-17,2,物流延迟,3559.64,物流,否
RT0001961,O00023497,2025-12-15,1,描述不符,616.01,商品/运营,是
RT0001962,O00023503,2025-11-09,1,质量问题,389.03,商品/运营,是
RT0001963,O00023508,2026-07-07,5,无理由退货,5209.01,商品/运营,是
RT0001964,O00023513,2026-04-19,2,无理由退货,2662.86,商品/运营,是
RT0001965,O00023548,2026-03-07,1,物流延迟,684.98,物流,是
RT0001966,O00023595,2026-06-07,1,物流延迟,2184.39,物流,否
RT0001967,O00023597,2026-05-27,6,物流延迟,3564.98,物流,是
RT0001968,O00023605,2026-05-19,2,商品破损,3020.45,物流,是
RT0001969,O00023606,2025-12-31,1,质量问题,1942.21,商品/运营,否
RT0001970,O00023615,2025-09-29,3,无理由退货,3010.38,商品/运营,是
RT0001971,O00023620,2025-10-31,1,质量问题,137.53,商品/运营,是
RT0001972,O00023638,2026-03-20,1,无理由退货,435.78,商品/运营,否
RT0001973,O00023640,2026-07-28,1,商品破损,1268.23,物流,是
RT0001974,O00023644,2025-10-13,3,尺寸/适配问题,2322.94,商品/运营,否
RT0001975,O00023677,2025-09-08,5,无理由退货,3746.47,商品/运营,是
RT0001976,O00023702,2026-04-07,2,物流延迟,875.25,物流,是
RT0001977,O00023716,2026-03-01,1,尺寸/适配问题,2519.55,商品/运营,否
RT0001978,O00023719,2025-09-23,2,物流延迟,1340.66,物流,否
RT0001979,O00023722,2026-03-15,3,物流延迟,4401.57,物流,是
RT0001980,O00023747,2025-12-25,2,物流延迟,3024.08,物流,是
RT0001981,O00023751,2025-09-05,2,无理由退货,1722.37,商品/运营,否
RT0001982,O00023762,2025-10-26,2,无理由退货,826.62,商品/运营,是
RT0001983,O00023802,2026-03-11,2,无理由退货,3142.52,商品/运营,是
RT0001984,O00023804,2026-01-05,1,商品破损,736.64,物流,是
RT0001985,O00023814,2026-03-25,2,尺寸/适配问题,2367.13,商品/运营,是
RT0001986,O00023824,2026-04-07,1,尺寸/适配问题,1421.38,商品/运营,是
RT0001987,O00023858,2025-10-14,3,质量问题,6792.81,商品/运营,否
RT0001988,O00023860,2025-09-23,1,无理由退货,569.28,商品/运营,是
RT0001989,O00023877,2026-03-11,3,商品破损,1912.32,物流,是
RT0001990,O00023879,2026-06-01,1,物流延迟,781.39,物流,是
RT0001991,O00023883,2025-09-21,1,质量问题,2716.94,商品/运营,是
RT0001992,O00023893,2025-09-20,2,商品破损,494.27,物流,是
RT0001993,O00023934,2026-05-24,3,商品破损,7971.78,物流,否
RT0001994,O00023935,2026-02-03,2,无理由退货,5172.1,商品/运营,否
RT0001995,O00023959,2026-02-14,4,商品破损,2314.16,物流,是
RT0001996,O00023978,2026-05-16,2,商品破损,2387.31,物流,是
RT0001997,O00024017,2026-05-03,1,物流延迟,352.88,物流,是
RT0001998,O00024021,2025-11-12,1,尺寸/适配问题,2088.09,商品/运营,是
RT0001999,O00024025,2026-01-17,2,质量问题,1979.38,商品/运营,是
RT0002000,O00024028,2025-09-21,3,物流延迟,3624.52,物流,是
RT0002001,O00024041,2026-04-29,1,无理由退货,1983.69,商品/运营,是
RT0002002,O00024042,2025-09-24,1,描述不符,1249.3,商品/运营,否
RT0002003,O00024056,2025-11-22,4,无理由退货,721.47,商品/运营,否
RT0002004,O00024060,2025-10-07,2,质量问题,537.68,商品/运营,是
RT0002005,O00024066,2026-04-10,1,无理由退货,1901.45,商品/运营,是
RT0002006,O00024075,2026-05-10,1,无理由退货,266.27,商品/运营,否
RT0002007,O00024142,2026-05-13,1,无理由退货,129.44,商品/运营,否
RT0002008,O00024151,2025-12-23,2,描述不符,986.97,商品/运营,是
RT0002009,O00024181,2025-12-27,1,商品破损,590.64,物流,是
RT0002010,O00024206,2026-07-01,3,商品破损,577.42,物流,是
RT0002011,O00024210,2026-02-16,1,尺寸/适配问题,730.74,商品/运营,是
RT0002012,O00024228,2025-09-04,1,商品破损,2451.34,物流,是
RT0002013,O00024263,2026-02-26,2,无理由退货,2718.87,商品/运营,否
RT0002014,O00024277,2025-10-27,3,物流延迟,2043.46,物流,否
RT0002015,O00024307,2026-01-13,1,商品破损,1667.98,物流,是
RT0002016,O00024315,2026-07-06,2,无理由退货,3706.84,商品/运营,是
RT0002017,O00024327,2025-12-20,5,质量问题,3673.1,商品/运营,是
RT0002018,O00024338,2026-01-24,1,无理由退货,598.74,商品/运营,是
RT0002019,O00024344,2025-09-19,3,商品破损,4516.61,物流,是
RT0002020,O00024359,2025-08-25,4,描述不符,1950.47,商品/运营,否
RT0002021,O00024360,2026-02-25,4,商品破损,3915.08,物流,否
RT0002022,O00024370,2026-06-13,3,商品破损,1301.22,物流,否
RT0002023,O00024404,2026-06-02,2,质量问题,3020.45,商品/运营,是
RT0002024,O00024434,2026-02-19,3,无理由退货,6338.34,商品/运营,是
RT0002025,O00024438,2025-09-02,1,无理由退货,1346.46,商品/运营,是
RT0002026,O00024441,2026-05-23,1,物流延迟,2475.71,物流,否
RT0002027,O00024483,2025-09-02,1,无理由退货,128.12,商品/运营,是
RT0002028,O00024498,2026-05-17,1,物流延迟,1703.54,物流,是
RT0002029,O00024502,2025-11-25,2,质量问题,4063.08,商品/运营,是
RT0002030,O00024506,2025-11-09,1,商品破损,722.15,物流,否
RT0002031,O00024532,2026-04-22,2,质量问题,1534.49,商品/运营,否
RT0002032,O00024533,2026-04-21,1,无理由退货,732.56,商品/运营,是
RT0002033,O00024535,2026-07-10,2,无理由退货,2843.79,商品/运营,是
RT0002034,O00024543,2026-06-21,1,物流延迟,2207.91,物流,否
RT0002035,O00024557,2026-04-13,1,无理由退货,2002.56,商品/运营,是
RT0002036,O00024568,2025-10-18,1,商品破损,660.18,物流,否
RT0002037,O00024595,2026-02-16,1,物流延迟,546.18,物流,是
RT0002038,O00024615,2026-07-11,1,尺寸/适配问题,673.32,商品/运营,是
RT0002039,O00024667,2026-06-14,2,质量问题,2907.16,商品/运营,是
RT0002040,O00024668,2026-03-04,3,物流延迟,1590.06,物流,是
RT0002041,O00024672,2026-05-21,4,物流延迟,5445.89,物流,是
RT0002042,O00024693,2025-09-15,1,质量问题,481.43,商品/运营,是
RT0002043,O00024706,2025-10-25,2,商品破损,4605.48,物流,是
RT0002044,O00024712,2026-03-08,1,商品破损,185.44,物流,否
RT0002045,O00024727,2025-12-05,2,物流延迟,1538.75,物流,否
RT0002046,O00024757,2026-04-14,4,商品破损,5274.76,物流,是
RT0002047,O00024788,2025-12-03,4,无理由退货,6446.74,商品/运营,是
RT0002048,O00024803,2026-01-03,4,无理由退货,4983.3,商品/运营,是
RT0002049,O00024831,2025-12-24,1,无理由退货,1453.58,商品/运营,否
RT0002050,O00024851,2026-07-21,3,物流延迟,3132.59,物流,是
RT0002051,O00024865,2026-03-10,2,无理由退货,870.86,商品/运营,是
RT0002052,O00024872,2026-05-09,2,物流延迟,1013.46,物流,是
RT0002053,O00024895,2026-04-28,2,商品破损,5209.11,物流,是
RT0002054,O00024936,2026-04-04,2,质量问题,2468.5,商品/运营,否
RT0002055,O00024941,2026-02-25,2,无理由退货,1472.4,商品/运营,是
RT0002056,O00024951,2026-04-29,1,无理由退货,614.47,商品/运营,否
RT0002057,O00024968,2026-07-22,1,物流延迟,2039.68,物流,否
RT0002058,O00024989,2026-03-02,1,物流延迟,789.42,物流,否
RT0002059,O00025005,2025-12-16,1,无理由退货,162.27,商品/运营,否
RT0002060,O00025021,2026-02-17,1,物流延迟,1758.17,物流,否
RT0002061,O00025028,2026-06-16,5,物流延迟,628.45,物流,否
RT0002062,O00025037,2026-06-20,1,质量问题,537.13,商品/运营,是
RT0002063,O00025039,2026-07-20,2,物流延迟,2000.84,物流,否
RT0002064,O00025051,2026-01-25,1,描述不符,2168.35,商品/运营,是
RT0002065,O00025074,2026-08-03,1,物流延迟,819.6,物流,是
RT0002066,O00025103,2025-10-25,1,尺寸/适配问题,1939.03,商品/运营,是
RT0002067,O00025110,2026-06-05,3,物流延迟,2592.62,物流,否
RT0002068,O00025113,2026-04-25,3,商品破损,3680.3,物流,是
RT0002069,O00025121,2025-11-02,1,描述不符,1100.29,商品/运营,是
RT0002070,O00025131,2025-08-12,3,商品破损,1407.57,物流,是
RT0002071,O00025138,2026-06-11,2,描述不符,3039.52,商品/运营,是
RT0002072,O00025141,2026-04-16,1,物流延迟,759.61,物流,否
RT0002073,O00025151,2026-02-04,2,商品破损,3275.59,物流,否
RT0002074,O00025177,2026-02-01,2,商品破损,3974.19,物流,是
RT0002075,O00025190,2025-11-09,1,商品破损,202.01,物流,否
RT0002076,O00025198,2026-03-15,5,商品破损,4619.69,物流,否
RT0002077,O00025218,2026-04-18,1,无理由退货,268.84,商品/运营,是
RT0002078,O00025242,2025-09-18,2,描述不符,3284.86,商品/运营,否
RT0002079,O00025246,2026-06-08,3,物流延迟,3270.55,物流,是
RT0002080,O00025269,2026-05-09,3,物流延迟,3038.98,物流,否
RT0002081,O00025276,2026-05-26,1,物流延迟,2910.97,物流,否
RT0002082,O00025306,2025-08-28,2,质量问题,2347.5,商品/运营,否
RT0002083,O00025308,2025-08-26,1,物流延迟,409.95,物流,否
RT0002084,O00025313,2026-05-06,1,物流延迟,1464.37,物流,是
RT0002085,O00025322,2026-03-30,3,物流延迟,710.06,物流,是
RT0002086,O00025325,2026-01-25,1,描述不符,1231.7,商品/运营,是
RT0002087,O00025346,2025-11-30,1,商品破损,1494.81,物流,是
RT0002088,O00025352,2025-12-14,2,物流延迟,1522.18,物流,是
RT0002089,O00025365,2025-09-25,5,物流延迟,7798.55,物流,是
RT0002090,O00025382,2025-10-22,1,质量问题,2442.38,商品/运营,是
RT0002091,O00025386,2025-10-22,1,物流延迟,594.16,物流,是
RT0002092,O00025392,2025-12-30,4,商品破损,3711.33,物流,是
RT0002093,O00025402,2026-02-02,2,物流延迟,3559.64,物流,是
RT0002094,O00025420,2025-11-21,1,尺寸/适配问题,426.62,商品/运营,是
RT0002095,O00025421,2025-08-17,1,无理由退货,2395.93,商品/运营,是
RT0002096,O00025436,2026-04-13,1,物流延迟,2112.72,物流,否
RT0002097,O00025452,2025-11-29,2,描述不符,2120.12,商品/运营,是
RT0002098,O00025468,2026-05-15,2,商品破损,1462.54,物流,否
RT0002099,O00025481,2026-05-30,2,商品破损,1772.64,物流,否
RT0002100,O00025508,2025-10-24,4,质量问题,8082.11,商品/运营,是
RT0002101,O00025533,2025-08-28,2,物流延迟,2946.12,物流,是
RT0002102,O00025538,2026-04-20,1,尺寸/适配问题,1280.88,商品/运营,是
RT0002103,O00025539,2025-10-06,1,商品破损,601.11,物流,是
RT0002104,O00025541,2026-01-10,1,无理由退货,483.51,商品/运营,是
RT0002105,O00025550,2026-05-01,1,质量问题,927.83,商品/运营,否
RT0002106,O00025557,2025-09-05,2,物流延迟,901.03,物流,是
RT0002107,O00025560,2025-12-16,2,物流延迟,2833.95,物流,否
RT0002108,O00025572,2025-12-16,1,商品破损,2041.07,物流,是
RT0002109,O00025586,2026-05-06,2,物流延迟,1844.13,物流,否
RT0002110,O00025596,2025-11-30,1,质量问题,225.46,商品/运营,是
RT0002111,O00025599,2026-06-19,1,物流延迟,435.28,物流,否
RT0002112,O00025608,2025-09-02,1,商品破损,723.72,物流,是
RT0002113,O00025617,2026-04-13,3,质量问题,4518.52,商品/运营,是
RT0002114,O00025621,2025-12-26,1,无理由退货,960.23,商品/运营,是
RT0002115,O00025643,2026-02-27,4,商品破损,888.06,物流,否
RT0002116,O00025648,2026-03-19,2,物流延迟,3491.14,物流,否
RT0002117,O00025664,2025-12-26,3,描述不符,2888.28,商品/运营,是
RT0002118,O00025706,2026-02-19,1,物流延迟,481.77,物流,是
RT0002119,O00025710,2026-06-30,1,物流延迟,1362.12,物流,是
RT0002120,O00025711,2026-02-17,1,无理由退货,3018.82,商品/运营,是
RT0002121,O00025714,2026-03-13,2,物流延迟,1229.6,物流,否
RT0002122,O00025719,2026-05-25,1,商品破损,1013.43,物流,是
RT0002123,O00025734,2025-11-20,1,描述不符,733.07,商品/运营,是
RT0002124,O00025752,2026-05-10,2,商品破损,320.18,物流,是
RT0002125,O00025756,2025-10-22,3,物流延迟,3420.66,物流,是
RT0002126,O00025757,2025-12-16,1,商品破损,1636.65,物流,是
RT0002127,O00025758,2026-04-19,1,商品破损,2589.62,物流,否
RT0002128,O00025779,2026-04-15,1,无理由退货,956.37,商品/运营,是
RT0002129,O00025793,2026-05-26,1,物流延迟,1176.61,物流,是
RT0002130,O00025804,2026-05-03,3,质量问题,1950.37,商品/运营,是
RT0002131,O00025812,2025-11-18,2,商品破损,1257.86,物流,否
RT0002132,O00025815,2025-08-13,1,描述不符,1378.23,商品/运营,是
RT0002133,O00025820,2025-09-27,1,物流延迟,1584.07,物流,是
RT0002134,O00025868,2026-07-04,1,无理由退货,2330.66,商品/运营,是
RT0002135,O00025869,2026-04-04,2,物流延迟,3863.65,物流,否
RT0002136,O00025885,2026-01-20,1,无理由退货,157.31,商品/运营,否
RT0002137,O00025888,2026-06-06,1,质量问题,1511.53,商品/运营,否
RT0002138,O00025893,2026-01-11,2,物流延迟,972.54,物流,否
RT0002139,O00025901,2026-03-11,4,物流延迟,3874.8,物流,是
RT0002140,O00025938,2026-04-29,2,物流延迟,2608.3,物流,否
RT0002141,O00025992,2026-01-17,1,商品破损,730.07,物流,是
RT0002142,O00026004,2025-10-13,1,物流延迟,1195.97,物流,是
RT0002143,O00026023,2025-12-15,2,商品破损,2105.66,物流,否
RT0002144,O00026035,2025-11-16,4,物流延迟,4349.68,物流,是
RT0002145,O00026038,2026-06-01,2,商品破损,1913.55,物流,否
RT0002146,O00026040,2026-01-25,2,尺寸/适配问题,1359.34,商品/运营,是
RT0002147,O00026048,2026-01-09,2,质量问题,437.29,商品/运营,否
RT0002148,O00026070,2026-03-29,3,质量问题,754.48,商品/运营,是
RT0002149,O00026100,2026-06-25,1,物流延迟,1287.89,物流,否
RT0002150,O00026141,2026-01-09,1,物流延迟,728.78,物流,是
RT0002151,O00026176,2025-11-29,1,物流延迟,161.8,物流,是
RT0002152,O00026184,2026-03-19,4,尺寸/适配问题,2136.5,商品/运营,是
RT0002153,O00026188,2025-12-28,1,物流延迟,421.36,物流,是
RT0002154,O00026226,2026-07-05,2,商品破损,2226.8,物流,是
RT0002155,O00026244,2026-02-07,1,物流延迟,754.57,物流,是
RT0002156,O00026258,2025-09-16,5,物流延迟,4187.32,物流,否
RT0002157,O00026260,2026-01-15,1,尺寸/适配问题,613.68,商品/运营,否
RT0002158,O00026268,2025-08-28,2,物流延迟,1000.44,物流,是
RT0002159,O00026300,2025-11-29,1,物流延迟,637.02,物流,是
RT0002160,O00026333,2026-04-22,1,物流延迟,749.36,物流,是
RT0002161,O00026363,2026-04-27,2,无理由退货,615.47,商品/运营,否
RT0002162,O00026375,2026-05-24,4,描述不符,4464.69,商品/运营,否
RT0002163,O00026384,2025-10-16,1,尺寸/适配问题,825.95,商品/运营,否
RT0002164,O00026385,2026-03-28,1,无理由退货,2831.17,商品/运营,是
RT0002165,O00026389,2026-01-14,1,描述不符,819.91,商品/运营,是
RT0002166,O00026418,2025-11-17,2,质量问题,1247.0,商品/运营,是
RT0002167,O00026422,2025-12-31,1,无理由退货,1301.51,商品/运营,否
RT0002168,O00026427,2025-10-14,1,无理由退货,510.11,商品/运营,是
RT0002169,O00026431,2025-10-04,3,物流延迟,480.26,物流,是
RT0002170,O00026433,2026-02-26,2,尺寸/适配问题,1498.72,商品/运营,是
RT0002171,O00026442,2026-07-16,1,物流延迟,731.1,物流,否
RT0002172,O00026445,2026-05-09,1,无理由退货,520.49,商品/运营,否
RT0002173,O00026446,2026-03-19,1,物流延迟,1355.39,物流,是
RT0002174,O00026460,2025-08-18,1,商品破损,2254.99,物流,否
RT0002175,O00026491,2026-05-26,1,物流延迟,532.26,物流,否
RT0002176,O00026499,2026-04-02,1,描述不符,733.53,商品/运营,否
RT0002177,O00026510,2025-09-22,1,物流延迟,709.05,物流,是
RT0002178,O00026522,2026-04-12,3,描述不符,1650.44,商品/运营,是
RT0002179,O00026525,2026-02-05,1,无理由退货,1519.76,商品/运营,是
RT0002180,O00026534,2026-05-07,1,物流延迟,1279.57,物流,是
RT0002181,O00026557,2026-07-03,1,物流延迟,659.59,物流,是
RT0002182,O00026562,2026-07-27,2,无理由退货,1820.66,商品/运营,是
RT0002183,O00026563,2026-03-13,2,描述不符,3360.8,商品/运营,是
RT0002184,O00026587,2026-04-03,1,物流延迟,1003.46,物流,是
RT0002185,O00026624,2026-06-20,1,描述不符,690.8,商品/运营,是
RT0002186,O00026645,2026-01-16,2,质量问题,2850.32,商品/运营,是
RT0002187,O00026658,2026-05-02,3,商品破损,4347.61,物流,否
RT0002188,O00026684,2026-07-01,1,商品破损,1621.66,物流,是
RT0002189,O00026741,2026-07-06,5,尺寸/适配问题,901.84,商品/运营,是
RT0002190,O00026742,2025-08-21,1,商品破损,964.04,物流,否
RT0002191,O00026744,2025-11-07,4,物流延迟,10918.88,物流,否
RT0002192,O00026754,2025-10-24,1,尺寸/适配问题,819.6,商品/运营,是
RT0002193,O00026758,2025-11-09,1,物流延迟,849.84,物流,否
RT0002194,O00026762,2026-05-05,1,质量问题,401.04,商品/运营,是
RT0002195,O00026767,2025-10-05,4,物流延迟,3327.36,物流,是
RT0002196,O00026777,2025-09-02,2,商品破损,763.09,物流,是
RT0002197,O00026801,2026-06-08,2,质量问题,2817.23,商品/运营,是
RT0002198,O00026815,2026-04-13,1,尺寸/适配问题,651.48,商品/运营,是
RT0002199,O00026817,2026-01-13,1,质量问题,751.54,商品/运营,是
RT0002200,O00026820,2025-12-08,1,无理由退货,1479.96,商品/运营,是
RT0002201,O00026854,2026-03-26,1,物流延迟,744.28,物流,否
RT0002202,O00026875,2025-12-03,2,质量问题,1135.43,商品/运营,否
RT0002203,O00026890,2026-04-25,4,商品破损,5223.58,物流,是
RT0002204,O00026898,2025-09-29,2,物流延迟,2782.19,物流,否
RT0002205,O00026907,2026-02-01,3,描述不符,3912.46,商品/运营,是
RT0002206,O00026916,2025-09-06,3,描述不符,4248.97,商品/运营,否
RT0002207,O00026955,2026-07-01,1,物流延迟,99.34,物流,否
RT0002208,O00026981,2026-02-24,3,无理由退货,4078.3,商品/运营,否
RT0002209,O00026982,2025-11-25,1,物流延迟,215.11,物流,是
RT0002210,O00026984,2026-08-05,1,尺寸/适配问题,1183.57,商品/运营,是
RT0002211,O00026995,2026-04-04,2,物流延迟,1806.14,物流,否
RT0002212,O00026997,2026-01-04,1,无理由退货,959.31,商品/运营,否
RT0002213,O00027031,2025-11-08,1,无理由退货,163.74,商品/运营,否
RT0002214,O00027092,2025-11-10,2,物流延迟,5960.36,物流,否
RT0002215,O00027097,2025-10-24,1,商品破损,2211.14,物流,是
RT0002216,O00027124,2026-06-30,2,质量问题,2814.54,商品/运营,否
RT0002217,O00027172,2025-12-23,1,描述不符,612.54,商品/运营,是
RT0002218,O00027176,2025-08-21,1,无理由退货,817.3,商品/运营,否
RT0002219,O00027185,2026-05-05,1,质量问题,144.73,商品/运营,是
RT0002220,O00027223,2026-01-23,4,描述不符,8588.12,商品/运营,否
RT0002221,O00027266,2026-04-26,4,无理由退货,3258.08,商品/运营,是
RT0002222,O00027310,2026-08-03,2,质量问题,415.27,商品/运营,是
RT0002223,O00027318,2026-08-08,3,无理由退货,1249.65,商品/运营,是
RT0002224,O00027336,2026-04-06,2,无理由退货,890.06,商品/运营,是
RT0002225,O00027337,2025-10-11,1,质量问题,1472.12,商品/运营,是
RT0002226,O00027360,2026-05-11,2,描述不符,5102.68,商品/运营,是
RT0002227,O00027367,2025-11-25,1,物流延迟,493.48,物流,否
RT0002228,O00027377,2025-09-06,1,物流延迟,735.07,物流,是
RT0002229,O00027405,2026-04-09,3,质量问题,1428.82,商品/运营,否
RT0002230,O00027414,2026-05-07,2,物流延迟,2294.06,物流,是
RT0002231,O00027431,2026-02-20,1,质量问题,335.24,商品/运营,否
RT0002232,O00027438,2026-04-20,1,无理由退货,532.26,商品/运营,是
RT0002233,O00027474,2026-08-03,1,商品破损,1116.39,物流,否
RT0002234,O00027478,2025-08-27,1,描述不符,910.81,商品/运营,是
RT0002235,O00027503,2026-05-18,3,物流延迟,442.1,物流,是
RT0002236,O00027505,2026-04-08,3,商品破损,3425.26,物流,否
RT0002237,O00027507,2026-03-05,3,物流延迟,1890.75,物流,否
RT0002238,O00027522,2026-05-10,3,无理由退货,4446.54,商品/运营,是
RT0002239,O00027564,2026-04-07,5,无理由退货,4484.89,商品/运营,是
RT0002240,O00027573,2026-04-23,4,质量问题,4122.63,商品/运营,是
RT0002241,O00027609,2026-06-25,2,质量问题,2640.94,商品/运营,否
RT0002242,O00027639,2026-05-16,1,质量问题,113.89,商品/运营,否
RT0002243,O00027642,2026-04-28,3,尺寸/适配问题,3583.98,商品/运营,是
RT0002244,O00027644,2026-07-03,1,质量问题,997.11,商品/运营,否
RT0002245,O00027657,2026-04-07,2,无理由退货,1816.22,商品/运营,否
RT0002246,O00027672,2025-12-26,2,描述不符,601.72,商品/运营,是
RT0002247,O00027683,2026-05-19,1,物流延迟,1015.69,物流,是
RT0002248,O00027689,2026-04-20,1,物流延迟,261.94,物流,是
RT0002249,O00027691,2025-08-25,2,商品破损,2350.3,物流,是
RT0002250,O00027692,2026-05-17,1,质量问题,1911.2,商品/运营,是
RT0002251,O00027710,2026-03-28,1,无理由退货,1979.68,商品/运营,是
RT0002252,O00027719,2026-04-04,1,无理由退货,428.77,商品/运营,是
RT0002253,O00027721,2025-08-07,1,质量问题,113.12,商品/运营,否
RT0002254,O00027724,2026-08-11,1,无理由退货,1594.76,商品/运营,是
RT0002255,O00027740,2025-10-15,1,商品破损,653.23,物流,否
RT0002256,O00027743,2026-05-25,1,质量问题,1854.25,商品/运营,否
RT0002257,O00027752,2026-03-26,1,描述不符,637.02,商品/运营,否
RT0002258,O00027762,2026-08-13,2,无理由退货,2093.66,商品/运营,是
RT0002259,O00027773,2025-11-15,1,无理由退货,331.0,商品/运营,是
RT0002260,O00027785,2026-01-10,5,描述不符,4527.75,商品/运营,否
RT0002261,O00027818,2026-01-30,1,描述不符,2147.03,商品/运营,是
RT0002262,O00027847,2025-09-21,1,质量问题,1604.34,商品/运营,否
RT0002263,O00027848,2025-11-08,1,质量问题,497.3,商品/运营,是
RT0002264,O00027869,2026-06-04,3,商品破损,516.26,物流,是
RT0002265,O00027872,2025-11-16,1,无理由退货,1392.26,商品/运营,否
RT0002266,O00027879,2026-04-12,1,无理由退货,740.86,商品/运营,是
RT0002267,O00027883,2025-11-08,2,质量问题,564.35,商品/运营,是
RT0002268,O00027893,2026-07-13,1,尺寸/适配问题,792.14,商品/运营,否
RT0002269,O00027906,2025-09-12,2,质量问题,1965.41,商品/运营,是
RT0002270,O00027911,2026-04-14,4,物流延迟,2997.43,物流,是
RT0002271,O00027924,2025-12-17,1,物流延迟,778.19,物流,否
RT0002272,O00027933,2026-04-06,1,物流延迟,923.69,物流,是
RT0002273,O00027942,2025-10-08,2,物流延迟,3630.32,物流,是
RT0002274,O00027949,2025-12-16,1,物流延迟,990.46,物流,是
RT0002275,O00027998,2026-07-10,1,质量问题,1890.38,商品/运营,是
RT0002276,O00027999,2026-07-23,1,描述不符,180.1,商品/运营,是
RT0002277,O00028018,2026-01-20,3,物流延迟,5176.56,物流,是
RT0002278,O00028038,2026-04-03,1,物流延迟,248.62,物流,否
RT0002279,O00028042,2026-02-09,3,物流延迟,3349.18,物流,否
RT0002280,O00028066,2025-09-11,1,商品破损,1308.22,物流,否
RT0002281,O00028074,2025-12-23,1,尺寸/适配问题,243.55,商品/运营,否
RT0002282,O00028085,2026-05-13,1,描述不符,1237.11,商品/运营,是
RT0002283,O00028095,2025-11-02,1,物流延迟,1433.13,物流,否
RT0002284,O00028105,2025-12-09,1,质量问题,727.52,商品/运营,否
RT0002285,O00028112,2025-08-28,1,物流延迟,790.06,物流,否
RT0002286,O00028114,2026-03-21,1,质量问题,987.57,商品/运营,是
RT0002287,O00028120,2025-11-10,1,物流延迟,1331.32,物流,是
RT0002288,O00028129,2025-10-28,1,物流延迟,192.47,物流,是
RT0002289,O00028160,2025-09-20,1,尺寸/适配问题,1084.81,商品/运营,是
RT0002290,O00028165,2026-03-13,1,物流延迟,627.88,物流,是
RT0002291,O00028167,2026-08-10,1,物流延迟,758.57,物流,否
RT0002292,O00028205,2025-12-07,1,描述不符,2047.06,商品/运营,是
RT0002293,O00028213,2026-02-28,1,商品破损,518.36,物流,是
RT0002294,O00028230,2026-05-18,1,尺寸/适配问题,297.85,商品/运营,是
RT0002295,O00028235,2026-05-15,1,质量问题,264.18,商品/运营,是
RT0002296,O00028244,2026-02-28,4,商品破损,2707.63,物流,否
RT0002297,O00028272,2026-04-25,1,质量问题,1141.75,商品/运营,是
RT0002298,O00028275,2025-08-09,3,尺寸/适配问题,6675.21,商品/运营,是
RT0002299,O00028315,2025-12-02,3,物流延迟,2217.84,物流,是
RT0002300,O00028318,2025-11-16,3,商品破损,4260.58,物流,是
RT0002301,O00028319,2025-12-07,2,无理由退货,1228.01,商品/运营,否
RT0002302,O00028331,2025-08-09,2,物流延迟,3642.19,物流,是
RT0002303,O00028351,2026-03-06,5,无理由退货,3054.45,商品/运营,否
RT0002304,O00028354,2025-12-31,4,无理由退货,8940.54,商品/运营,否
RT0002305,O00028362,2026-06-12,2,物流延迟,266.35,物流,是
RT0002306,O00028363,2026-06-29,1,物流延迟,2022.95,物流,是
RT0002307,O00028367,2026-05-03,1,商品破损,1237.15,物流,否
RT0002308,O00028381,2026-01-02,1,商品破损,1305.5,物流,否
RT0002309,O00028386,2026-04-23,1,物流延迟,1108.83,物流,是
RT0002310,O00028391,2026-06-10,4,物流延迟,2881.22,物流,是
RT0002311,O00028469,2026-03-30,2,质量问题,1485.69,商品/运营,否
RT0002312,O00028474,2026-08-06,1,物流延迟,743.25,物流,是
RT0002313,O00028475,2026-03-04,1,物流延迟,569.08,物流,是
RT0002314,O00028491,2025-09-29,1,尺寸/适配问题,2551.34,商品/运营,是
RT0002315,O00028498,2025-10-31,1,尺寸/适配问题,2160.6,商品/运营,否
RT0002316,O00028539,2025-08-06,2,无理由退货,3250.46,商品/运营,是
RT0002317,O00028549,2025-12-20,1,无理由退货,381.71,商品/运营,是
RT0002318,O00028565,2026-05-17,1,质量问题,248.75,商品/运营,是
RT0002319,O00028597,2025-10-02,1,物流延迟,825.16,物流,是
RT0002320,O00028601,2025-11-23,1,无理由退货,1230.7,商品/运营,否
RT0002321,O00028611,2026-03-28,1,无理由退货,621.59,商品/运营,是
RT0002322,O00028615,2025-11-15,2,尺寸/适配问题,1388.24,商品/运营,否
RT0002323,O00028643,2025-12-30,1,物流延迟,1850.71,物流,是
RT0002324,O00028644,2026-02-03,1,物流延迟,698.32,物流,否
RT0002325,O00028655,2026-05-12,1,质量问题,1066.5,商品/运营,是
RT0002326,O00028656,2025-10-12,2,物流延迟,1925.52,物流,是
RT0002327,O00028657,2025-12-15,1,物流延迟,535.05,物流,否
RT0002328,O00028691,2026-03-07,2,物流延迟,3134.13,物流,是
RT0002329,O00028693,2026-01-09,4,无理由退货,1843.5,商品/运营,是
RT0002330,O00028722,2026-06-20,1,物流延迟,864.21,物流,是
RT0002331,O00028723,2026-06-15,2,无理由退货,1157.02,商品/运营,是
RT0002332,O00028747,2026-07-07,2,尺寸/适配问题,2823.79,商品/运营,否
RT0002333,O00028749,2026-07-07,2,描述不符,1045.03,商品/运营,否
RT0002334,O00028759,2026-07-20,3,无理由退货,541.1,商品/运营,否
RT0002335,O00028763,2026-03-16,2,物流延迟,1663.24,物流,是
RT0002336,O00028771,2026-04-27,1,物流延迟,204.69,物流,是
RT0002337,O00028775,2025-09-22,1,商品破损,574.29,物流,是
RT0002338,O00028793,2026-05-29,1,物流延迟,740.86,物流,是
RT0002339,O00028820,2025-12-29,1,物流延迟,163.74,物流,否
RT0002340,O00028821,2026-06-16,2,物流延迟,261.47,物流,否
RT0002341,O00028837,2025-10-18,1,描述不符,369.99,商品/运营,是
RT0002342,O00028846,2025-10-06,1,尺寸/适配问题,1153.37,商品/运营,是
RT0002343,O00028848,2025-12-23,3,质量问题,2083.64,商品/运营,否
RT0002344,O00028874,2025-10-01,3,质量问题,461.31,商品/运营,否
RT0002345,O00028888,2026-03-13,2,无理由退货,2236.12,商品/运营,是
RT0002346,O00028895,2025-08-13,1,物流延迟,1004.28,物流,是
RT0002347,O00028899,2025-10-31,1,物流延迟,665.96,物流,否
RT0002348,O00028911,2026-01-04,1,物流延迟,970.48,物流,是
RT0002349,O00028912,2026-01-16,2,质量问题,1095.14,商品/运营,是
RT0002350,O00028923,2026-07-06,2,商品破损,1343.47,物流,否
RT0002351,O00028935,2026-01-26,2,商品破损,320.18,物流,否
RT0002352,O00028938,2025-12-30,1,质量问题,1553.91,商品/运营,是
RT0002353,O00028974,2026-07-30,1,商品破损,1466.44,物流,是
RT0002354,O00028979,2026-03-24,1,质量问题,416.18,商品/运营,否
RT0002355,O00028981,2025-12-20,1,物流延迟,145.05,物流,是
RT0002356,O00028990,2026-05-05,1,物流延迟,2017.13,物流,是
RT0002357,O00028991,2025-10-12,1,物流延迟,1213.77,物流,是
RT0002358,O00028993,2026-07-19,5,质量问题,5673.66,商品/运营,是
RT0002359,O00028998,2025-11-12,1,无理由退货,507.29,商品/运营,是
RT0002360,O00029008,2026-01-30,1,物流延迟,1064.25,物流,是
RT0002361,O00029019,2025-12-09,4,质量问题,2919.58,商品/运营,是
RT0002362,O00029032,2025-11-21,1,物流延迟,1281.52,物流,是
RT0002363,O00029040,2025-09-27,1,商品破损,157.12,物流,是
RT0002364,O00029042,2025-11-23,1,物流延迟,1990.26,物流,是
RT0002365,O00029046,2026-07-23,2,描述不符,558.38,商品/运营,是
RT0002366,O00029047,2026-07-05,2,描述不符,476.14,商品/运营,是
RT0002367,O00029126,2026-05-24,2,无理由退货,1197.75,商品/运营,否
RT0002368,O00029151,2026-03-21,1,尺寸/适配问题,1384.25,商品/运营,是
RT0002369,O00029163,2025-11-29,4,物流延迟,1851.33,物流,是
RT0002370,O00029164,2026-01-07,1,描述不符,1102.32,商品/运营,是
RT0002371,O00029169,2026-06-26,3,物流延迟,1819.68,物流,否
RT0002372,O00029177,2025-12-16,1,尺寸/适配问题,1635.69,商品/运营,否
RT0002373,O00029181,2026-05-01,1,物流延迟,623.95,物流,是
RT0002374,O00029196,2026-01-31,4,质量问题,3545.28,商品/运营,是
RT0002375,O00029210,2025-12-20,1,无理由退货,1591.62,商品/运营,是
RT0002376,O00029215,2025-08-20,3,无理由退货,3819.89,商品/运营,是
RT0002377,O00029234,2025-08-17,1,质量问题,2601.34,商品/运营,否
RT0002378,O00029243,2026-06-09,3,质量问题,1017.46,商品/运营,是
RT0002379,O00029255,2026-08-04,1,无理由退货,1957.27,商品/运营,是
RT0002380,O00029260,2025-09-11,2,商品破损,543.89,物流,是
RT0002381,O00029280,2026-02-27,1,商品破损,1110.36,物流,是
RT0002382,O00029283,2026-05-29,2,描述不符,2891.5,商品/运营,是
RT0002383,O00029290,2025-09-25,4,物流延迟,7299.9,物流,是
RT0002384,O00029318,2026-02-26,3,尺寸/适配问题,6880.22,商品/运营,是
RT0002385,O00029334,2025-09-17,2,物流延迟,2152.75,物流,否
RT0002386,O00029356,2026-01-19,1,尺寸/适配问题,779.32,商品/运营,是
RT0002387,O00029369,2026-01-19,2,物流延迟,5102.68,物流,是
RT0002388,O00029390,2026-01-13,2,描述不符,2350.51,商品/运营,是
RT0002389,O00029395,2026-04-22,1,商品破损,159.77,物流,是
RT0002390,O00029399,2026-03-05,2,质量问题,1416.36,商品/运营,是
RT0002391,O00029400,2026-05-30,1,商品破损,1747.51,物流,是
RT0002392,O00029408,2026-04-10,2,物流延迟,1800.76,物流,是
RT0002393,O00029427,2026-01-20,1,无理由退货,304.02,商品/运营,是
RT0002394,O00029443,2026-06-13,1,物流延迟,677.71,物流,否
RT0002395,O00029480,2026-06-29,1,物流延迟,1268.26,物流,否
RT0002396,O00029492,2025-12-24,2,质量问题,1911.08,商品/运营,是
RT0002397,O00029527,2025-11-29,1,物流延迟,558.11,物流,是
RT0002398,O00029545,2025-08-26,2,商品破损,1963.2,物流,是
RT0002399,O00029555,2026-03-03,1,物流延迟,153.71,物流,否
RT0002400,O00029562,2025-11-16,2,物流延迟,1526.2,物流,否
RT0002401,O00029568,2025-12-27,3,尺寸/适配问题,2239.11,商品/运营,否
RT0002402,O00029574,2025-12-23,1,质量问题,677.71,商品/运营,是
RT0002403,O00029579,2026-04-15,3,无理由退货,6250.96,商品/运营,是
RT0002404,O00029629,2025-12-03,1,物流延迟,1929.96,物流,是
RT0002405,O00029630,2025-12-02,3,描述不符,4864.98,商品/运营,否
RT0002406,O00029639,2026-05-12,4,无理由退货,3242.98,商品/运营,是
RT0002407,O00029640,2026-05-29,4,物流延迟,4780.12,物流,否
RT0002408,O00029642,2026-06-24,4,物流延迟,7871.58,物流,否
RT0002409,O00029658,2025-12-23,3,质量问题,3840.29,商品/运营,是
RT0002410,O00029666,2026-01-14,1,商品破损,260.14,物流,否
RT0002411,O00029689,2026-03-18,1,无理由退货,1070.02,商品/运营,是
RT0002412,O00029696,2025-09-02,3,尺寸/适配问题,5238.4,商品/运营,是
RT0002413,O00029699,2026-02-11,4,无理由退货,4063.1,商品/运营,否
RT0002414,O00029787,2026-05-27,3,物流延迟,3185.13,物流,是
RT0002415,O00029801,2026-06-26,2,商品破损,1594.58,物流,否
RT0002416,O00029829,2026-04-22,1,商品破损,170.37,物流,是
RT0002417,O00029837,2026-04-23,2,物流延迟,1641.19,物流,是
RT0002418,O00029844,2026-01-15,1,物流延迟,526.55,物流,是
RT0002419,O00029868,2026-03-21,2,描述不符,2080.58,商品/运营,是
RT0002420,O00029876,2026-06-29,1,物流延迟,1515.16,物流,是
RT0002421,O00029880,2025-09-24,2,质量问题,2761.96,商品/运营,是
RT0002422,O00029881,2025-11-25,1,无理由退货,1854.25,商品/运营,是
RT0002423,O00029892,2026-01-23,1,无理由退货,1200.09,商品/运营,是
RT0002424,O00029901,2026-01-13,2,物流延迟,4641.96,物流,否
RT0002425,O00029926,2026-06-24,2,无理由退货,806.05,商品/运营,是
RT0002426,O00029934,2025-12-10,1,商品破损,1631.32,物流,否
RT0002427,O00029951,2025-08-13,1,无理由退货,1245.83,商品/运营,是
RT0002428,O00029969,2026-03-18,2,质量问题,1237.14,商品/运营,是
RT0002429,O00029970,2025-10-09,1,无理由退货,1113.4,商品/运营,否
RT0002430,O00029978,2026-06-07,3,质量问题,2171.17,商品/运营,是
RT0002431,O00029982,2026-05-23,1,尺寸/适配问题,300.86,商品/运营,是
RT0002432,O00029989,2026-06-30,1,物流延迟,2315.31,物流,是
RT0002433,O00030000,2025-12-03,1,无理由退货,527.16,商品/运营,是
RT0002434,O00030007,2026-06-15,3,无理由退货,6007.69,商品/运营,是
RT0002435,O00030020,2025-11-02,1,质量问题,553.89,商品/运营,否
RT0002436,O00030043,2025-10-21,2,质量问题,430.01,商品/运营,否
RT0002437,O00030065,2026-08-03,1,物流延迟,1580.73,物流,是
RT0002438,O00030067,2026-08-06,3,尺寸/适配问题,1790.43,商品/运营,否
RT0002439,O00030135,2026-07-25,1,无理由退货,942.15,商品/运营,是
RT0002440,O00030137,2025-09-02,1,物流延迟,100.55,物流,是
RT0002441,O00030142,2025-09-06,1,尺寸/适配问题,2333.38,商品/运营,是
RT0002442,O00030147,2026-04-15,1,物流延迟,1717.74,物流,否
RT0002443,O00030201,2025-10-31,1,物流延迟,362.51,物流,是
RT0002444,O00030205,2025-09-02,1,无理由退货,1779.82,商品/运营,是
RT0002445,O00030216,2026-01-13,1,物流延迟,362.51,物流,是
RT0002446,O00030234,2026-04-15,2,物流延迟,3088.63,物流,是
RT0002447,O00030240,2025-11-21,2,无理由退货,4829.57,商品/运营,是
RT0002448,O00030257,2026-01-26,3,物流延迟,697.97,物流,否
RT0002449,O00030260,2026-07-26,2,尺寸/适配问题,1700.21,商品/运营,否
RT0002450,O00030296,2026-01-04,1,无理由退货,1013.16,商品/运营,否
RT0002451,O00030303,2025-12-23,1,物流延迟,794.28,物流,是
RT0002452,O00030314,2025-11-10,1,描述不符,123.29,商品/运营,是
RT0002453,O00030323,2026-05-12,2,尺寸/适配问题,3047.31,商品/运营,是
RT0002454,O00030336,2026-07-10,3,物流延迟,3410.69,物流,是
RT0002455,O00030340,2026-02-23,1,物流延迟,592.75,物流,是
RT0002456,O00030361,2026-07-12,1,物流延迟,499.27,物流,是
RT0002457,O00030365,2025-12-17,2,无理由退货,1451.84,商品/运营,否
RT0002458,O00030369,2026-02-05,3,物流延迟,2609.81,物流,是
RT0002459,O00030374,2025-10-03,1,物流延迟,1134.73,物流,否
RT0002460,O00030378,2025-10-10,3,物流延迟,6382.6,物流,是
RT0002461,O00030388,2026-05-02,1,质量问题,161.8,商品/运营,是
RT0002462,O00030391,2025-08-15,1,物流延迟,1741.52,物流,是
RT0002463,O00030407,2026-01-24,1,商品破损,1488.23,物流,是
RT0002464,O00030438,2025-12-03,5,无理由退货,1235.12,商品/运营,否
RT0002465,O00030443,2025-12-08,2,物流延迟,2537.98,物流,是
RT0002466,O00030466,2026-01-18,2,质量问题,2500.33,商品/运营,是
RT0002467,O00030476,2026-03-10,3,无理由退货,6189.09,商品/运营,是
RT0002468,O00030481,2025-12-30,3,质量问题,3229.12,商品/运营,是
RT0002469,O00030487,2026-05-30,1,物流延迟,267.49,物流,是
RT0002470,O00030491,2025-12-27,1,商品破损,1042.58,物流,否
RT0002471,O00030504,2025-10-20,3,尺寸/适配问题,3882.42,商品/运营,是
RT0002472,O00030519,2026-01-18,5,质量问题,2635.82,商品/运营,否
RT0002473,O00030525,2025-10-02,2,质量问题,4842.38,商品/运营,是
RT0002474,O00030530,2026-03-31,1,物流延迟,869.4,物流,是
RT0002475,O00030536,2025-12-27,1,商品破损,404.16,物流,是
RT0002476,O00030580,2025-12-19,1,质量问题,209.21,商品/运营,是
RT0002477,O00030584,2025-09-11,3,物流延迟,5430.02,物流,是
RT0002478,O00030604,2026-04-03,1,物流延迟,646.42,物流,是
RT0002479,O00030612,2026-08-09,1,商品破损,1188.91,物流,是
RT0002480,O00030617,2025-09-08,1,描述不符,1605.9,商品/运营,是
RT0002481,O00030622,2025-11-11,4,无理由退货,2724.61,商品/运营,是
RT0002482,O00030628,2026-03-03,2,商品破损,1755.92,物流,否
RT0002483,O00030644,2026-03-04,1,无理由退货,606.56,商品/运营,是
RT0002484,O00030655,2025-11-14,2,无理由退货,3169.08,商品/运营,否
RT0002485,O00030666,2026-06-14,1,物流延迟,356.48,物流,是
RT0002486,O00030673,2026-02-28,3,无理由退货,1605.06,商品/运营,是
RT0002487,O00030680,2026-03-10,1,商品破损,1061.51,物流,是
RT0002488,O00030690,2025-08-10,2,无理由退货,409.38,商品/运营,是
RT0002489,O00030713,2025-11-14,1,无理由退货,1655.61,商品/运营,是
RT0002490,O00030727,2025-10-22,1,商品破损,1143.33,物流,是
RT0002491,O00030818,2026-04-19,2,无理由退货,1397.62,商品/运营,是
RT0002492,O00030835,2026-03-04,4,商品破损,493.17,物流,是
RT0002493,O00030837,2025-09-16,6,物流延迟,9630.99,物流,是
RT0002494,O00030847,2026-03-09,1,质量问题,967.89,商品/运营,是
RT0002495,O00030856,2026-02-09,2,物流延迟,269.01,物流,否
RT0002496,O00030878,2026-05-30,1,质量问题,1363.61,商品/运营,是
RT0002497,O00030880,2025-09-25,3,无理由退货,6216.98,商品/运营,是
RT0002498,O00030884,2025-10-21,2,物流延迟,2781.07,物流,是
RT0002499,O00030891,2026-08-01,2,物流延迟,573.07,物流,是
RT0002500,O00030901,2025-10-05,1,商品破损,185.44,物流,否
RT0002501,O00030907,2026-01-10,1,物流延迟,1488.23,物流,是
RT0002502,O00030911,2025-09-07,2,商品破损,2537.98,物流,是
RT0002503,O00030913,2026-03-26,4,尺寸/适配问题,3594.4,商品/运营,是
RT0002504,O00030920,2025-12-25,1,质量问题,277.99,商品/运营,否
RT0002505,O00030921,2026-06-21,2,尺寸/适配问题,3044.68,商品/运营,否
RT0002506,O00030923,2026-03-16,1,商品破损,1020.12,物流,否
RT0002507,O00030927,2026-06-30,2,尺寸/适配问题,3119.42,商品/运营,是
RT0002508,O00030932,2025-09-09,1,无理由退货,2254.97,商品/运营,是
RT0002509,O00030935,2026-05-09,5,物流延迟,707.04,物流,是
RT0002510,O00030941,2025-10-13,1,描述不符,866.72,商品/运营,否
RT0002511,O00030967,2026-01-16,1,质量问题,768.5,商品/运营,是
RT0002512,O00030973,2025-10-27,2,质量问题,2427.54,商品/运营,是
RT0002513,O00031028,2025-09-08,2,商品破损,2460.21,物流,否
RT0002514,O00031029,2025-12-04,4,物流延迟,4548.42,物流,否
RT0002515,O00031034,2025-10-22,2,质量问题,1174.21,商品/运营,是
RT0002516,O00031078,2026-02-21,2,物流延迟,1634.92,物流,否
RT0002517,O00031104,2025-10-26,1,尺寸/适配问题,2182.89,商品/运营,是
RT0002518,O00031116,2026-06-20,1,质量问题,831.32,商品/运营,是
RT0002519,O00031147,2025-12-30,1,物流延迟,434.73,物流,否
RT0002520,O00031166,2026-06-21,1,商品破损,2199.54,物流,否
RT0002521,O00031182,2026-01-08,3,质量问题,2055.68,商品/运营,是
RT0002522,O00031193,2026-02-09,2,质量问题,3800.83,商品/运营,否
RT0002523,O00031214,2026-04-25,3,描述不符,2866.62,商品/运营,否
RT0002524,O00031230,2025-12-28,2,物流延迟,2833.95,物流,否
RT0002525,O00031234,2026-05-20,7,无理由退货,2867.44,商品/运营,是
RT0002526,O00031260,2026-05-26,1,物流延迟,385.09,物流,是
RT0002527,O00031261,2026-02-20,1,质量问题,614.7,商品/运营,是
RT0002528,O00031267,2026-06-23,2,无理由退货,1085.81,商品/运营,是
RT0002529,O00031270,2025-10-22,2,质量问题,1968.3,商品/运营,否
RT0002530,O00031272,2026-05-24,1,商品破损,994.49,物流,是
RT0002531,O00031282,2025-11-17,4,商品破损,6364.32,物流,是
RT0002532,O00031289,2026-06-11,1,无理由退货,1092.39,商品/运营,否
RT0002533,O00031299,2025-09-29,3,质量问题,1654.62,商品/运营,是
RT0002534,O00031311,2025-10-13,1,物流延迟,1217.44,物流,是
RT0002535,O00031314,2025-11-24,1,描述不符,1090.18,商品/运营,是
RT0002536,O00031330,2025-12-21,2,尺寸/适配问题,2718.87,商品/运营,是
RT0002537,O00031336,2025-11-20,2,物流延迟,1940.06,物流,是
RT0002538,O00031349,2026-01-04,1,描述不符,832.77,商品/运营,是
RT0002539,O00031351,2025-08-15,5,物流延迟,1191.48,物流,否
RT0002540,O00031355,2026-05-18,1,商品破损,861.42,物流,是
RT0002541,O00031359,2025-12-27,2,尺寸/适配问题,3482.79,商品/运营,否
RT0002542,O00031387,2026-04-10,2,质量问题,2056.74,商品/运营,是
RT0002543,O00031394,2025-11-19,1,无理由退货,302.16,商品/运营,是
RT0002544,O00031406,2025-10-12,2,物流延迟,792.28,物流,是
RT0002545,O00031416,2026-05-11,1,无理由退货,2442.38,商品/运营,是
RT0002546,O00031424,2026-04-08,2,无理由退货,820.29,商品/运营,是
RT0002547,O00031438,2025-12-17,2,商品破损,967.01,物流,是
RT0002548,O00031440,2025-08-27,1,物流延迟,1791.26,物流,否
RT0002549,O00031467,2025-10-01,1,质量问题,1795.81,商品/运营,是
RT0002550,O00031470,2025-11-11,5,物流延迟,1243.75,物流,是
RT0002551,O00031490,2025-12-19,4,质量问题,3415.53,商品/运营,否
RT0002552,O00031492,2025-11-29,1,商品破损,790.99,物流,否
RT0002553,O00031503,2026-07-17,1,无理由退货,1424.78,商品/运营,是
RT0002554,O00031542,2026-05-01,1,物流延迟,1490.05,物流,否
RT0002555,O00031543,2026-05-10,1,物流延迟,1983.69,物流,是
RT0002556,O00031548,2026-05-15,1,尺寸/适配问题,2262.79,商品/运营,否
RT0002557,O00031554,2026-03-13,1,质量问题,2254.44,商品/运营,否
RT0002558,O00031567,2025-12-11,1,尺寸/适配问题,1314.63,商品/运营,是
RT0002559,O00031569,2026-01-16,1,物流延迟,548.85,物流,否
RT0002560,O00031580,2025-11-05,2,质量问题,921.75,商品/运营,是
RT0002561,O00031581,2025-11-02,4,描述不符,3198.93,商品/运营,是
RT0002562,O00031586,2026-01-14,1,质量问题,317.16,商品/运营,否
RT0002563,O00031600,2026-06-02,4,描述不符,1305.84,商品/运营,是
RT0002564,O00031602,2026-02-28,1,无理由退货,240.54,商品/运营,否
RT0002565,O00031635,2026-05-25,1,物流延迟,280.31,物流,是
RT0002566,O00031648,2026-07-06,4,商品破损,838.21,物流,否
RT0002567,O00031659,2025-09-17,1,质量问题,578.32,商品/运营,是
RT0002568,O00031663,2026-01-02,1,商品破损,278.08,物流,是
RT0002569,O00031669,2026-04-30,1,物流延迟,891.95,物流,是
RT0002570,O00031673,2025-09-16,1,质量问题,160.09,商品/运营,是
RT0002571,O00031699,2026-05-27,2,无理由退货,867.48,商品/运营,是
RT0002572,O00031711,2025-09-06,2,无理由退货,3194.13,商品/运营,否
RT0002573,O00031718,2025-11-11,2,尺寸/适配问题,220.76,商品/运营,否
RT0002574,O00031719,2026-03-17,4,商品破损,3926.4,物流,是
RT0002575,O00031724,2026-01-07,1,物流延迟,863.75,物流,否
RT0002576,O00031745,2025-11-25,1,尺寸/适配问题,2046.06,商品/运营,是
RT0002577,O00031772,2025-10-11,1,描述不符,2001.58,商品/运营,否
RT0002578,O00031774,2026-06-20,1,描述不符,453.43,商品/运营,否
RT0002579,O00031778,2026-05-11,1,物流延迟,796.8,物流,是
RT0002580,O00031780,2026-03-30,1,物流延迟,148.86,物流,是
RT0002581,O00031796,2025-08-24,4,无理由退货,3406.65,商品/运营,是
RT0002582,O00031814,2026-06-17,1,质量问题,737.92,商品/运营,是
RT0002583,O00031816,2026-08-08,2,物流延迟,4034.25,物流,否
RT0002584,O00031824,2025-12-22,3,无理由退货,3306.96,商品/运营,否
RT0002585,O00031828,2025-12-01,1,质量问题,1577.56,商品/运营,是
RT0002586,O00031832,2026-03-23,1,质量问题,487.62,商品/运营,是
RT0002587,O00031837,2026-03-25,2,无理由退货,2710.78,商品/运营,是
RT0002588,O00031848,2026-05-05,1,无理由退货,335.24,商品/运营,是
RT0002589,O00031856,2025-10-01,2,商品破损,5570.35,物流,是
RT0002590,O00031862,2026-08-11,3,物流延迟,2592.62,物流,是
RT0002591,O00031872,2025-12-22,1,描述不符,847.35,商品/运营,是
RT0002592,O00031873,2026-02-03,2,无理由退货,1776.58,商品/运营,是
RT0002593,O00031878,2025-11-15,1,物流延迟,902.45,物流,是
RT0002594,O00031880,2026-03-05,2,商品破损,2840.14,物流,是
RT0002595,O00031894,2026-05-31,4,物流延迟,2769.37,物流,是
RT0002596,O00031896,2025-09-13,2,无理由退货,3195.16,商品/运营,否
RT0002597,O00031909,2025-12-31,1,无理由退货,1906.41,商品/运营,是
RT0002598,O00031914,2025-09-08,1,描述不符,1812.58,商品/运营,否
RT0002599,O00031954,2025-12-27,3,质量问题,1634.4,商品/运营,是
RT0002600,O00031957,2026-01-25,2,尺寸/适配问题,313.81,商品/运营,是
RT0002601,O00031970,2026-04-24,1,质量问题,429.38,商品/运营,否
RT0002602,O00031977,2026-06-30,3,尺寸/适配问题,2563.58,商品/运营,是
RT0002603,O00032007,2026-01-06,1,质量问题,147.43,商品/运营,是
RT0002604,O00032014,2025-12-05,1,商品破损,281.07,物流,否
RT0002605,O00032023,2026-01-20,1,质量问题,2958.62,商品/运营,是
RT0002606,O00032024,2026-02-14,4,无理由退货,5680.77,商品/运营,否
RT0002607,O00032038,2025-09-29,1,商品破损,170.37,物流,否
RT0002608,O00032059,2025-09-19,2,质量问题,4447.96,商品/运营,是
RT0002609,O00032119,2026-03-04,1,无理由退货,903.11,商品/运营,是
RT0002610,O00032129,2026-04-08,5,商品破损,7694.97,物流,否
RT0002611,O00032138,2025-08-24,3,物流延迟,2344.18,物流,是
RT0002612,O00032184,2026-07-06,1,质量问题,412.91,商品/运营,否
RT0002613,O00032207,2026-02-13,2,物流延迟,1997.8,物流,是
RT0002614,O00032213,2025-12-26,1,描述不符,955.73,商品/运营,是
RT0002615,O00032218,2026-07-21,1,质量问题,2453.23,商品/运营,是
RT0002616,O00032237,2026-07-17,3,物流延迟,3956.07,物流,是
RT0002617,O00032266,2025-10-11,1,商品破损,446.72,物流,是
RT0002618,O00032276,2026-03-09,2,商品破损,3699.34,物流,是
RT0002619,O00032281,2026-08-11,3,尺寸/适配问题,471.36,商品/运营,是
RT0002620,O00032291,2026-06-30,1,物流延迟,1897.97,物流,是
RT0002621,O00032308,2025-12-06,3,尺寸/适配问题,451.92,商品/运营,否
RT0002622,O00032349,2026-05-26,1,无理由退货,1523.65,商品/运营,否
RT0002623,O00032359,2026-01-26,3,描述不符,1842.3,商品/运营,是
RT0002624,O00032365,2026-07-02,3,尺寸/适配问题,2094.95,商品/运营,是
RT0002625,O00032378,2025-10-23,1,物流延迟,155.06,物流,是
RT0002626,O00032380,2026-02-05,3,物流延迟,1805.09,物流,是
RT0002627,O00032403,2026-01-03,1,商品破损,197.01,物流,否
RT0002628,O00032422,2026-04-13,1,物流延迟,961.72,物流,是
RT0002629,O00032444,2026-06-14,2,无理由退货,1940.95,商品/运营,是
RT0002630,O00032446,2026-03-24,3,物流延迟,1415.02,物流,否
RT0002631,O00032471,2026-02-04,1,无理由退货,156.91,商品/运营,是
RT0002632,O00032496,2026-01-09,1,无理由退货,237.66,商品/运营,否
RT0002633,O00032504,2026-04-14,2,无理由退货,2173.32,商品/运营,是
RT0002634,O00032535,2026-06-13,1,物流延迟,2072.33,物流,是
RT0002635,O00032541,2025-10-08,1,物流延迟,1752.84,物流,否
RT0002636,O00032552,2026-01-11,4,无理由退货,1069.96,商品/运营,是
RT0002637,O00032568,2026-04-01,3,质量问题,3648.74,商品/运营,否
RT0002638,O00032580,2025-09-24,1,尺寸/适配问题,435.28,商品/运营,是
RT0002639,O00032584,2025-11-14,5,无理由退货,3538.64,商品/运营,否
RT0002640,O00032585,2025-11-06,1,商品破损,518.13,物流,是
RT0002641,O00032599,2026-06-16,2,描述不符,2778.14,商品/运营,否
RT0002642,O00032605,2026-03-17,1,物流延迟,1038.19,物流,是
RT0002643,O00032608,2026-03-10,2,商品破损,1258.94,物流,否
RT0002644,O00032613,2025-12-03,5,无理由退货,2638.15,商品/运营,否
RT0002645,O00032614,2026-06-11,2,无理由退货,2771.33,商品/运营,否
RT0002646,O00032621,2026-01-15,1,质量问题,336.8,商品/运营,是
RT0002647,O00032623,2026-04-02,1,物流延迟,1672.82,物流,否
RT0002648,O00032626,2025-09-21,1,商品破损,944.67,物流,是
RT0002649,O00032642,2026-05-28,1,无理由退货,459.25,商品/运营,是
RT0002650,O00032659,2025-09-24,1,无理由退货,135.24,商品/运营,否
RT0002651,O00032664,2026-03-10,1,描述不符,674.25,商品/运营,是
RT0002652,O00032672,2026-03-17,1,物流延迟,1307.04,物流,是
RT0002653,O00032724,2026-08-03,1,无理由退货,2028.71,商品/运营,是
RT0002654,O00032725,2026-06-12,5,无理由退货,2833.95,商品/运营,否
RT0002655,O00032728,2025-11-21,1,物流延迟,1853.42,物流,是
RT0002656,O00032771,2026-03-30,1,商品破损,759.04,物流,否
RT0002657,O00032805,2026-04-06,2,无理由退货,2883.88,商品/运营,是
RT0002658,O00032810,2025-10-30,3,物流延迟,1646.54,物流,是
RT0002659,O00032821,2026-01-19,3,物流延迟,2279.61,物流,是
RT0002660,O00032822,2026-07-11,2,描述不符,4447.96,商品/运营,是
RT0002661,O00032824,2025-10-15,4,物流延迟,5177.12,物流,是
RT0002662,O00032833,2026-03-26,1,尺寸/适配问题,791.22,商品/运营,是
RT0002663,O00032849,2026-01-17,1,商品破损,1075.53,物流,是
RT0002664,O00032852,2026-07-13,1,质量问题,2551.34,商品/运营,是
RT0002665,O00032863,2026-01-09,1,尺寸/适配问题,761.09,商品/运营,是
RT0002666,O00032874,2025-12-27,1,质量问题,225.69,商品/运营,是
RT0002667,O00032879,2026-04-22,1,尺寸/适配问题,609.83,商品/运营,否
RT0002668,O00032895,2026-04-05,6,物流延迟,3535.87,物流,是
RT0002669,O00032902,2025-12-02,2,描述不符,1437.17,商品/运营,否
RT0002670,O00032923,2025-12-30,4,描述不符,6945.93,商品/运营,是
RT0002671,O00032928,2026-03-11,2,质量问题,4661.14,商品/运营,否
RT0002672,O00032949,2026-07-14,4,物流延迟,992.67,物流,否
RT0002673,O00032953,2026-07-23,5,物流延迟,6299.27,物流,否
RT0002674,O00032955,2026-05-18,2,物流延迟,863.46,物流,是
RT0002675,O00032958,2025-12-22,3,物流延迟,1895.49,物流,否
RT0002676,O00032962,2026-06-09,3,物流延迟,1602.96,物流,是
RT0002677,O00032971,2025-11-19,3,商品破损,1510.56,物流,否
RT0002678,O00032976,2026-01-15,2,无理由退货,2926.45,商品/运营,是
RT0002679,O00032984,2026-05-08,1,商品破损,932.36,物流,是
RT0002680,O00032997,2026-05-17,3,商品破损,2862.2,物流,是
RT0002681,O00033010,2025-10-06,4,质量问题,3445.66,商品/运营,是
RT0002682,O00033015,2026-04-22,1,物流延迟,1147.36,物流,是
RT0002683,O00033026,2025-09-19,1,物流延迟,266.5,物流,否
RT0002684,O00033043,2026-07-28,2,无理由退货,2575.77,商品/运营,是
RT0002685,O00033062,2026-01-04,1,物流延迟,778.19,物流,是
RT0002686,O00033079,2026-01-16,3,物流延迟,2493.54,物流,是
RT0002687,O00033115,2026-05-23,1,物流延迟,195.2,物流,是
RT0002688,O00033145,2026-03-10,6,物流延迟,4538.74,物流,是
RT0002689,O00033146,2026-01-25,3,物流延迟,2911.43,物流,是
RT0002690,O00033156,2026-06-05,1,无理由退货,955.73,商品/运营,否
RT0002691,O00033162,2026-05-09,1,无理由退货,955.54,商品/运营,是
RT0002692,O00033186,2025-09-22,1,尺寸/适配问题,1707.0,商品/运营,否
RT0002693,O00033198,2026-01-30,1,物流延迟,1315.04,物流,否
RT0002694,O00033202,2026-07-25,1,物流延迟,2510.04,物流,否
RT0002695,O00033216,2025-11-28,1,无理由退货,615.29,商品/运营,是
RT0002696,O00033221,2025-11-27,2,物流延迟,4079.36,物流,是
RT0002697,O00033225,2026-02-24,2,描述不符,5879.82,商品/运营,是
RT0002698,O00033246,2026-04-20,2,无理由退货,1229.87,商品/运营,是
RT0002699,O00033254,2026-03-06,1,质量问题,2568.11,商品/运营,是
RT0002700,O00033279,2026-02-27,1,商品破损,140.57,物流,是
RT0002701,O00033282,2025-10-03,1,无理由退货,868.59,商品/运营,否
RT0002702,O00033305,2025-11-10,1,无理由退货,200.11,商品/运营,是
RT0002703,O00033314,2026-06-24,1,质量问题,1207.4,商品/运营,是
RT0002704,O00033319,2026-05-18,1,商品破损,276.21,物流,是
RT0002705,O00033321,2025-12-07,1,物流延迟,2551.34,物流,否
RT0002706,O00033323,2026-01-05,1,无理由退货,837.44,商品/运营,否
RT0002707,O00033334,2026-04-28,1,物流延迟,535.02,物流,否
RT0002708,O00033335,2025-12-31,1,物流延迟,645.18,物流,是
RT0002709,O00033351,2026-01-18,2,无理由退货,313.81,商品/运营,是
RT0002710,O00033354,2026-05-04,1,质量问题,1019.27,商品/运营,是
RT0002711,O00033358,2025-10-24,2,物流延迟,2430.56,物流,是
RT0002712,O00033367,2025-11-21,1,无理由退货,852.72,商品/运营,是
RT0002713,O00033375,2025-09-18,1,质量问题,1120.89,商品/运营,是
RT0002714,O00033376,2025-12-25,1,物流延迟,1353.68,物流,是
RT0002715,O00033379,2026-01-22,1,尺寸/适配问题,1966.09,商品/运营,是
RT0002716,O00033386,2025-11-29,2,质量问题,2524.94,商品/运营,是
RT0002717,O00033401,2026-07-07,1,描述不符,1879.28,商品/运营,是
RT0002718,O00033406,2026-03-01,1,质量问题,1108.83,商品/运营,是
RT0002719,O00033409,2025-09-03,1,尺寸/适配问题,2060.62,商品/运营,是
RT0002720,O00033418,2025-12-12,1,物流延迟,344.56,物流,否
RT0002721,O00033424,2026-01-01,1,物流延迟,1097.45,物流,是
RT0002722,O00033429,2026-02-16,1,质量问题,1215.28,商品/运营,是
RT0002723,O00033435,2025-09-06,1,无理由退货,1688.06,商品/运营,否
RT0002724,O00033452,2026-01-23,1,物流延迟,1673.34,物流,否
RT0002725,O00033460,2026-06-23,5,物流延迟,7022.8,物流,否
RT0002726,O00033466,2026-05-31,2,质量问题,1036.25,商品/运营,否
RT0002727,O00033469,2025-08-24,1,物流延迟,699.81,物流,是
RT0002728,O00033477,2025-11-13,3,物流延迟,2127.15,物流,是
RT0002729,O00033487,2026-05-23,4,质量问题,2952.45,商品/运营,否
RT0002730,O00033490,2026-01-30,1,描述不符,753.21,商品/运营,是
RT0002731,O00033492,2026-05-04,1,描述不符,714.85,商品/运营,否
RT0002732,O00033501,2025-09-04,1,尺寸/适配问题,1084.78,商品/运营,否
RT0002733,O00033504,2026-05-18,1,商品破损,791.5,物流,是
RT0002734,O00033506,2025-12-30,1,物流延迟,932.83,物流,是
RT0002735,O00033524,2025-10-22,3,无理由退货,1967.96,商品/运营,否
RT0002736,O00033530,2026-02-27,1,商品破损,686.46,物流,是
RT0002737,O00033532,2026-06-07,1,质量问题,379.88,商品/运营,是
RT0002738,O00033544,2025-10-08,3,质量问题,682.89,商品/运营,否
RT0002739,O00033554,2026-03-31,3,物流延迟,2758.49,物流,是
RT0002740,O00033561,2025-12-28,2,质量问题,261.92,商品/运营,是
RT0002741,O00033581,2025-12-01,1,无理由退货,1143.92,商品/运营,是
RT0002742,O00033589,2026-05-16,1,无理由退货,1247.11,商品/运营,是
RT0002743,O00033598,2026-04-30,3,物流延迟,5519.77,物流,是
RT0002744,O00033610,2026-05-18,1,无理由退货,1450.18,商品/运营,是
RT0002745,O00033624,2026-07-29,5,描述不符,5539.5,商品/运营,是
RT0002746,O00033635,2026-01-25,2,质量问题,2704.36,商品/运营,是
RT0002747,O00033645,2026-07-12,1,描述不符,1553.91,商品/运营,否
RT0002748,O00033674,2026-01-23,2,无理由退货,368.97,商品/运营,是
RT0002749,O00033677,2025-09-09,6,物流延迟,7600.85,物流,是
RT0002750,O00033686,2025-12-27,1,商品破损,445.73,物流,是
RT0002751,O00033718,2026-06-26,3,物流延迟,6285.03,物流,否
RT0002752,O00033725,2026-07-04,4,无理由退货,655.01,商品/运营,是
RT0002753,O00033737,2025-11-23,3,物流延迟,2222.03,物流,是
RT0002754,O00033738,2026-03-17,3,物流延迟,816.57,物流,是
RT0002755,O00033741,2026-02-03,1,质量问题,1678.69,商品/运营,是
RT0002756,O00033759,2026-04-16,1,质量问题,283.31,商品/运营,是
RT0002757,O00033767,2026-06-24,1,物流延迟,1162.44,物流,是
RT0002758,O00033802,2025-10-22,2,物流延迟,1214.46,物流,是
RT0002759,O00033808,2026-01-01,1,商品破损,652.03,物流,是
RT0002760,O00033818,2025-10-28,1,描述不符,1393.22,商品/运营,是
RT0002761,O00033824,2026-08-08,2,物流延迟,1036.71,物流,否
RT0002762,O00033825,2025-10-12,2,质量问题,915.03,商品/运营,否
RT0002763,O00033827,2026-04-21,1,商品破损,740.68,物流,是
RT0002764,O00033839,2026-01-21,3,无理由退货,1873.93,商品/运营,是
RT0002765,O00033840,2025-11-15,1,商品破损,1741.4,物流,是
RT0002766,O00033874,2026-04-29,1,无理由退货,2091.68,商品/运营,否
RT0002767,O00033902,2026-05-08,2,质量问题,4183.36,商品/运营,是
RT0002768,O00033915,2026-06-28,2,商品破损,4038.38,物流,是
RT0002769,O00033928,2025-11-14,1,描述不符,615.29,商品/运营,是
RT0002770,O00033931,2026-06-25,1,尺寸/适配问题,967.89,商品/运营,是
RT0002771,O00033937,2026-02-24,1,无理由退货,998.9,商品/运营,否
RT0002772,O00033943,2026-05-28,3,尺寸/适配问题,1415.02,商品/运营,是
RT0002773,O00033951,2025-12-12,2,商品破损,1466.14,物流,否
RT0002774,O00033953,2026-07-25,5,物流延迟,3454.0,物流,是
RT0002775,O00033977,2026-02-11,1,商品破损,1080.37,物流,否
RT0002776,O00033995,2026-04-29,4,无理由退货,2246.22,商品/运营,是
RT0002777,O00033999,2026-01-06,2,物流延迟,2969.18,物流,是
RT0002778,O00034000,2026-03-15,3,描述不符,2608.2,商品/运营,是
RT0002779,O00034005,2026-05-28,2,物流延迟,2984.14,物流,否
RT0002780,O00034022,2025-12-21,1,质量问题,110.38,商品/运营,是
RT0002781,O00034023,2025-12-06,2,物流延迟,588.62,物流,是
RT0002782,O00034055,2026-02-15,2,无理由退货,3208.68,商品/运营,是
RT0002783,O00034091,2025-12-25,1,尺寸/适配问题,434.73,商品/运营,是
RT0002784,O00034117,2025-09-25,1,物流延迟,225.78,物流,否
RT0002785,O00034140,2026-01-09,1,物流延迟,997.42,物流,否
RT0002786,O00034146,2026-03-07,1,描述不符,744.81,商品/运营,是
RT0002787,O00034159,2026-08-06,1,物流延迟,349.39,物流,是
RT0002788,O00034168,2026-06-16,1,物流延迟,1015.45,物流,是
RT0002789,O00034193,2026-05-01,3,商品破损,2915.1,物流,是
RT0002790,O00034194,2025-09-25,1,商品破损,2383.18,物流,是
RT0002791,O00034212,2026-02-14,3,无理由退货,364.05,商品/运营,是
RT0002792,O00034222,2026-05-21,2,无理由退货,353.83,商品/运营,是
RT0002793,O00034228,2026-06-04,1,描述不符,830.23,商品/运营,否
RT0002794,O00034234,2025-08-26,5,物流延迟,3092.85,物流,否
RT0002795,O00034287,2025-11-22,3,无理由退货,4264.14,商品/运营,是
RT0002796,O00034288,2026-04-22,1,无理由退货,1046.83,商品/运营,是
RT0002797,O00034290,2025-11-09,1,商品破损,510.5,物流,是
RT0002798,O00034291,2026-05-22,2,物流延迟,2003.33,物流,是
RT0002799,O00034302,2026-05-10,2,质量问题,1884.29,商品/运营,是
RT0002800,O00034304,2025-12-12,1,商品破损,721.61,物流,是
RT0002801,O00034315,2025-09-29,1,尺寸/适配问题,956.78,商品/运营,否
RT0002802,O00034321,2026-07-08,1,物流延迟,989.6,物流,是
RT0002803,O00034348,2025-10-12,2,物流延迟,3044.68,物流,否
RT0002804,O00034351,2025-11-21,1,无理由退货,320.86,商品/运营,是
RT0002805,O00034361,2026-02-09,2,物流延迟,1260.5,物流,是
RT0002806,O00034364,2025-11-06,1,无理由退货,664.41,商品/运营,是
RT0002807,O00034369,2026-06-18,2,无理由退货,566.62,商品/运营,是
RT0002808,O00034385,2026-08-03,5,物流延迟,4810.85,物流,是
RT0002809,O00034396,2026-06-25,2,物流延迟,551.84,物流,否
RT0002810,O00034433,2026-03-11,1,商品破损,642.91,物流,是
RT0002811,O00034435,2025-10-18,1,物流延迟,252.95,物流,否
RT0002812,O00034459,2026-01-19,3,物流延迟,460.55,物流,是
RT0002813,O00034460,2025-12-17,2,无理由退货,3398.05,商品/运营,否
RT0002814,O00034469,2026-02-10,3,无理由退货,4014.77,商品/运营,是
RT0002815,O00034473,2026-04-19,1,物流延迟,450.86,物流,是
RT0002816,O00034507,2026-04-11,2,物流延迟,6037.64,物流,是
RT0002817,O00034519,2026-04-24,1,质量问题,673.74,商品/运营,否
RT0002818,O00034521,2026-04-09,3,尺寸/适配问题,3064.77,商品/运营,是
RT0002819,O00034522,2026-03-14,3,尺寸/适配问题,1286.3,商品/运营,是
RT0002820,O00034550,2025-08-20,2,物流延迟,581.5,物流,是
RT0002821,O00034562,2025-08-17,1,无理由退货,964.04,商品/运营,否
RT0002822,O00034577,2025-12-12,2,物流延迟,2639.23,物流,是
RT0002823,O00034582,2026-04-05,1,物流延迟,1739.04,物流,否
RT0002824,O00034603,2026-03-24,2,质量问题,1417.5,商品/运营,否
RT0002825,O00034627,2026-04-16,4,物流延迟,4213.68,物流,是
RT0002826,O00034631,2025-11-03,1,质量问题,1108.24,商品/运营,是
RT0002827,O00034637,2026-04-19,2,物流延迟,565.95,物流,否
RT0002828,O00034646,2025-11-19,2,物流延迟,3280.28,物流,是
RT0002829,O00034650,2026-07-18,1,商品破损,148.86,物流,是
RT0002830,O00034685,2025-12-16,1,无理由退货,546.18,商品/运营,是
RT0002831,O00034687,2025-10-20,1,物流延迟,486.25,物流,是
RT0002832,O00034695,2026-01-27,7,物流延迟,10120.26,物流,是
RT0002833,O00034708,2026-08-05,2,商品破损,2532.93,物流,是
RT0002834,O00034714,2026-05-22,3,物流延迟,1798.53,物流,否
RT0002835,O00034724,2026-05-24,2,描述不符,2649.72,商品/运营,是
RT0002836,O00034733,2025-08-29,1,物流延迟,955.54,物流,是
RT0002837,O00034738,2026-06-05,1,物流延迟,555.4,物流,否
RT0002838,O00034740,2026-03-28,3,质量问题,2558.82,商品/运营,是
RT0002839,O00034749,2026-06-22,2,物流延迟,941.52,物流,是
RT0002840,O00034759,2025-11-12,3,商品破损,6792.81,物流,否
RT0002841,O00034773,2026-02-28,2,无理由退货,3266.64,商品/运营,是
RT0002842,O00034783,2026-07-04,1,尺寸/适配问题,381.55,商品/运营,否
RT0002843,O00034790,2025-08-31,3,无理由退货,6275.09,商品/运营,是
RT0002844,O00034805,2026-03-07,1,质量问题,1781.71,商品/运营,是
RT0002845,O00034807,2026-03-29,1,物流延迟,1431.97,物流,是
RT0002846,O00034817,2025-12-30,1,物流延迟,278.08,物流,是
RT0002847,O00034822,2025-09-27,2,物流延迟,1185.32,物流,是
RT0002848,O00034860,2025-10-31,1,无理由退货,1385.67,商品/运营,否
RT0002849,O00034861,2026-06-23,1,商品破损,1036.5,物流,否
RT0002850,O00034862,2025-09-19,6,物流延迟,16914.27,物流,是
RT0002851,O00034873,2026-05-31,1,物流延迟,686.77,物流,是
RT0002852,O00034898,2025-11-02,2,无理由退货,1851.44,商品/运营,是
RT0002853,O00034904,2026-04-21,1,物流延迟,290.51,物流,是
RT0002854,O00034913,2026-06-05,2,商品破损,176.61,物流,是
RT0002855,O00034916,2025-10-13,1,物流延迟,2201.85,物流,是
RT0002856,O00034923,2026-03-26,3,物流延迟,1967.96,物流,是
RT0002857,O00034942,2026-02-03,1,物流延迟,500.95,物流,是
RT0002858,O00034952,2025-08-10,1,物流延迟,264.18,物流,否
RT0002859,O00034965,2026-05-15,1,物流延迟,621.44,物流,是
RT0002860,O00034970,2025-10-23,1,尺寸/适配问题,556.29,商品/运营,是
RT0002861,O00034986,2026-03-19,3,尺寸/适配问题,3001.26,商品/运营,否
RT0002862,O00034988,2026-03-31,1,商品破损,708.87,物流,否
RT0002863,O00034992,2026-05-29,5,尺寸/适配问题,4552.39,商品/运营,是
RT0002864,O00034999,2025-12-29,1,物流延迟,260.65,物流,否
RT0002865,O00035022,2025-08-22,1,无理由退货,700.37,商品/运营,是
RT0002866,O00035037,2026-04-22,1,商品破损,691.62,物流,是
RT0002867,O00035048,2025-11-14,1,描述不符,1291.6,商品/运营,是
RT0002868,O00035051,2026-01-18,1,质量问题,1703.93,商品/运营,是
RT0002869,O00035056,2025-11-07,1,物流延迟,2659.84,物流,否
RT0002870,O00035058,2026-06-27,4,无理由退货,4465.57,商品/运营,否
RT0002871,O00035070,2025-10-13,1,物流延迟,1305.89,物流,是
RT0002872,O00035073,2026-06-07,1,商品破损,753.0,物流,是
RT0002873,O00035074,2025-10-13,1,物流延迟,145.26,物流,否
RT0002874,O00035090,2026-06-13,1,物流延迟,656.27,物流,否
RT0002875,O00035111,2026-08-06,3,物流延迟,4545.48,物流,是
RT0002876,O00035113,2025-08-28,2,物流延迟,1776.58,物流,是
RT0002877,O00035121,2025-08-15,4,质量问题,5459.52,商品/运营,是
RT0002878,O00035123,2025-12-07,2,物流延迟,1030.15,物流,否
RT0002879,O00035188,2026-06-03,1,物流延迟,708.87,物流,是
RT0002880,O00035202,2026-05-13,3,无理由退货,2962.2,商品/运营,否
RT0002881,O00035206,2026-04-17,3,无理由退货,1992.25,商品/运营,是
RT0002882,O00035273,2025-12-27,3,物流延迟,2199.17,物流,是
RT0002883,O00035289,2025-12-16,1,物流延迟,2199.41,物流,否
RT0002884,O00035291,2026-01-10,2,商品破损,1460.15,物流,是
RT0002885,O00035323,2026-02-11,1,商品破损,768.5,物流,是
RT0002886,O00035347,2026-07-02,2,商品破损,3223.37,物流,是
RT0002887,O00035369,2026-07-17,2,尺寸/适配问题,1982.0,商品/运营,是
RT0002888,O00035388,2026-04-02,3,无理由退货,540.3,商品/运营,否
RT0002889,O00035389,2026-01-12,7,质量问题,8587.37,商品/运营,否
RT0002890,O00035395,2025-09-01,1,商品破损,1539.63,物流,否
RT0002891,O00035422,2025-08-15,4,商品破损,5084.08,物流,是
RT0002892,O00035441,2026-05-19,2,质量问题,2390.06,商品/运营,是
RT0002893,O00035489,2026-01-09,2,物流延迟,647.86,物流,是
RT0002894,O00035490,2025-09-23,1,物流延迟,1604.34,物流,否
RT0002895,O00035491,2025-11-28,2,尺寸/适配问题,847.88,商品/运营,否
RT0002896,O00035513,2025-11-23,3,物流延迟,6598.63,物流,是
RT0002897,O00035525,2025-12-01,4,物流延迟,2066.66,物流,否
RT0002898,O00035535,2026-06-12,2,物流延迟,2769.08,物流,否
RT0002899,O00035550,2026-04-23,1,物流延迟,1947.02,物流,否
RT0002900,O00035557,2026-05-20,4,物流延迟,455.52,物流,是
RT0002901,O00035559,2026-01-17,1,描述不符,320.86,商品/运营,是
RT0002902,O00035564,2026-04-29,3,无理由退货,6505.04,商品/运营,是
RT0002903,O00035568,2026-06-09,1,商品破损,161.8,物流,是
RT0002904,O00035597,2025-11-10,2,尺寸/适配问题,2031.55,商品/运营,否
RT0002905,O00035602,2025-12-16,1,物流延迟,549.61,物流,否
RT0002906,O00035629,2026-08-03,2,无理由退货,1581.98,商品/运营,是
RT0002907,O00035630,2026-07-16,3,无理由退货,1569.69,商品/运营,否
RT0002908,O00035636,2026-07-06,2,物流延迟,1581.33,物流,否
RT0002909,O00035649,2025-09-10,1,物流延迟,268.84,物流,是
RT0002910,O00035662,2026-07-21,4,质量问题,6285.03,商品/运营,是
RT0002911,O00035686,2026-08-03,1,质量问题,1271.02,商品/运营,是
RT0002912,O00035693,2025-11-12,7,尺寸/适配问题,4471.21,商品/运营,是
RT0002913,O00035723,2026-07-29,2,尺寸/适配问题,4176.18,商品/运营,是
RT0002914,O00035728,2025-09-16,1,描述不符,135.23,商品/运营,是
RT0002915,O00035746,2025-11-01,2,描述不符,2347.7,商品/运营,是
RT0002916,O00035783,2026-03-23,1,无理由退货,885.88,商品/运营,是
RT0002917,O00035784,2026-06-25,2,尺寸/适配问题,1475.84,商品/运营,否
RT0002918,O00035786,2025-12-28,1,无理由退货,225.46,商品/运营,是
RT0002919,O00035793,2025-10-31,1,无理由退货,276.39,商品/运营,否
RT0002920,O00035799,2026-04-27,3,商品破损,4955.78,物流,是
RT0002921,O00035822,2026-06-17,2,质量问题,1466.11,商品/运营,是
RT0002922,O00035833,2026-02-04,1,物流延迟,1808.8,物流,是
RT0002923,O00035860,2026-04-26,1,尺寸/适配问题,3018.82,商品/运营,是
RT0002924,O00035876,2026-05-31,1,物流延迟,753.0,物流,否
RT0002925,O00035890,2026-07-23,1,商品破损,2548.23,物流,否
RT0002926,O00035896,2025-12-19,1,物流延迟,2536.87,物流,是
RT0002927,O00035904,2026-01-24,2,物流延迟,3372.22,物流,是
RT0002928,O00035918,2025-12-15,3,无理由退货,3091.97,商品/运营,是
RT0002929,O00035957,2025-11-20,1,质量问题,1558.13,商品/运营,否
RT0002930,O00035970,2025-09-29,2,质量问题,1543.79,商品/运营,是
RT0002931,O00035982,2026-01-17,1,物流延迟,510.5,物流,是
RT0002932,O00036001,2025-09-12,4,质量问题,1638.54,商品/运营,是
RT0002933,O00036010,2026-02-02,1,无理由退货,796.72,商品/运营,是
RT0002934,O00036012,2025-10-23,1,质量问题,2958.62,商品/运营,是
RT0002935,O00036013,2025-11-27,3,物流延迟,2082.87,物流,否
RT0002936,O00036021,2026-05-13,1,物流延迟,723.87,物流,否
RT0002937,O00036022,2026-04-02,1,商品破损,255.83,物流,是
RT0002938,O00036052,2025-08-13,1,尺寸/适配问题,274.95,商品/运营,否
RT0002939,O00036058,2026-06-09,1,无理由退货,1853.42,商品/运营,是
RT0002940,O00036061,2026-04-14,1,物流延迟,2183.73,物流,是
RT0002941,O00036065,2026-02-26,2,尺寸/适配问题,3048.25,商品/运营,否
RT0002942,O00036066,2026-07-18,2,物流延迟,983.52,物流,是
RT0002943,O00036072,2025-08-07,2,尺寸/适配问题,2583.2,商品/运营,是
RT0002944,O00036078,2025-12-07,1,商品破损,850.1,物流,是
RT0002945,O00036081,2025-11-04,2,无理由退货,1255.75,商品/运营,否
RT0002946,O00036083,2026-03-03,1,质量问题,592.75,商品/运营,否
RT0002947,O00036085,2025-12-22,1,商品破损,606.08,物流,否
RT0002948,O00036089,2025-09-19,1,物流延迟,503.52,物流,是
RT0002949,O00036094,2025-09-04,3,商品破损,5463.28,物流,是
RT0002950,O00036108,2026-05-18,1,尺寸/适配问题,638.14,商品/运营,否
RT0002951,O00036112,2025-11-22,3,描述不符,2311.25,商品/运营,是
RT0002952,O00036113,2026-07-22,2,物流延迟,2559.15,物流,是
RT0002953,O00036128,2025-10-29,1,无理由退货,989.02,商品/运营,否
RT0002954,O00036167,2026-02-23,1,质量问题,1270.5,商品/运营,否
RT0002955,O00036208,2026-04-28,1,无理由退货,691.62,商品/运营,是
RT0002956,O00036216,2026-01-24,2,质量问题,313.25,商品/运营,是
RT0002957,O00036217,2026-04-13,1,物流延迟,749.84,物流,是
RT0002958,O00036226,2026-01-06,1,描述不符,1779.82,商品/运营,是
RT0002959,O00036233,2025-12-16,2,商品破损,2778.14,物流,是
RT0002960,O00036242,2026-07-08,1,商品破损,1099.55,物流,是
RT0002961,O00036257,2026-07-25,2,物流延迟,2987.38,物流,否
RT0002962,O00036263,2025-12-19,4,无理由退货,4773.24,商品/运营,是
RT0002963,O00036274,2026-05-07,1,物流延迟,367.89,物流,否
RT0002964,O00036330,2025-09-06,1,物流延迟,1580.68,物流,否
RT0002965,O00036352,2025-08-12,1,物流延迟,2235.13,物流,否
RT0002966,O00036353,2026-02-04,1,商品破损,1880.7,物流,是
RT0002967,O00036357,2026-06-05,1,描述不符,326.46,商品/运营,是
RT0002968,O00036358,2026-07-02,3,物流延迟,1372.12,物流,是
RT0002969,O00036359,2026-01-01,4,物流延迟,7011.36,物流,否
RT0002970,O00036378,2026-03-20,1,商品破损,1277.95,物流,是
RT0002971,O00036398,2025-12-06,4,无理由退货,2191.29,商品/运营,否
RT0002972,O00036414,2026-03-14,3,物流延迟,2777.06,物流,是
RT0002973,O00036415,2026-01-02,2,描述不符,2887.81,商品/运营,否
RT0002974,O00036419,2026-04-04,1,物流延迟,731.1,物流,否
RT0002975,O00036431,2026-01-31,2,质量问题,2386.62,商品/运营,是
RT0002976,O00036466,2025-10-27,2,尺寸/适配问题,2946.12,商品/运营,是
RT0002977,O00036475,2025-09-02,1,质量问题,238.07,商品/运营,是
RT0002978,O00036476,2025-12-15,1,无理由退货,1122.42,商品/运营,否
RT0002979,O00036481,2025-09-12,2,尺寸/适配问题,3587.12,商品/运营,是
RT0002980,O00036500,2025-12-24,1,无理由退货,1121.11,商品/运营,否
RT0002981,O00036503,2025-11-27,2,质量问题,2394.78,商品/运营,是
RT0002982,O00036518,2026-08-09,1,商品破损,1889.3,物流,否
RT0002983,O00036524,2026-07-20,2,质量问题,2891.5,商品/运营,否
RT0002984,O00036540,2026-04-03,4,商品破损,1937.7,物流,是
RT0002985,O00036546,2025-12-29,1,描述不符,615.29,商品/运营,是
RT0002986,O00036568,2026-04-02,1,物流延迟,446.92,物流,是
RT0002987,O00036584,2025-09-26,1,无理由退货,714.85,商品/运营,否
RT0002988,O00036592,2026-08-04,1,质量问题,388.56,商品/运营,是
RT0002989,O00036599,2026-03-21,1,质量问题,690.97,商品/运营,是
RT0002990,O00036602,2025-09-09,1,质量问题,905.42,商品/运营,是
RT0002991,O00036604,2025-12-30,1,物流延迟,627.68,物流,是
RT0002992,O00036612,2026-06-01,2,质量问题,393.14,商品/运营,否
RT0002993,O00036643,2025-11-20,3,商品破损,4905.41,物流,是
RT0002994,O00036644,2026-05-27,2,无理由退货,1422.34,商品/运营,否
RT0002995,O00036649,2025-12-02,2,物流延迟,2466.6,物流,是
RT0002996,O00036660,2026-07-07,1,物流延迟,1207.4,物流,是
RT0002997,O00036672,2025-12-20,3,物流延迟,3391.13,物流,是
RT0002998,O00036676,2026-04-13,2,无理由退货,508.56,商品/运营,否
RT0002999,O00036677,2026-07-18,1,商品破损,676.3,物流,是
RT0003000,O00036692,2025-08-18,1,尺寸/适配问题,2439.7,商品/运营,否
RT0003001,O00036698,2026-01-16,1,描述不符,1775.09,商品/运营,是
RT0003002,O00036702,2026-08-02,3,商品破损,2880.69,物流,是
RT0003003,O00036730,2026-04-29,4,描述不符,2527.31,商品/运营,是
RT0003004,O00036735,2026-01-12,1,物流延迟,1775.24,物流,是
RT0003005,O00036744,2025-08-13,1,物流延迟,798.5,物流,是
RT0003006,O00036756,2025-11-30,4,商品破损,1019.38,物流,是
RT0003007,O00036763,2026-05-20,1,物流延迟,2362.01,物流,是
RT0003008,O00036797,2026-01-13,1,商品破损,736.2,物流,是
RT0003009,O00036809,2026-03-27,2,物流延迟,3225.23,物流,是
RT0003010,O00036847,2026-04-08,3,商品破损,1192.55,物流,是
RT0003011,O00036864,2026-06-03,4,商品破损,7126.56,物流,是
RT0003012,O00036892,2026-05-04,1,无理由退货,1116.58,商品/运营,否
RT0003013,O00036912,2025-11-21,5,物流延迟,5002.1,物流,是
RT0003014,O00036922,2025-08-20,1,描述不符,1041.11,商品/运营,否
RT0003015,O00036926,2026-03-07,2,物流延迟,2085.16,物流,是
RT0003016,O00036927,2025-12-21,1,质量问题,1089.94,商品/运营,否
RT0003017,O00036933,2026-07-19,3,商品破损,1638.54,物流,是
RT0003018,O00036934,2026-03-31,1,物流延迟,1665.2,物流,否
RT0003019,O00036944,2025-12-25,2,质量问题,4194.76,商品/运营,是
RT0003020,O00036949,2026-02-10,1,描述不符,2788.93,商品/运营,否
RT0003021,O00036960,2025-11-14,2,商品破损,1449.5,物流,是
RT0003022,O00036968,2026-06-21,2,质量问题,1963.2,商品/运营,是
RT0003023,O00036979,2025-11-24,1,商品破损,596.81,物流,是
RT0003024,O00036980,2026-05-05,2,物流延迟,3210.31,物流,是
RT0003025,O00036984,2026-03-14,2,描述不符,3142.52,商品/运营,否
RT0003026,O00037000,2025-12-03,1,尺寸/适配问题,615.29,商品/运营,是
RT0003027,O00037009,2026-01-22,1,商品破损,1213.19,物流,是
RT0003028,O00037010,2026-03-28,1,物流延迟,1651.26,物流,是
RT0003029,O00037018,2025-12-23,1,物流延迟,629.47,物流,否
RT0003030,O00037027,2025-11-19,2,质量问题,1247.0,商品/运营,是
RT0003031,O00037037,2026-01-15,1,物流延迟,2225.07,物流,是
RT0003032,O00037127,2026-03-02,2,物流延迟,4227.63,物流,是
RT0003033,O00037130,2026-01-19,1,无理由退货,990.46,商品/运营,是
RT0003034,O00037131,2026-05-15,2,质量问题,3302.52,商品/运营,是
RT0003035,O00037141,2026-01-12,1,无理由退货,1106.86,商品/运营,是
RT0003036,O00037150,2025-11-12,2,商品破损,5694.14,物流,是
RT0003037,O00037154,2026-03-22,4,质量问题,7342.63,商品/运营,是
RT0003038,O00037164,2026-05-25,1,无理由退货,1610.27,商品/运营,是
RT0003039,O00037174,2025-12-19,3,质量问题,3314.35,商品/运营,是
RT0003040,O00037189,2026-03-18,1,无理由退货,654.95,商品/运营,是
RT0003041,O00037197,2026-03-27,3,物流延迟,1275.28,物流,是
RT0003042,O00037210,2025-10-09,5,物流延迟,5612.09,物流,否
RT0003043,O00037228,2025-09-29,3,描述不符,4762.44,商品/运营,否
RT0003044,O00037230,2025-12-07,3,质量问题,6141.19,商品/运营,否
RT0003045,O00037231,2026-01-04,1,质量问题,1237.46,商品/运营,否
RT0003046,O00037238,2026-06-16,1,商品破损,459.25,物流,是
RT0003047,O00037248,2026-05-04,1,描述不符,522.51,商品/运营,否
RT0003048,O00037270,2026-08-11,1,描述不符,254.14,商品/运营,否
RT0003049,O00037295,2025-12-30,1,尺寸/适配问题,447.35,商品/运营,是
RT0003050,O00037296,2026-05-06,4,无理由退货,4957.48,商品/运营,否
RT0003051,O00037310,2025-10-11,4,商品破损,2707.32,物流,是
RT0003052,O00037313,2026-05-16,1,质量问题,2107.64,商品/运营,是
RT0003053,O00037319,2026-04-02,2,无理由退货,1207.92,商品/运营,是
RT0003054,O00037323,2026-04-16,2,无理由退货,2106.84,商品/运营,是
RT0003055,O00037332,2026-04-07,1,描述不符,2287.69,商品/运营,否
RT0003056,O00037352,2026-05-22,2,描述不符,2347.54,商品/运营,是
RT0003057,O00037354,2025-12-07,1,物流延迟,1118.06,物流,是
RT0003058,O00037357,2025-08-09,1,尺寸/适配问题,2980.18,商品/运营,是
RT0003059,O00037363,2026-07-12,4,质量问题,3329.67,商品/运营,是
RT0003060,O00037388,2026-04-05,1,物流延迟,858.07,物流,是
RT0003061,O00037395,2026-05-17,1,商品破损,1867.11,物流,否
RT0003062,O00037401,2025-09-29,3,物流延迟,3329.67,物流,是
RT0003063,O00037409,2026-06-16,3,描述不符,1658.57,商品/运营,是
RT0003064,O00037422,2026-01-09,3,物流延迟,3426.27,物流,是
RT0003065,O00037426,2025-12-28,2,描述不符,4398.82,商品/运营,否
RT0003066,O00037441,2026-02-01,1,质量问题,324.65,商品/运营,否
RT0003067,O00037443,2025-09-15,4,描述不符,2701.14,商品/运营,是
RT0003068,O00037446,2025-11-28,2,无理由退货,5541.79,商品/运营,是
RT0003069,O00037448,2026-05-01,2,无理由退货,3094.55,商品/运营,否
RT0003070,O00037456,2025-10-29,1,物流延迟,267.8,物流,是
RT0003071,O00037479,2026-04-14,1,物流延迟,1889.66,物流,是
RT0003072,O00037486,2026-02-11,2,尺寸/适配问题,3642.19,商品/运营,是
RT0003073,O00037513,2026-02-28,1,描述不符,264.18,商品/运营,是
RT0003074,O00037536,2026-05-26,1,质量问题,1475.81,商品/运营,否
RT0003075,O00037539,2026-06-11,3,物流延迟,3587.91,物流,否
RT0003076,O00037541,2026-02-21,5,尺寸/适配问题,5773.61,商品/运营,是
RT0003077,O00037547,2025-12-21,1,物流延迟,1733.01,物流,否
RT0003078,O00037556,2025-11-11,1,物流延迟,331.0,物流,否
RT0003079,O00037564,2026-07-12,1,质量问题,271.94,商品/运营,是
RT0003080,O00037585,2026-01-13,1,无理由退货,627.68,商品/运营,是
RT0003081,O00037590,2026-04-22,3,质量问题,3204.48,商品/运营,是
RT0003082,O00037591,2025-11-07,1,商品破损,1737.36,物流,是
RT0003083,O00037617,2025-11-07,3,物流延迟,762.84,物流,是
RT0003084,O00037624,2025-10-31,1,物流延迟,623.95,物流,是
RT0003085,O00037626,2026-04-30,1,商品破损,630.25,物流,否
RT0003086,O00037640,2025-12-07,1,尺寸/适配问题,1631.32,商品/运营,是
RT0003087,O00037641,2026-01-10,1,尺寸/适配问题,1078.91,商品/运营,是
RT0003088,O00037650,2026-07-14,1,商品破损,673.74,物流,否
RT0003089,O00037652,2026-04-03,6,无理由退货,10418.9,商品/运营,是
RT0003090,O00037667,2026-08-05,3,质量问题,4719.11,商品/运营,是
RT0003091,O00037670,2025-12-25,2,无理由退货,1089.6,商品/运营,是
RT0003092,O00037680,2025-12-19,1,无理由退货,1036.5,商品/运营,是
RT0003093,O00037701,2026-03-31,2,质量问题,487.1,商品/运营,是
RT0003094,O00037703,2026-04-30,1,物流延迟,684.93,物流,否
RT0003095,O00037704,2026-03-19,2,无理由退货,1953.88,商品/运营,是
RT0003096,O00037711,2025-11-21,3,无理由退货,1417.31,商品/运营,否
RT0003097,O00037716,2026-07-04,1,物流延迟,1070.02,物流,是
RT0003098,O00037743,2026-02-04,1,物流延迟,1142.65,物流,是
RT0003099,O00037759,2025-10-10,4,质量问题,523.85,商品/运营,是
RT0003100,O00037761,2026-05-02,1,商品破损,157.31,物流,否
RT0003101,O00037773,2026-04-05,1,质量问题,1947.02,商品/运营,是
RT0003102,O00037775,2026-05-07,1,质量问题,510.45,商品/运营,是
RT0003103,O00037785,2026-03-18,1,物流延迟,99.34,物流,是
RT0003104,O00037788,2026-05-15,5,物流延迟,9556.0,物流,否
RT0003105,O00037792,2026-07-18,3,商品破损,1241.97,物流,是
RT0003106,O00037809,2026-01-01,3,无理由退货,3085.11,商品/运营,是
RT0003107,O00037822,2025-11-21,1,质量问题,285.44,商品/运营,是
RT0003108,O00037857,2026-03-26,1,物流延迟,1649.74,物流,是
RT0003109,O00037868,2026-03-22,2,物流延迟,549.9,物流,否
RT0003110,O00037889,2025-10-23,1,尺寸/适配问题,187.88,商品/运营,是
RT0003111,O00037900,2025-12-09,2,物流延迟,676.72,物流,否
RT0003112,O00037907,2026-06-04,1,无理由退货,1193.66,商品/运营,否
RT0003113,O00037916,2026-05-04,1,商品破损,909.26,物流,否
RT0003114,O00037918,2025-08-21,1,质量问题,1334.98,商品/运营,是
RT0003115,O00037934,2026-02-12,1,描述不符,1156.79,商品/运营,否
RT0003116,O00037977,2025-10-17,1,描述不符,339.15,商品/运营,是
RT0003117,O00038000,2026-07-14,3,物流延迟,3254.43,物流,否
RT0003118,O00038004,2026-05-29,5,物流延迟,1240.84,物流,是
RT0003119,O00038006,2026-02-24,1,物流延迟,349.39,物流,是
RT0003120,O00038022,2025-08-19,4,无理由退货,780.8,商品/运营,是
RT0003121,O00038031,2026-07-04,3,描述不符,761.18,商品/运营,是
RT0003122,O00038038,2026-05-27,1,无理由退货,956.07,商品/运营,否
RT0003123,O00038040,2025-11-09,3,尺寸/适配问题,2500.62,商品/运营,是
RT0003124,O00038045,2026-02-23,2,商品破损,1465.14,物流,否
RT0003125,O00038059,2026-04-19,2,尺寸/适配问题,2309.45,商品/运营,是
RT0003126,O00038068,2025-10-20,2,商品破损,2584.39,物流,是
RT0003127,O00038078,2026-05-15,1,无理由退货,1116.17,商品/运营,是
RT0003128,O00038082,2026-05-20,1,物流延迟,1508.93,物流,否
RT0003129,O00038086,2026-06-12,1,质量问题,932.83,商品/运营,否
RT0003130,O00038097,2026-03-30,2,商品破损,3266.64,物流,是
RT0003131,O00038098,2026-02-12,1,尺寸/适配问题,1724.06,商品/运营,是
RT0003132,O00038103,2026-02-25,2,商品破损,4167.31,物流,是
RT0003133,O00038121,2026-02-10,2,物流延迟,4310.09,物流,否
RT0003134,O00038122,2025-12-07,4,质量问题,2919.58,商品/运营,是
RT0003135,O00038123,2025-12-21,2,无理由退货,3679.84,商品/运营,否
RT0003136,O00038144,2026-07-23,1,质量问题,367.89,商品/运营,是
RT0003137,O00038147,2025-11-28,2,物流延迟,2233.18,物流,是
RT0003138,O00038158,2026-03-30,4,商品破损,3235.47,物流,是
RT0003139,O00038166,2026-03-20,2,物流延迟,1252.58,物流,是
RT0003140,O00038176,2025-09-22,3,质量问题,3001.26,商品/运营,否
RT0003141,O00038178,2026-03-09,1,无理由退货,128.12,商品/运营,否
RT0003142,O00038205,2026-03-02,1,描述不符,1363.69,商品/运营,是
RT0003143,O00038253,2025-10-05,4,物流延迟,3171.17,物流,否
RT0003144,O00038271,2025-10-07,1,无理由退货,155.55,商品/运营,是
RT0003145,O00038288,2026-03-28,2,描述不符,1800.76,商品/运营,是
RT0003146,O00038291,2025-08-17,1,物流延迟,1725.52,物流,是
RT0003147,O00038303,2026-05-25,3,商品破损,2135.7,物流,是
RT0003148,O00038330,2026-08-06,2,无理由退货,4108.98,商品/运营,是
RT0003149,O00038353,2026-03-26,1,质量问题,1662.96,商品/运营,否
RT0003150,O00038376,2025-11-16,2,物流延迟,4149.09,物流,是
RT0003151,O00038417,2026-08-01,1,物流延迟,238.07,物流,是
RT0003152,O00038422,2026-08-01,1,商品破损,761.09,物流,是
RT0003153,O00038423,2025-12-20,2,质量问题,2061.32,商品/运营,是
RT0003154,O00038463,2026-05-07,2,描述不符,3134.74,商品/运营,是
RT0003155,O00038512,2025-10-26,1,物流延迟,1173.77,物流,否
RT0003156,O00038539,2026-03-26,2,物流延迟,1791.99,物流,是
RT0003157,O00038543,2026-01-13,1,尺寸/适配问题,1572.83,商品/运营,否
RT0003158,O00038548,2026-03-13,1,物流延迟,580.57,物流,是
RT0003159,O00038555,2025-10-03,1,描述不符,1856.73,商品/运营,否
RT0003160,O00038568,2025-10-13,5,物流延迟,4852.39,物流,否
RT0003161,O00038597,2026-04-26,1,质量问题,788.06,商品/运营,是
RT0003162,O00038616,2026-03-27,3,无理由退货,1199.85,商品/运营,是
RT0003163,O00038624,2026-07-28,2,商品破损,1924.34,物流,是
RT0003164,O00038625,2025-10-27,2,尺寸/适配问题,2151.05,商品/运营,否
RT0003165,O00038657,2025-12-07,3,物流延迟,3940.86,物流,否
RT0003166,O00038664,2025-12-28,2,物流延迟,1851.44,物流,否
RT0003167,O00038699,2026-06-21,1,物流延迟,1407.27,物流,是
RT0003168,O00038709,2025-09-03,2,物流延迟,2491.65,物流,是
RT0003169,O00038715,2026-03-02,1,无理由退货,698.32,商品/运营,是
RT0003170,O00038719,2025-12-25,2,无理由退货,450.92,商品/运营,是
RT0003171,O00038744,2026-02-03,3,物流延迟,2737.11,物流,是
RT0003172,O00038754,2025-10-18,2,物流延迟,3299.08,物流,是
RT0003173,O00038759,2026-01-06,1,商品破损,1173.77,物流,否
RT0003174,O00038765,2025-11-09,1,商品破损,1331.32,物流,是
RT0003175,O00038785,2026-05-25,2,描述不符,1678.87,商品/运营,是
RT0003176,O00038807,2026-02-14,1,质量问题,908.56,商品/运营,否
RT0003177,O00038813,2026-06-12,2,质量问题,2284.76,商品/运营,是
RT0003178,O00038823,2026-06-08,1,商品破损,481.42,物流,是
RT0003179,O00038830,2025-12-14,1,物流延迟,1569.61,物流,是
RT0003180,O00038838,2026-04-03,2,无理由退货,2361.42,商品/运营,否
RT0003181,O00038846,2026-04-05,1,质量问题,731.1,商品/运营,是
RT0003182,O00038849,2026-05-27,4,商品破损,2895.48,物流,是
RT0003183,O00038886,2026-06-20,1,质量问题,1891.31,商品/运营,否
RT0003184,O00038916,2025-11-17,1,质量问题,1665.64,商品/运营,否
RT0003185,O00038929,2026-04-22,1,无理由退货,2311.3,商品/运营,是
RT0003186,O00038934,2026-07-23,3,物流延迟,1540.04,物流,是
RT0003187,O00038942,2026-04-24,1,尺寸/适配问题,1523.16,商品/运营,否
RT0003188,O00038987,2026-07-31,2,描述不符,336.36,商品/运营,否
RT0003189,O00038988,2025-09-20,2,物流延迟,3803.34,物流,是
RT0003190,O00038990,2026-05-07,2,描述不符,1444.72,商品/运营,是
RT0003191,O00038993,2026-06-20,2,尺寸/适配问题,549.9,商品/运营,是
RT0003192,O00038999,2025-12-18,4,尺寸/适配问题,3609.81,商品/运营,是
RT0003193,O00039007,2026-03-11,4,质量问题,2415.84,商品/运营,是
RT0003194,O00039020,2026-07-29,1,尺寸/适配问题,756.46,商品/运营,否
RT0003195,O00039028,2025-09-28,1,尺寸/适配问题,1432.61,商品/运营,是
RT0003196,O00039033,2025-11-10,1,物流延迟,633.09,物流,否
RT0003197,O00039035,2025-12-15,4,质量问题,5206.04,商品/运营,是
RT0003198,O00039053,2026-05-27,1,物流延迟,143.47,物流,否
RT0003199,O00039061,2026-02-14,1,尺寸/适配问题,851.44,商品/运营,是
RT0003200,O00039062,2025-11-22,1,无理由退货,1237.15,商品/运营,是
RT0003201,O00039075,2025-11-13,1,描述不符,956.02,商品/运营,是
RT0003202,O00039091,2025-10-03,1,物流延迟,1242.75,物流,是
RT0003203,O00039098,2026-04-03,1,物流延迟,180.84,物流,是
RT0003204,O00039103,2026-01-11,1,质量问题,1558.13,商品/运营,是
RT0003205,O00039104,2026-03-13,2,尺寸/适配问题,1465.14,商品/运营,是
RT0003206,O00039119,2025-12-26,1,物流延迟,1528.96,物流,是
RT0003207,O00039120,2025-12-26,1,物流延迟,1078.64,物流,是
RT0003208,O00039134,2026-07-08,1,商品破损,1030.54,物流,是
RT0003209,O00039136,2026-04-06,2,质量问题,2038.54,商品/运营,是
RT0003210,O00039172,2026-06-13,3,物流延迟,1700.37,物流,是
RT0003211,O00039174,2025-08-11,1,商品破损,905.42,物流,是
RT0003212,O00039178,2026-06-15,2,商品破损,4278.76,物流,是
RT0003213,O00039181,2026-07-20,1,商品破损,130.97,物流,否
RT0003214,O00039188,2026-05-19,2,物流延迟,2424.26,物流,是
RT0003215,O00039195,2025-11-15,1,物流延迟,607.23,物流,否
RT0003216,O00039200,2025-11-14,3,物流延迟,2968.78,物流,是
RT0003217,O00039202,2026-05-24,2,尺寸/适配问题,3435.25,商品/运营,是
RT0003218,O00039209,2026-01-28,5,质量问题,9448.31,商品/运营,是
RT0003219,O00039217,2025-12-21,1,描述不符,1292.2,商品/运营,是
RT0003220,O00039243,2026-04-03,3,物流延迟,4750.53,物流,是
RT0003221,O00039260,2026-04-24,1,物流延迟,1141.75,物流,是
RT0003222,O00039266,2025-12-06,1,物流延迟,1660.52,物流,否
RT0003223,O00039268,2026-04-04,1,描述不符,707.02,商品/运营,是
RT0003224,O00039271,2026-01-15,4,描述不符,1728.96,商品/运营,是
RT0003225,O00039274,2025-09-07,1,物流延迟,3064.18,物流,是
RT0003226,O00039287,2026-04-15,1,商品破损,302.16,物流,是
RT0003227,O00039302,2025-11-10,1,质量问题,371.62,商品/运营,否
RT0003228,O00039312,2026-06-13,1,物流延迟,1217.44,物流,是
RT0003229,O00039320,2025-12-03,2,质量问题,2466.6,商品/运营,否
RT0003230,O00039336,2025-12-19,1,物流延迟,792.26,物流,否
RT0003231,O00039352,2025-08-27,1,物流延迟,797.49,物流,是
RT0003232,O00039357,2026-02-16,1,无理由退货,1107.9,商品/运营,是
RT0003233,O00039360,2025-09-15,2,商品破损,1291.66,物流,否
RT0003234,O00039365,2026-06-08,1,无理由退货,506.73,商品/运营,是
RT0003235,O00039379,2026-08-08,4,描述不符,3641.31,商品/运营,是
RT0003236,O00039395,2026-02-22,2,商品破损,2787.66,物流,否
RT0003237,O00039406,2025-10-26,1,无理由退货,684.98,商品/运营,否
RT0003238,O00039416,2025-10-12,1,物流延迟,1421.38,物流,是
RT0003239,O00039420,2026-01-17,2,物流延迟,3030.32,物流,否
RT0003240,O00039424,2026-05-16,1,无理由退货,1577.56,商品/运营,是
RT0003241,O00039441,2026-05-16,1,商品破损,484.37,物流,是
RT0003242,O00039472,2025-11-19,1,描述不符,1752.32,商品/运营,是
RT0003243,O00039484,2025-12-29,1,商品破损,1439.4,物流,否
RT0003244,O00039485,2025-08-07,1,描述不符,483.63,商品/运营,否
RT0003245,O00039513,2026-08-07,1,无理由退货,508.82,商品/运营,是
RT0003246,O00039525,2026-04-18,1,商品破损,549.66,物流,否
RT0003247,O00039530,2026-01-26,2,物流延迟,3250.46,物流,是
RT0003248,O00039548,2026-04-23,1,物流延迟,1182.26,物流,是
RT0003249,O00039552,2026-04-12,1,尺寸/适配问题,1867.79,商品/运营,否
RT0003250,O00039553,2026-01-28,2,尺寸/适配问题,3017.91,商品/运营,是
RT0003251,O00039554,2026-04-07,1,无理由退货,1097.86,商品/运营,是
RT0003252,O00039557,2025-09-19,1,无理由退货,2166.0,商品/运营,是
RT0003253,O00039593,2025-09-28,1,质量问题,1110.36,商品/运营,否
RT0003254,O00039612,2026-02-02,1,尺寸/适配问题,1205.84,商品/运营,否
RT0003255,O00039614,2026-01-04,1,质量问题,210.33,商品/运营,否
RT0003256,O00039615,2025-09-16,1,物流延迟,720.17,物流,是
RT0003257,O00039622,2026-01-14,4,描述不符,2779.49,商品/运营,否
RT0003258,O00039639,2025-11-22,1,无理由退货,128.12,商品/运营,是
RT0003259,O00039685,2025-09-15,2,尺寸/适配问题,419.1,商品/运营,是
RT0003260,O00039689,2025-10-22,1,物流延迟,2008.23,物流,否
RT0003261,O00039692,2026-04-01,2,物流延迟,703.78,物流,是
RT0003262,O00039695,2025-11-11,3,物流延迟,1954.45,物流,是
RT0003263,O00039703,2026-03-25,1,商品破损,789.42,物流,是
RT0003264,O00039734,2025-09-19,2,物流延迟,2614.08,物流,否
RT0003265,O00039742,2025-12-26,1,物流延迟,1582.55,物流,否
RT0003266,O00039748,2025-12-18,2,无理由退货,2656.46,商品/运营,是
RT0003267,O00039752,2026-03-24,1,物流延迟,313.53,物流,是
RT0003268,O00039757,2025-12-10,1,描述不符,907.94,商品/运营,是
RT0003269,O00039758,2026-01-11,1,描述不符,435.43,商品/运营,是
RT0003270,O00039776,2026-04-19,2,物流延迟,3615.12,物流,是
RT0003271,O00039778,2026-02-17,2,无理由退货,2350.51,商品/运营,否
RT0003272,O00039782,2025-10-16,2,无理由退货,954.9,商品/运营,是
RT0003273,O00039783,2025-09-01,1,物流延迟,333.51,物流,是
RT0003274,O00039791,2026-05-14,2,商品破损,3243.32,物流,否
RT0003275,O00039807,2026-05-05,2,物流延迟,1351.28,物流,是
RT0003276,O00039833,2025-08-25,1,质量问题,413.99,商品/运营,是
RT0003277,O00039862,2026-06-30,1,物流延迟,923.69,物流,是
RT0003278,O00039875,2026-06-30,1,描述不符,147.97,商品/运营,是
RT0003279,O00039878,2025-10-05,1,质量问题,1591.62,商品/运营,是
RT0003280,O00039889,2026-05-13,1,商品破损,817.46,物流,是
RT0003281,O00039895,2026-01-02,4,物流延迟,7644.69,物流,是
RT0003282,O00039906,2025-12-11,4,描述不符,3974.58,商品/运营,否
RT0003283,O00039908,2026-04-01,1,质量问题,1239.37,商品/运营,是
RT0003284,O00039913,2026-02-21,3,物流延迟,3224.54,物流,否
RT0003285,O00039915,2026-08-11,1,物流延迟,1567.37,物流,否
RT0003286,O00039937,2025-09-06,2,商品破损,5746.78,物流,是
RT0003287,O00039939,2026-04-15,2,物流延迟,2879.84,物流,否
RT0003288,O00039947,2025-08-12,1,质量问题,963.02,商品/运营,否
RT0003289,O00039976,2026-08-04,1,商品破损,735.07,物流,是
RT0003290,O00040015,2025-09-15,3,无理由退货,3759.45,商品/运营,否
RT0003291,O00040017,2025-12-27,2,物流延迟,5202.68,物流,是
RT0003292,O00040054,2025-11-24,2,物流延迟,2412.26,物流,是
RT0003293,O00040063,2025-11-15,1,质量问题,322.79,商品/运营,否
RT0003294,O00040076,2026-03-16,1,质量问题,1186.82,商品/运营,是
RT0003295,O00040126,2025-11-20,3,描述不符,3973.46,商品/运营,是
RT0003296,O00040138,2025-10-28,1,无理由退货,633.09,商品/运营,否
RT0003297,O00040142,2026-04-11,7,物流延迟,15085.3,物流,是
RT0003298,O00040169,2025-12-30,2,质量问题,4724.02,商品/运营,否
RT0003299,O00040186,2026-06-05,1,尺寸/适配问题,1504.87,商品/运营,否
RT0003300,O00040188,2026-04-03,4,物流延迟,7468.44,物流,是
RT0003301,O00040192,2026-02-03,2,质量问题,4070.43,商品/运营,是
RT0003302,O00040193,2026-06-08,1,无理由退货,1374.79,商品/运营,是
RT0003303,O00040219,2026-08-03,1,质量问题,399.19,商品/运营,否
RT0003304,O00040236,2026-04-04,1,无理由退货,1567.37,商品/运营,是
RT0003305,O00040257,2025-12-20,1,无理由退货,692.77,商品/运营,是
RT0003306,O00040261,2025-11-15,1,物流延迟,461.49,物流,否
RT0003307,O00040268,2026-05-07,2,物流延迟,2517.05,物流,否
RT0003308,O00040280,2026-06-08,1,质量问题,1388.03,商品/运营,否
RT0003309,O00040288,2025-11-28,1,物流延迟,1812.58,物流,是
RT0003310,O00040312,2026-05-08,1,质量问题,2020.53,商品/运营,否
RT0003311,O00040354,2026-05-24,1,无理由退货,438.92,商品/运营,否
RT0003312,O00040370,2025-12-24,1,物流延迟,2541.88,物流,是
RT0003313,O00040376,2025-11-28,4,物流延迟,2951.48,物流,是
RT0003314,O00040388,2026-07-02,1,物流延迟,260.35,物流,是
RT0003315,O00040389,2026-05-12,1,物流延迟,997.7,物流,是
RT0003316,O00040401,2026-03-16,1,无理由退货,1651.93,商品/运营,是
RT0003317,O00040409,2026-05-19,2,物流延迟,1270.06,物流,是
RT0003318,O00040437,2026-07-04,3,商品破损,7667.1,物流,是
RT0003319,O00040452,2025-09-06,2,描述不符,3134.74,商品/运营,否
RT0003320,O00040456,2025-10-28,2,无理由退货,3932.18,商品/运营,是
RT0003321,O00040472,2026-01-10,1,商品破损,457.52,物流,否
RT0003322,O00040480,2026-03-02,1,质量问题,264.73,商品/运营,是
RT0003323,O00040482,2026-01-05,1,商品破损,629.47,物流,是
RT0003324,O00040511,2025-10-04,1,物流延迟,1297.33,物流,否
RT0003325,O00040539,2026-02-08,1,商品破损,730.43,物流,是
RT0003326,O00040566,2026-02-05,3,无理由退货,3741.33,商品/运营,是
RT0003327,O00040607,2026-05-12,1,物流延迟,525.55,物流,否
RT0003328,O00040634,2025-10-27,1,物流延迟,477.45,物流,是
RT0003329,O00040655,2025-10-19,1,物流延迟,798.5,物流,是
RT0003330,O00040657,2025-10-21,1,无理由退货,1305.89,商品/运营,是
RT0003331,O00040677,2025-12-15,1,质量问题,744.28,商品/运营,是
RT0003332,O00040699,2026-03-10,1,尺寸/适配问题,160.11,商品/运营,否
RT0003333,O00040728,2025-10-10,1,商品破损,457.52,物流,是
RT0003334,O00040755,2026-07-22,3,描述不符,5637.84,商品/运营,否
RT0003335,O00040808,2026-01-16,1,物流延迟,977.32,物流,是
RT0003336,O00040810,2026-01-01,1,质量问题,510.5,商品/运营,是
RT0003337,O00040818,2026-06-15,3,物流延迟,3005.0,物流,是
RT0003338,O00040834,2026-06-28,1,商品破损,259.14,物流,否
RT0003339,O00040841,2026-04-30,1,物流延迟,1479.96,物流,否
RT0003340,O00040872,2025-10-02,1,质量问题,1027.26,商品/运营,是
RT0003341,O00040928,2026-06-12,1,商品破损,584.88,物流,否
RT0003342,O00040954,2025-08-22,3,质量问题,4545.48,商品/运营,否
RT0003343,O00040974,2025-08-19,1,无理由退货,522.38,商品/运营,是
RT0003344,O00040976,2026-05-05,2,物流延迟,1437.3,物流,是
RT0003345,O00041005,2026-02-02,2,描述不符,1141.77,商品/运营,是
RT0003346,O00041013,2026-03-27,2,商品破损,3174.96,物流,否
RT0003347,O00041029,2026-05-01,1,无理由退货,142.35,商品/运营,是
RT0003348,O00041041,2026-07-03,1,无理由退货,2264.27,商品/运营,是
RT0003349,O00041045,2026-02-03,2,质量问题,1148.07,商品/运营,否
RT0003350,O00041064,2025-11-05,1,尺寸/适配问题,819.91,商品/运营,是
RT0003351,O00041069,2026-05-01,1,物流延迟,225.78,物流,是
RT0003352,O00041071,2026-03-09,4,物流延迟,1177.25,物流,是
RT0003353,O00041107,2026-05-26,1,物流延迟,902.45,物流,是
RT0003354,O00041121,2025-11-19,2,尺寸/适配问题,1519.21,商品/运营,否
RT0003355,O00041128,2026-07-31,1,无理由退货,2035.22,商品/运营,是
RT0003356,O00041139,2026-05-09,1,商品破损,641.9,物流,是
RT0003357,O00041178,2026-06-22,1,质量问题,1614.74,商品/运营,否
RT0003358,O00041188,2026-06-24,1,物流延迟,234.13,物流,否
RT0003359,O00041192,2026-04-27,1,物流延迟,794.28,物流,是
RT0003360,O00041206,2026-06-24,6,无理由退货,10748.96,商品/运营,是
RT0003361,O00041218,2026-05-25,2,物流延迟,983.52,物流,是
RT0003362,O00041222,2026-06-04,2,物流延迟,634.32,物流,是
RT0003363,O00041228,2026-03-26,1,物流延迟,2395.9,物流,是
RT0003364,O00041243,2025-11-19,2,物流延迟,552.48,物流,是
RT0003365,O00041270,2025-10-11,1,描述不符,1540.69,商品/运营,否
RT0003366,O00041302,2026-04-28,1,物流延迟,3064.18,物流,是
RT0003367,O00041324,2025-12-18,3,商品破损,2834.0,物流,否
RT0003368,O00041338,2025-12-29,4,质量问题,2458.8,商品/运营,是
RT0003369,O00041352,2026-05-26,2,商品破损,2214.4,物流,是
RT0003370,O00041356,2026-05-05,1,商品破损,554.91,物流,否
RT0003371,O00041375,2026-01-31,3,物流延迟,2744.61,物流,是
RT0003372,O00041379,2026-03-30,1,描述不符,334.2,商品/运营,是
RT0003373,O00041394,2025-10-25,2,质量问题,613.3,商品/运营,是
RT0003374,O00041420,2025-09-08,2,描述不符,1843.06,商品/运营,否
RT0003375,O00041422,2026-02-18,1,描述不符,1173.77,商品/运营,是
RT0003376,O00041429,2026-05-02,1,物流延迟,567.39,物流,是
RT0003377,O00041435,2026-05-05,2,物流延迟,4741.18,物流,是
RT0003378,O00041436,2026-01-26,1,质量问题,1602.2,商品/运营,是
RT0003379,O00041453,2025-10-12,1,描述不符,1650.42,商品/运营,是
RT0003380,O00041466,2025-12-18,6,物流延迟,14000.3,物流,否
RT0003381,O00041480,2026-07-25,2,无理由退货,2030.92,商品/运营,是
RT0003382,O00041522,2026-04-11,2,尺寸/适配问题,1172.95,商品/运营,否
RT0003383,O00041536,2026-03-11,1,尺寸/适配问题,912.09,商品/运营,是
RT0003384,O00041556,2026-04-05,2,物流延迟,2472.87,物流,是
RT0003385,O00041557,2025-12-16,1,物流延迟,2475.71,物流,否
RT0003386,O00041577,2025-10-28,1,物流延迟,720.3,物流,是
RT0003387,O00041589,2026-04-10,1,物流延迟,830.93,物流,否
RT0003388,O00041596,2025-12-02,2,无理由退货,1193.62,商品/运营,否
RT0003389,O00041621,2025-10-28,1,质量问题,1536.11,商品/运营,是
RT0003390,O00041636,2025-12-12,1,尺寸/适配问题,1107.2,商品/运营,是
RT0003391,O00041641,2025-12-17,2,尺寸/适配问题,1445.96,商品/运营,是
RT0003392,O00041651,2026-02-17,1,描述不符,698.32,商品/运营,是
RT0003393,O00041654,2025-11-23,1,无理由退货,698.81,商品/运营,是
RT0003394,O00041670,2026-02-25,1,无理由退货,1201.48,商品/运营,是
RT0003395,O00041682,2025-12-27,1,物流延迟,1233.3,物流,是
RT0003396,O00041695,2026-07-17,2,商品破损,1327.74,物流,是
RT0003397,O00041698,2025-10-10,1,商品破损,1649.74,物流,否
RT0003398,O00041706,2026-02-11,2,物流延迟,944.87,物流,是
RT0003399,O00041715,2025-09-03,3,描述不符,7131.27,商品/运营,是
RT0003400,O00041716,2026-03-04,1,物流延迟,214.41,物流,是
RT0003401,O00041718,2025-08-22,3,无理由退货,5426.41,商品/运营,否
RT0003402,O00041726,2026-01-15,5,物流延迟,3300.89,物流,是
RT0003403,O00041728,2025-09-27,1,物流延迟,740.58,物流,是
RT0003404,O00041738,2026-08-03,1,无理由退货,781.73,商品/运营,是
RT0003405,O00041753,2025-12-10,4,质量问题,4198.52,商品/运营,是
RT0003406,O00041754,2026-04-25,1,质量问题,563.18,商品/运营,是
RT0003407,O00041765,2025-11-27,3,物流延迟,2734.59,物流,是
RT0003408,O00041774,2026-03-21,1,商品破损,1895.46,物流,是
RT0003409,O00041799,2026-08-07,3,质量问题,341.64,商品/运营,是
RT0003410,O00041802,2026-05-24,2,物流延迟,1582.43,物流,是
RT0003411,O00041844,2025-11-21,1,物流延迟,836.53,物流,是
RT0003412,O00041847,2025-09-16,1,物流延迟,1074.85,物流,是
RT0003413,O00041853,2025-08-25,2,物流延迟,452.78,物流,是
RT0003414,O00041855,2026-04-25,5,质量问题,3731.85,商品/运营,否
RT0003415,O00041862,2026-06-28,2,描述不符,1903.96,商品/运营,是
RT0003416,O00041866,2025-12-31,1,商品破损,953.29,物流,是
RT0003417,O00041897,2026-01-30,3,尺寸/适配问题,4481.06,商品/运营,是
RT0003418,O00041909,2026-06-16,1,描述不符,1854.25,商品/运营,是
RT0003419,O00041910,2025-11-29,5,无理由退货,4441.44,商品/运营,是
RT0003420,O00041915,2026-07-28,2,尺寸/适配问题,351.36,商品/运营,是
RT0003421,O00041930,2026-06-02,2,无理由退货,3168.14,商品/运营,是
RT0003422,O00041938,2026-06-23,2,质量问题,759.75,商品/运营,是
RT0003423,O00041940,2025-12-05,1,无理由退货,1631.32,商品/运营,是
RT0003424,O00041941,2025-09-19,2,无理由退货,4754.18,商品/运营,否
RT0003425,O00042000,2026-01-22,1,质量问题,226.65,商品/运营,否
RT0003426,O00042006,2026-02-03,1,物流延迟,931.79,物流,是
RT0003427,O00042014,2025-11-02,3,尺寸/适配问题,2372.97,商品/运营,是
RT0003428,O00042023,2026-06-22,1,物流延迟,798.5,物流,是
RT0003429,O00042030,2025-12-14,4,质量问题,3711.61,商品/运营,是
RT0003430,O00042074,2026-08-05,3,描述不符,1883.04,商品/运营,是
RT0003431,O00042075,2026-02-16,1,无理由退货,635.03,商品/运营,否
RT0003432,O00042088,2026-02-22,1,描述不符,1807.41,商品/运营,否
RT0003433,O00042117,2026-04-29,1,质量问题,1947.02,商品/运营,否
RT0003434,O00042139,2026-06-09,2,尺寸/适配问题,3538.96,商品/运营,是
RT0003435,O00042140,2026-06-20,3,物流延迟,2409.75,物流,是
RT0003436,O00042142,2026-04-03,4,物流延迟,4545.48,物流,是
RT0003437,O00042161,2026-04-06,4,商品破损,3871.56,物流,是
RT0003438,O00042163,2025-12-26,1,描述不符,730.43,商品/运营,否
RT0003439,O00042176,2026-03-07,1,商品破损,1294.01,物流,否
RT0003440,O00042231,2026-03-09,2,质量问题,1351.28,商品/运营,否
RT0003441,O00042234,2025-09-10,1,质量问题,1234.25,商品/运营,是
RT0003442,O00042277,2026-06-10,3,描述不符,6598.63,商品/运营,否
RT0003443,O00042300,2026-02-17,1,质量问题,805.28,商品/运营,是
RT0003444,O00042309,2026-05-26,2,商品破损,2964.36,物流,否
RT0003445,O00042310,2026-03-15,3,物流延迟,2581.45,物流,是
RT0003446,O00042317,2025-12-08,1,物流延迟,2218.97,物流,否
RT0003447,O00042328,2026-01-01,2,尺寸/适配问题,1444.3,商品/运营,是
RT0003448,O00042329,2025-11-17,4,尺寸/适配问题,5422.68,商品/运营,是
RT0003449,O00042336,2026-04-26,1,质量问题,911.84,商品/运营,否
RT0003450,O00042339,2025-11-10,1,物流延迟,1408.62,物流,是
RT0003451,O00042347,2026-01-20,1,无理由退货,1268.26,商品/运营,是
RT0003452,O00042352,2025-08-21,1,物流延迟,2604.55,物流,是
RT0003453,O00042372,2025-08-13,3,物流延迟,5437.74,物流,否
RT0003454,O00042387,2026-02-02,2,质量问题,290.52,商品/运营,是
RT0003455,O00042393,2026-06-02,1,物流延迟,1651.26,物流,否
RT0003456,O00042394,2026-06-30,2,物流延迟,5609.77,物流,是
RT0003457,O00042407,2026-07-31,1,物流延迟,1721.95,物流,否
RT0003458,O00042450,2025-11-29,2,质量问题,1447.74,商品/运营,是
RT0003459,O00042475,2025-11-25,2,物流延迟,5214.89,物流,是
RT0003460,O00042483,2026-04-17,1,无理由退货,530.02,商品/运营,是
RT0003461,O00042487,2026-03-09,1,物流延迟,200.11,物流,否
RT0003462,O00042499,2026-05-03,1,商品破损,1649.54,物流,是
RT0003463,O00042531,2026-03-31,1,物流延迟,130.97,物流,否
RT0003464,O00042550,2026-06-26,1,商品破损,1775.09,物流,是
RT0003465,O00042558,2026-01-13,1,质量问题,938.19,商品/运营,是
RT0003466,O00042582,2026-06-16,3,描述不符,2049.41,商品/运营,否
RT0003467,O00042599,2025-09-29,1,商品破损,549.61,物流,是
RT0003468,O00042607,2025-09-29,2,无理由退货,2066.56,商品/运营,是
RT0003469,O00042639,2026-01-01,1,无理由退货,621.87,商品/运营,是
RT0003470,O00042641,2025-11-20,1,商品破损,445.6,物流,否
RT0003471,O00042688,2026-07-09,1,物流延迟,2716.94,物流,是
RT0003472,O00042689,2026-01-15,1,商品破损,2125.63,物流,是
RT0003473,O00042693,2025-11-17,1,物流延迟,671.73,物流,否
RT0003474,O00042695,2026-04-07,3,质量问题,4319.76,商品/运营,否
RT0003475,O00042702,2026-06-25,3,无理由退货,2043.46,商品/运营,否
RT0003476,O00042704,2026-03-26,2,无理由退货,2627.24,商品/运营,否
RT0003477,O00042719,2025-09-21,1,物流延迟,1135.51,物流,是
RT0003478,O00042752,2026-05-26,1,物流延迟,1568.77,物流,否
RT0003479,O00042758,2026-04-12,1,商品破损,1313.62,物流,是
RT0003480,O00042764,2025-10-10,1,尺寸/适配问题,155.55,商品/运营,是
RT0003481,O00042768,2025-08-20,1,质量问题,1096.93,商品/运营,是
RT0003482,O00042782,2026-03-22,2,质量问题,417.66,商品/运营,是
RT0003483,O00042813,2026-05-25,1,物流延迟,2002.38,物流,否
RT0003484,O00042847,2026-03-19,5,质量问题,2616.15,商品/运营,是
RT0003485,O00042862,2026-01-10,2,物流延迟,1890.0,物流,是
RT0003486,O00042874,2025-11-04,1,物流延迟,957.07,物流,是
RT0003487,O00042888,2026-02-18,1,质量问题,2377.83,商品/运营,是
RT0003488,O00042891,2026-05-11,1,商品破损,981.6,物流,否
RT0003489,O00042892,2026-04-10,1,描述不符,976.74,商品/运营,是
RT0003490,O00042900,2025-09-18,2,尺寸/适配问题,927.86,商品/运营,是
RT0003491,O00042909,2025-12-05,2,物流延迟,1074.74,物流,否
RT0003492,O00042914,2026-06-18,1,描述不符,1790.76,商品/运营,否
RT0003493,O00042940,2026-04-28,1,商品破损,2189.4,物流,是
RT0003494,O00042941,2026-05-27,1,尺寸/适配问题,295.86,商品/运营,是
RT0003495,O00042946,2025-12-22,1,物流延迟,922.06,物流,是
RT0003496,O00042947,2026-03-23,2,商品破损,3614.38,物流,是
RT0003497,O00042950,2026-01-08,2,尺寸/适配问题,1457.49,商品/运营,是
RT0003498,O00042963,2026-04-26,1,无理由退货,1122.42,商品/运营,否
RT0003499,O00042986,2026-07-07,1,描述不符,147.97,商品/运营,是
RT0003500,O00042997,2026-05-10,1,描述不符,1983.69,商品/运营,是
RT0003501,O00043017,2025-12-22,2,商品破损,1469.24,物流,是
RT0003502,O00043049,2025-12-12,3,商品破损,2167.08,物流,否
RT0003503,O00043069,2025-10-11,1,尺寸/适配问题,1775.24,商品/运营,是
RT0003504,O00043091,2026-06-13,3,物流延迟,6007.15,物流,是
RT0003505,O00043094,2026-07-02,3,无理由退货,7704.33,商品/运营,是
RT0003506,O00043101,2025-11-24,3,物流延迟,1442.23,物流,是
RT0003507,O00043111,2026-04-15,1,描述不符,295.88,商品/运营,是
RT0003508,O00043115,2026-02-02,2,质量问题,446.38,商品/运营,是
RT0003509,O00043127,2026-04-21,1,物流延迟,999.84,物流,否
RT0003510,O00043132,2026-02-20,2,物流延迟,2886.54,物流,是
RT0003511,O00043146,2026-03-18,1,物流延迟,180.84,物流,否
RT0003512,O00043161,2025-10-11,1,尺寸/适配问题,1156.79,商品/运营,是
RT0003513,O00043165,2025-12-15,2,无理由退货,2745.41,商品/运营,否
RT0003514,O00043210,2026-03-22,1,物流延迟,1190.45,物流,是
RT0003515,O00043216,2025-11-24,2,商品破损,3128.71,物流,否
RT0003516,O00043217,2026-04-14,4,质量问题,4258.35,商品/运营,是
RT0003517,O00043253,2025-11-02,3,无理由退货,4297.82,商品/运营,是
RT0003518,O00043262,2025-09-26,1,物流延迟,694.55,物流,是
RT0003519,O00043263,2025-11-13,1,无理由退货,1315.52,商品/运营,是
RT0003520,O00043270,2026-07-11,3,无理由退货,5344.92,商品/运营,是
RT0003521,O00043273,2025-10-13,1,质量问题,1247.13,商品/运营,是
RT0003522,O00043275,2025-12-22,2,无理由退货,548.08,商品/运营,否
RT0003523,O00043277,2026-05-11,1,物流延迟,2891.13,物流,是
RT0003524,O00043305,2026-04-05,2,尺寸/适配问题,3337.61,商品/运营,是
RT0003525,O00043339,2025-08-27,5,质量问题,672.72,商品/运营,是
RT0003526,O00043345,2025-10-05,1,描述不符,1419.45,商品/运营,是
RT0003527,O00043347,2026-08-09,1,物流延迟,500.22,物流,是
RT0003528,O00043366,2025-10-18,3,无理由退货,2229.73,商品/运营,是
RT0003529,O00043373,2026-02-26,4,物流延迟,2946.56,物流,否
RT0003530,O00043377,2025-11-13,2,质量问题,943.35,商品/运营,是
RT0003531,O00043384,2026-04-17,2,物流延迟,1134.45,物流,是
RT0003532,O00043387,2025-12-30,2,质量问题,560.61,商品/运营,是
RT0003533,O00043397,2026-07-14,1,物流延迟,1070.02,物流,是
RT0003534,O00043414,2026-07-08,2,描述不符,2809.12,商品/运营,否
RT0003535,O00043424,2026-01-22,2,物流延迟,1730.38,物流,是
RT0003536,O00043451,2025-12-10,1,质量问题,796.8,商品/运营,是
RT0003537,O00043484,2025-11-16,1,描述不符,225.46,商品/运营,是
RT0003538,O00043485,2026-07-27,1,物流延迟,168.18,物流,否
RT0003539,O00043506,2025-11-30,1,物流延迟,421.24,物流,是
RT0003540,O00043535,2026-03-30,1,物流延迟,1019.27,物流,否
RT0003541,O00043555,2026-04-09,1,商品破损,1258.62,物流,是
RT0003542,O00043558,2026-07-17,1,物流延迟,825.16,物流,否
RT0003543,O00043578,2025-10-18,3,商品破损,4627.74,物流,是
RT0003544,O00043591,2026-02-17,3,物流延迟,4767.54,物流,否
RT0003545,O00043592,2025-11-10,2,描述不符,524.93,商品/运营,是
RT0003546,O00043616,2025-12-10,4,物流延迟,1812.94,物流,是
RT0003547,O00043621,2026-02-13,2,质量问题,698.99,商品/运营,是
RT0003548,O00043627,2025-10-06,1,尺寸/适配问题,149.44,商品/运营,是
RT0003549,O00043636,2026-02-27,2,物流延迟,1243.75,物流,否
RT0003550,O00043638,2026-04-23,3,质量问题,5059.22,商品/运营,是
RT0003551,O00043646,2026-03-01,1,描述不符,690.8,商品/运营,是
RT0003552,O00043660,2026-04-02,2,商品破损,3185.67,物流,是
RT0003553,O00043663,2025-10-15,2,质量问题,709.66,商品/运营,是
RT0003554,O00043688,2025-12-09,5,物流延迟,7726.05,物流,是
RT0003555,O00043698,2026-06-20,1,物流延迟,556.29,物流,是
RT0003556,O00043700,2025-11-16,1,商品破损,1853.42,物流,否
RT0003557,O00043701,2026-04-09,4,质量问题,4713.72,商品/运营,是
RT0003558,O00043703,2026-07-04,1,描述不符,976.3,商品/运营,是
RT0003559,O00043710,2025-12-16,2,商品破损,3815.64,物流,是
RT0003560,O00043723,2025-09-09,1,无理由退货,1812.58,商品/运营,是
RT0003561,O00043734,2026-07-28,2,商品破损,3452.0,物流,是
RT0003562,O00043737,2026-04-11,1,无理由退货,2442.38,商品/运营,是
RT0003563,O00043740,2026-05-29,1,物流延迟,283.31,物流,是
RT0003564,O00043751,2026-04-21,1,尺寸/适配问题,1810.01,商品/运营,否
RT0003565,O00043760,2025-12-07,4,无理由退货,5452.58,商品/运营,否
RT0003566,O00043779,2026-02-28,1,尺寸/适配问题,1017.47,商品/运营,是
RT0003567,O00043798,2026-06-11,1,描述不符,1635.16,商品/运营,是
RT0003568,O00043799,2026-07-23,1,描述不符,978.68,商品/运营,否
RT0003569,O00043806,2026-06-21,3,无理由退货,1248.55,商品/运营,否
RT0003570,O00043810,2025-12-15,1,无理由退货,645.18,商品/运营,是
RT0003571,O00043819,2026-04-02,3,商品破损,4416.36,物流,是
RT0003572,O00043827,2025-08-10,1,质量问题,994.2,商品/运营,是
RT0003573,O00043837,2026-04-25,4,无理由退货,2322.28,商品/运营,是
RT0003574,O00043851,2026-04-01,1,尺寸/适配问题,235.75,商品/运营,是
RT0003575,O00043860,2026-04-05,1,商品破损,146.08,物流,否
RT0003576,O00043865,2026-08-12,2,质量问题,1373.54,商品/运营,否
RT0003577,O00043866,2025-08-10,1,商品破损,147.37,物流,是
RT0003578,O00043871,2026-01-06,1,物流延迟,849.59,物流,是
RT0003579,O00043876,2026-04-12,1,物流延迟,400.76,物流,否
RT0003580,O00043879,2025-11-14,6,质量问题,2392.87,商品/运营,否
RT0003581,O00043894,2025-11-21,1,物流延迟,518.87,物流,是
RT0003582,O00043896,2026-07-19,1,质量问题,745.14,商品/运营,是
RT0003583,O00043903,2025-12-20,3,物流延迟,5693.91,物流,是
RT0003584,O00043909,2025-11-19,1,尺寸/适配问题,2060.28,商品/运营,否
RT0003585,O00043910,2025-11-08,1,质量问题,983.54,商品/运营,否
RT0003586,O00043930,2026-04-08,1,无理由退货,2223.98,商品/运营,否
RT0003587,O00043956,2025-08-18,1,物流延迟,254.98,物流,是
RT0003588,O00043966,2026-03-15,1,物流延迟,483.51,物流,是
RT0003589,O00043968,2025-12-15,2,商品破损,2157.28,物流,是
RT0003590,O00043970,2025-11-30,1,描述不符,348.62,商品/运营,是
RT0003591,O00043987,2026-01-02,1,描述不符,379.88,商品/运营,是
RT0003592,O00044002,2026-03-23,1,描述不符,832.86,商品/运营,否
RT0003593,O00044008,2026-01-13,1,质量问题,673.2,商品/运营,是
RT0003594,O00044013,2025-10-08,1,商品破损,1027.26,物流,是
RT0003595,O00044031,2026-08-05,1,描述不符,671.73,商品/运营,否
RT0003596,O00044046,2026-03-12,2,物流延迟,2215.8,物流,是
RT0003597,O00044053,2025-12-07,1,商品破损,655.13,物流,是
RT0003598,O00044086,2025-12-25,1,物流延迟,2536.84,物流,是
RT0003599,O00044095,2026-02-02,2,物流延迟,4920.28,物流,是
RT0003600,O00044107,2026-06-12,1,物流延迟,1565.13,物流,否
RT0003601,O00044110,2025-08-27,2,无理由退货,1952.66,商品/运营,是
RT0003602,O00044135,2025-12-01,1,物流延迟,444.02,物流,是
RT0003603,O00044149,2025-10-28,1,尺寸/适配问题,323.93,商品/运营,是
RT0003604,O00044151,2026-04-14,1,物流延迟,766.86,物流,是
RT0003605,O00044154,2025-09-02,2,质量问题,1556.38,商品/运营,是
RT0003606,O00044159,2026-01-03,4,无理由退货,7625.64,商品/运营,是
RT0003607,O00044160,2026-05-16,2,质量问题,1583.0,商品/运营,是
RT0003608,O00044170,2026-02-28,1,商品破损,1056.09,物流,是
RT0003609,O00044176,2026-05-18,1,无理由退货,2804.88,商品/运营,是
RT0003610,O00044178,2026-03-27,3,物流延迟,3882.42,物流,是
RT0003611,O00044183,2026-01-02,1,无理由退货,943.41,商品/运营,是
RT0003612,O00044194,2026-08-04,1,物流延迟,1293.97,物流,是
RT0003613,O00044200,2025-08-18,1,描述不符,788.06,商品/运营,是
RT0003614,O00044217,2026-06-08,2,无理由退货,1167.29,商品/运营,是
RT0003615,O00044219,2025-10-29,1,商品破损,354.83,物流,是
RT0003616,O00044223,2026-01-14,2,无理由退货,2704.36,商品/运营,否
RT0003617,O00044262,2026-06-15,1,质量问题,168.18,商品/运营,否
RT0003618,O00044274,2026-01-10,5,质量问题,1782.4,商品/运营,是
RT0003619,O00044284,2025-10-02,1,无理由退货,450.86,商品/运营,否
RT0003620,O00044285,2025-09-18,2,质量问题,4121.23,商品/运营,否
RT0003621,O00044286,2025-09-10,1,质量问题,565.35,商品/运营,是
RT0003622,O00044291,2025-08-23,1,无理由退货,724.75,商品/运营,否
RT0003623,O00044293,2026-01-28,3,物流延迟,5224.19,物流,是
RT0003624,O00044310,2026-04-16,2,物流延迟,3799.4,物流,否
RT0003625,O00044312,2025-08-10,4,无理由退货,5093.18,商品/运营,是
RT0003626,O00044336,2026-05-22,1,描述不符,567.71,商品/运营,是
RT0003627,O00044356,2026-06-04,2,无理由退货,1500.63,商品/运营,是
RT0003628,O00044379,2026-04-20,2,物流延迟,2725.23,物流,是
RT0003629,O00044384,2026-01-11,1,无理由退货,879.43,商品/运营,是
RT0003630,O00044395,2025-10-20,2,质量问题,2200.78,商品/运营,是
RT0003631,O00044410,2026-02-02,1,商品破损,1779.82,物流,是
RT0003632,O00044424,2026-08-09,4,物流延迟,4945.74,物流,是
RT0003633,O00044444,2026-02-22,2,商品破损,1642.27,物流,是
RT0003634,O00044446,2026-01-10,3,物流延迟,1347.21,物流,否
RT0003635,O00044453,2026-08-01,1,质量问题,900.38,商品/运营,是
RT0003636,O00044458,2025-12-10,3,质量问题,6027.09,商品/运营,否
RT0003637,O00044468,2026-04-20,2,物流延迟,1355.42,物流,是
RT0003638,O00044477,2026-03-23,4,物流延迟,6322.72,物流,否
RT0003639,O00044478,2026-01-31,1,质量问题,1811.42,商品/运营,是
RT0003640,O00044483,2026-03-12,2,商品破损,5131.99,物流,是
RT0003641,O00044491,2026-01-31,5,物流延迟,7332.2,物流,是
RT0003642,O00044502,2026-05-05,1,质量问题,627.68,商品/运营,否
RT0003643,O00044508,2026-03-11,3,无理由退货,1458.75,商品/运营,是
RT0003644,O00044513,2026-01-03,2,无理由退货,4183.39,商品/运营,是
RT0003645,O00044532,2026-04-19,1,商品破损,207.63,物流,否
RT0003646,O00044538,2026-05-08,4,无理由退货,1610.97,商品/运营,是
RT0003647,O00044548,2026-01-23,1,无理由退货,1559.71,商品/运营,是
RT0003648,O00044564,2026-07-02,2,质量问题,3504.64,商品/运营,是
RT0003649,O00044588,2026-04-28,2,描述不符,5202.68,商品/运营,是
RT0003650,O00044615,2026-05-23,1,无理由退货,1193.88,商品/运营,是
RT0003651,O00044620,2026-04-23,1,描述不符,911.84,商品/运营,是
RT0003652,O00044633,2025-09-05,1,质量问题,2590.41,商品/运营,否
RT0003653,O00044666,2026-06-24,4,尺寸/适配问题,1894.85,商品/运营,是
RT0003654,O00044718,2026-01-11,4,商品破损,860.02,物流,否
RT0003655,O00044748,2026-05-28,1,物流延迟,99.34,物流,是
RT0003656,O00044792,2026-02-04,1,质量问题,1987.1,商品/运营,否
RT0003657,O00044799,2025-11-11,2,物流延迟,1210.23,物流,是
RT0003658,O00044808,2026-01-17,2,描述不符,446.81,商品/运营,是
RT0003659,O00044822,2026-01-25,1,无理由退货,813.98,商品/运营,是
RT0003660,O00044823,2026-05-28,4,无理由退货,11242.76,商品/运营,否
RT0003661,O00044837,2025-10-23,1,尺寸/适配问题,661.46,商品/运营,是
RT0003662,O00044852,2025-10-17,4,质量问题,2511.5,商品/运营,是
RT0003663,O00044853,2026-06-16,1,描述不符,377.01,商品/运营,否
RT0003664,O00044860,2026-05-06,1,物流延迟,428.77,物流,是
RT0003665,O00044863,2025-12-30,3,物流延迟,2078.3,物流,是
RT0003666,O00044893,2026-03-17,2,物流延迟,1335.8,物流,是
RT0003667,O00044895,2025-10-18,1,尺寸/适配问题,2409.05,商品/运营,否
RT0003668,O00044901,2026-01-26,2,物流延迟,923.88,物流,是
RT0003669,O00044908,2026-04-18,1,物流延迟,344.38,物流,是
RT0003670,O00044910,2026-03-12,1,尺寸/适配问题,2423.77,商品/运营,是
RT0003671,O00044914,2026-02-10,5,无理由退货,7246.01,商品/运营,是
RT0003672,O00044924,2026-06-08,1,描述不符,1621.66,商品/运营,否
RT0003673,O00044931,2026-02-12,1,尺寸/适配问题,684.98,商品/运营,是
RT0003674,O00044940,2026-01-15,1,物流延迟,163.74,物流,是
RT0003675,O00044957,2026-03-08,1,描述不符,625.15,商品/运营,否
RT0003676,O00044966,2026-06-05,1,无理由退货,551.54,商品/运营,是
RT0003677,O00044976,2026-04-13,1,尺寸/适配问题,1565.13,商品/运营,是
RT0003678,O00044983,2025-09-17,1,物流延迟,1678.69,物流,否
RT0003679,O00044984,2026-01-16,2,物流延迟,4751.04,物流,是
RT0003680,O00045006,2025-09-14,1,物流延迟,967.89,物流,否
RT0003681,O00045011,2026-03-27,2,商品破损,482.04,物流,是
RT0003682,O00045030,2026-05-27,3,尺寸/适配问题,6418.14,商品/运营,是
RT0003683,O00045048,2025-12-27,3,尺寸/适配问题,3298.65,商品/运营,是
RT0003684,O00045064,2026-08-01,1,尺寸/适配问题,1522.34,商品/运营,否
RT0003685,O00045147,2025-10-10,3,物流延迟,2962.2,物流,否
RT0003686,O00045161,2026-03-31,3,物流延迟,4362.68,物流,是
RT0003687,O00045173,2026-04-20,1,无理由退货,1108.83,商品/运营,是
RT0003688,O00045194,2025-09-28,2,无理由退货,1445.96,商品/运营,是
RT0003689,O00045201,2026-05-03,2,物流延迟,874.4,物流,否
RT0003690,O00045202,2026-04-18,1,描述不符,145.05,商品/运营,是
RT0003691,O00045203,2026-05-05,1,无理由退货,1856.73,商品/运营,是
RT0003692,O00045205,2026-01-01,2,商品破损,3563.28,物流,否
RT0003693,O00045211,2026-03-24,2,物流延迟,3137.52,物流,否
RT0003694,O00045229,2025-12-02,3,质量问题,2153.22,商品/运营,是
RT0003695,O00045239,2026-01-02,4,尺寸/适配问题,4122.63,商品/运营,否
RT0003696,O00045272,2026-03-30,2,无理由退货,5260.89,商品/运营,否
RT0003697,O00045275,2026-03-19,1,质量问题,2423.77,商品/运营,是
RT0003698,O00045278,2025-09-03,1,商品破损,1565.13,物流,是
RT0003699,O00045291,2026-07-05,1,物流延迟,2453.23,物流,是
RT0003700,O00045316,2025-08-13,1,质量问题,967.89,商品/运营,是
RT0003701,O00045317,2026-07-27,3,质量问题,2028.91,商品/运营,否
RT0003702,O00045322,2026-03-26,4,物流延迟,6607.71,物流,否
RT0003703,O00045346,2025-12-21,3,物流延迟,2186.31,物流,是
RT0003704,O00045349,2026-02-13,2,质量问题,2346.86,商品/运营,是
RT0003705,O00045370,2026-06-19,2,商品破损,4751.04,物流,否
RT0003706,O00045372,2026-05-03,1,物流延迟,1423.48,物流,是
RT0003707,O00045391,2026-04-22,2,物流延迟,5202.68,物流,是
RT0003708,O00045400,2025-11-30,1,尺寸/适配问题,377.01,商品/运营,是
RT0003709,O00045405,2025-12-27,2,物流延迟,2949.13,物流,是
RT0003710,O00045406,2025-11-12,1,质量问题,151.36,商品/运营,否
RT0003711,O00045423,2025-12-23,2,物流延迟,566.32,物流,是
RT0003712,O00045427,2026-04-01,1,物流延迟,200.11,物流,是
RT0003713,O00045442,2026-01-13,1,尺寸/适配问题,181.25,商品/运营,是
RT0003714,O00045443,2026-02-04,2,物流延迟,1737.18,物流,是
RT0003715,O00045451,2026-03-16,1,物流延迟,338.46,物流,是
RT0003716,O00045452,2026-06-17,1,描述不符,197.9,商品/运营,否
RT0003717,O00045462,2025-12-15,1,尺寸/适配问题,532.05,商品/运营,是
RT0003718,O00045488,2025-08-30,2,尺寸/适配问题,387.2,商品/运营,是
RT0003719,O00045489,2026-02-14,1,商品破损,1253.15,物流,是
RT0003720,O00045502,2026-02-15,1,商品破损,818.57,物流,是
RT0003721,O00045551,2025-11-07,1,商品破损,2548.23,物流,是
RT0003722,O00045556,2026-06-21,2,无理由退货,334.13,商品/运营,是
RT0003723,O00045560,2026-04-03,1,无理由退货,2395.93,商品/运营,否
RT0003724,O00045563,2026-01-01,1,物流延迟,691.62,物流,是
RT0003725,O00045577,2025-10-23,2,物流延迟,2236.12,物流,是
RT0003726,O00045588,2026-01-13,1,尺寸/适配问题,473.71,商品/运营,是
RT0003727,O00045604,2025-11-06,2,质量问题,1797.2,商品/运营,否
RT0003728,O00045620,2026-01-02,1,无理由退货,676.83,商品/运营,是
RT0003729,O00045624,2025-12-13,3,无理由退货,4399.32,商品/运营,是
RT0003730,O00045638,2026-05-15,2,描述不符,827.03,商品/运营,是
RT0003731,O00045647,2025-08-14,2,物流延迟,566.32,物流,是
RT0003732,O00045648,2025-12-21,1,无理由退货,324.65,商品/运营,是
RT0003733,O00045683,2026-02-12,1,物流延迟,1823.06,物流,否
RT0003734,O00045691,2026-01-09,3,物流延迟,7131.27,物流,是
RT0003735,O00045711,2025-09-01,2,物流延迟,3798.13,物流,是
RT0003736,O00045735,2026-06-03,1,质量问题,2471.27,商品/运营,是
RT0003737,O00045747,2025-11-23,3,尺寸/适配问题,3869.45,商品/运营,否
RT0003738,O00045753,2025-10-14,2,质量问题,1180.59,商品/运营,是
RT0003739,O00045755,2026-08-03,2,无理由退货,2212.57,商品/运营,否
RT0003740,O00045761,2026-01-15,2,物流延迟,2169.56,物流,是
RT0003741,O00045802,2026-04-30,2,无理由退货,2928.74,商品/运营,是
RT0003742,O00045839,2026-04-28,1,尺寸/适配问题,1258.62,商品/运营,是
RT0003743,O00045867,2026-01-26,1,质量问题,945.0,商品/运营,是
RT0003744,O00045868,2026-03-08,2,描述不符,1965.41,商品/运营,是
RT0003745,O00045877,2026-01-20,1,无理由退货,283.16,商品/运营,是
RT0003746,O00045883,2026-06-20,1,物流延迟,2460.89,物流,是
RT0003747,O00045903,2025-12-15,1,无理由退货,1423.48,商品/运营,是
RT0003748,O00045932,2025-10-31,1,尺寸/适配问题,1476.13,商品/运营,是
RT0003749,O00045933,2025-09-14,5,物流延迟,5448.48,物流,是
RT0003750,O00045941,2025-12-11,1,描述不符,1239.37,商品/运营,是
RT0003751,O00045943,2026-07-12,1,物流延迟,1730.33,物流,是
RT0003752,O00045949,2026-04-12,4,物流延迟,8831.63,物流,否
RT0003753,O00045954,2026-06-24,4,物流延迟,3479.74,物流,是
RT0003754,O00045968,2026-01-27,3,质量问题,3775.57,商品/运营,否
RT0003755,O00045973,2026-06-23,1,无理由退货,125.85,商品/运营,否
RT0003756,O00045988,2026-05-04,1,无理由退货,949.1,商品/运营,否
RT0003757,O00046010,2026-05-11,2,物流延迟,4422.28,物流,否
RT0003758,O00046027,2026-01-03,1,无理由退货,889.5,商品/运营,是
RT0003759,O00046078,2026-05-06,1,质量问题,732.88,商品/运营,是
RT0003760,O00046082,2025-11-14,4,质量问题,629.02,商品/运营,是
RT0003761,O00046089,2026-05-02,1,物流延迟,758.51,物流,是
RT0003762,O00046106,2025-11-16,1,质量问题,1919.01,商品/运营,是
RT0003763,O00046126,2025-12-15,3,物流延迟,1546.73,物流,否
RT0003764,O00046137,2026-03-12,2,物流延迟,1791.99,物流,是
RT0003765,O00046145,2026-08-01,1,质量问题,239.33,商品/运营,是
RT0003766,O00046148,2026-04-25,5,描述不符,640.57,商品/运营,是
RT0003767,O00046150,2026-03-19,1,物流延迟,204.22,物流,是
RT0003768,O00046151,2026-02-28,2,描述不符,2214.4,商品/运营,是
RT0003769,O00046155,2026-01-03,1,商品破损,1015.78,物流,是
RT0003770,O00046183,2026-04-07,5,物流延迟,725.25,物流,否
RT0003771,O00046185,2025-11-13,1,物流延迟,1012.61,物流,是
RT0003772,O00046203,2026-05-16,5,物流延迟,6013.92,物流,是
RT0003773,O00046207,2026-02-04,1,物流延迟,2788.93,物流,否
RT0003774,O00046211,2026-03-04,3,商品破损,4800.36,物流,是
RT0003775,O00046216,2026-05-26,3,商品破损,5125.15,物流,是
RT0003776,O00046243,2025-12-30,1,物流延迟,1013.43,物流,否
RT0003777,O00046257,2026-06-17,1,物流延迟,99.34,物流,否
RT0003778,O00046266,2026-04-30,1,质量问题,1129.46,商品/运营,否
RT0003779,O00046275,2026-05-16,2,描述不符,5202.68,商品/运营,是
RT0003780,O00046282,2026-07-05,3,无理由退货,1993.23,商品/运营,是
RT0003781,O00046285,2026-02-08,2,描述不符,337.08,商品/运营,是
RT0003782,O00046292,2025-10-05,1,物流延迟,945.0,物流,是
RT0003783,O00046293,2025-12-13,2,物流延迟,3558.37,物流,否
RT0003784,O00046298,2025-10-27,5,物流延迟,6952.68,物流,否
RT0003785,O00046300,2026-04-06,1,无理由退货,2393.57,商品/运营,是
RT0003786,O00046301,2026-04-22,2,物流延迟,2233.34,物流,是
RT0003787,O00046309,2025-09-18,1,物流延迟,620.87,物流,是
RT0003788,O00046316,2026-03-28,5,物流延迟,5773.61,物流,是
RT0003789,O00046341,2026-07-16,1,物流延迟,2939.91,物流,是
RT0003790,O00046351,2026-07-24,1,质量问题,1334.98,商品/运营,否
RT0003791,O00046368,2025-10-28,1,物流延迟,700.2,物流,是
RT0003792,O00046370,2026-05-05,1,质量问题,885.88,商品/运营,是
RT0003793,O00046382,2026-04-01,1,质量问题,559.78,商品/运营,是
RT0003794,O00046383,2026-04-23,1,描述不符,491.56,商品/运营,是
RT0003795,O00046390,2025-12-18,1,描述不符,313.53,商品/运营,是
RT0003796,O00046394,2026-04-26,1,物流延迟,1062.3,物流,否
RT0003797,O00046396,2026-05-07,1,质量问题,737.64,商品/运营,否
RT0003798,O00046399,2026-05-26,1,物流延迟,1402.02,物流,否
RT0003799,O00046402,2025-10-21,4,物流延迟,7220.85,物流,是
RT0003800,O00046407,2025-09-22,1,无理由退货,1104.78,商品/运营,是
RT0003801,O00046420,2025-09-03,2,无理由退货,2674.59,商品/运营,是
RT0003802,O00046423,2025-08-09,1,物流延迟,886.32,物流,是
RT0003803,O00046446,2026-03-08,3,无理由退货,6705.4,商品/运营,是
RT0003804,O00046496,2026-01-18,5,物流延迟,6818.22,物流,是
RT0003805,O00046499,2026-06-30,3,物流延迟,3529.01,物流,是
RT0003806,O00046521,2026-04-14,3,商品破损,5858.75,物流,是
RT0003807,O00046532,2025-08-16,1,无理由退货,1779.82,商品/运营,否
RT0003808,O00046534,2026-01-07,2,无理由退货,1095.64,商品/运营,否
RT0003809,O00046538,2026-05-08,1,物流延迟,535.05,物流,否
RT0003810,O00046567,2025-10-05,3,描述不符,1607.14,商品/运营,否
RT0003811,O00046581,2026-01-02,4,商品破损,9283.92,物流,是
RT0003812,O00046591,2025-10-29,1,描述不符,153.71,商品/运营,是
RT0003813,O00046592,2025-11-04,2,物流延迟,2387.43,物流,是
RT0003814,O00046594,2026-05-30,1,物流延迟,177.31,物流,否
RT0003815,O00046599,2025-09-21,1,尺寸/适配问题,1411.89,商品/运营,是
RT0003816,O00046609,2026-07-26,1,质量问题,1012.81,商品/运营,是
RT0003817,O00046627,2025-11-21,1,商品破损,1193.71,物流,是
RT0003818,O00046640,2025-09-12,2,质量问题,1445.96,商品/运营,是
RT0003819,O00046644,2025-11-22,3,质量问题,3819.89,商品/运营,是
RT0003820,O00046649,2026-07-23,1,无理由退货,994.49,商品/运营,是
RT0003821,O00046665,2026-07-25,3,物流延迟,1502.77,物流,否
RT0003822,O00046666,2025-09-24,1,商品破损,967.89,物流,是
RT0003823,O00046724,2025-10-07,1,商品破损,1143.92,物流,是
RT0003824,O00046725,2025-11-15,2,商品破损,1865.67,物流,否
RT0003825,O00046727,2025-10-23,1,质量问题,2804.88,商品/运营,是
RT0003826,O00046728,2025-12-02,1,质量问题,1066.31,商品/运营,是
RT0003827,O00046734,2026-03-29,3,质量问题,4713.77,商品/运营,是
RT0003828,O00046749,2026-07-19,1,描述不符,645.18,商品/运营,否
RT0003829,O00046758,2026-06-12,1,物流延迟,274.95,物流,是
RT0003830,O00046760,2026-04-20,1,无理由退货,955.54,商品/运营,否
RT0003831,O00046776,2026-02-27,1,描述不符,998.9,商品/运营,是
RT0003832,O00046798,2025-10-06,3,物流延迟,461.13,物流,是
RT0003833,O00046810,2026-08-08,3,描述不符,635.35,商品/运营,否
RT0003834,O00046825,2025-10-03,2,尺寸/适配问题,1722.83,商品/运营,是
RT0003835,O00046831,2026-05-17,2,质量问题,847.88,商品/运营,否
RT0003836,O00046837,2026-01-01,1,商品破损,236.37,物流,是
RT0003837,O00046839,2026-06-08,4,物流延迟,812.48,物流,是
RT0003838,O00046873,2026-04-18,4,物流延迟,3332.64,物流,否
RT0003839,O00046889,2026-02-15,1,质量问题,1269.31,商品/运营,是
RT0003840,O00046907,2025-12-08,1,质量问题,796.97,商品/运营,否
RT0003841,O00046928,2026-04-18,2,尺寸/适配问题,3076.76,商品/运营,是
RT0003842,O00046995,2026-07-16,2,商品破损,1473.28,物流,是
RT0003843,O00047012,2026-03-16,1,商品破损,147.97,物流,是
RT0003844,O00047025,2025-12-28,1,物流延迟,1245.83,物流,是
RT0003845,O00047040,2026-05-05,1,物流延迟,2952.51,物流,是
RT0003846,O00047046,2026-02-01,2,质量问题,2198.74,商品/运营,否
RT0003847,O00047066,2026-03-10,2,物流延迟,703.78,物流,否
RT0003848,O00047067,2025-11-04,2,质量问题,2375.26,商品/运营,是
RT0003849,O00047071,2026-02-15,1,无理由退货,2544.02,商品/运营,是
RT0003850,O00047095,2026-03-16,1,质量问题,833.54,商品/运营,是
RT0003851,O00047105,2026-04-06,1,描述不符,2834.18,商品/运营,是
RT0003852,O00047107,2026-06-10,2,商品破损,1113.72,物流,否
RT0003853,O00047119,2025-12-11,1,质量问题,666.71,商品/运营,否
RT0003854,O00047131,2025-12-12,2,质量问题,2025.21,商品/运营,否
RT0003855,O00047140,2026-04-04,2,无理由退货,1383.24,商品/运营,是
RT0003856,O00047145,2026-07-30,1,质量问题,313.53,商品/运营,是
RT0003857,O00047146,2026-07-05,1,无理由退货,134.54,商品/运营,是
RT0003858,O00047149,2026-02-03,1,描述不符,984.15,商品/运营,是
RT0003859,O00047159,2026-01-23,3,尺寸/适配问题,3399.46,商品/运营,否
RT0003860,O00047172,2025-12-30,1,描述不符,1100.29,商品/运营,否
RT0003861,O00047181,2025-11-22,1,物流延迟,146.4,物流,是
RT0003862,O00047199,2026-03-23,1,物流延迟,254.14,物流,否
RT0003863,O00047226,2025-11-30,2,商品破损,354.62,物流,是
RT0003864,O00047243,2026-03-24,1,描述不符,446.92,商品/运营,否
RT0003865,O00047255,2026-07-21,2,尺寸/适配问题,2025.62,商品/运营,是
RT0003866,O00047284,2025-11-13,3,物流延迟,424.22,物流,是
RT0003867,O00047289,2026-07-25,2,商品破损,3167.49,物流,是
RT0003868,O00047306,2025-10-21,1,物流延迟,993.64,物流,是
RT0003869,O00047312,2025-12-03,3,无理由退货,1737.29,商品/运营,是
RT0003870,O00047314,2026-07-18,1,尺寸/适配问题,1720.08,商品/运营,是
RT0003871,O00047317,2026-07-28,2,无理由退货,1855.66,商品/运营,否
RT0003872,O00047335,2026-02-23,1,质量问题,431.65,商品/运营,是
RT0003873,O00047342,2026-04-11,3,质量问题,1002.6,商品/运营,是
RT0003874,O00047361,2026-05-09,1,商品破损,1173.83,物流,否
RT0003875,O00047370,2026-06-03,1,物流延迟,1484.76,物流,是
RT0003876,O00047372,2026-01-08,2,质量问题,2354.8,商品/运营,是
RT0003877,O00047391,2026-01-01,1,描述不符,961.34,商品/运营,是
RT0003878,O00047395,2025-08-20,1,质量问题,903.07,商品/运营,是
RT0003879,O00047403,2025-09-24,1,物流延迟,491.76,物流,否
RT0003880,O00047404,2026-01-24,2,质量问题,2270.56,商品/运营,是
RT0003881,O00047418,2026-04-21,1,尺寸/适配问题,563.82,商品/运营,是
RT0003882,O00047428,2026-07-02,2,物流延迟,551.84,物流,是
RT0003883,O00047441,2026-02-13,1,质量问题,939.02,商品/运营,是
RT0003884,O00047447,2026-03-08,5,描述不符,3992.15,商品/运营,是
RT0003885,O00047448,2026-01-19,2,物流延迟,400.22,物流,是
RT0003886,O00047465,2026-01-06,2,物流延迟,3434.36,物流,否
RT0003887,O00047467,2025-12-22,1,物流延迟,2155.04,物流,否
RT0003888,O00047500,2025-12-21,1,物流延迟,1931.83,物流,否
RT0003889,O00047535,2025-08-29,4,物流延迟,3871.56,物流,是
RT0003890,O00047546,2026-04-17,3,商品破损,3842.64,物流,是
RT0003891,O00047562,2025-08-27,1,物流延迟,225.69,物流,否
RT0003892,O00047591,2026-05-20,1,物流延迟,2097.38,物流,是
RT0003893,O00047599,2026-01-05,1,物流延迟,277.99,物流,是
RT0003894,O00047601,2026-02-04,1,物流延迟,1775.24,物流,否
RT0003895,O00047607,2026-07-26,1,无理由退货,2370.59,商品/运营,否
RT0003896,O00047620,2026-06-04,2,质量问题,261.98,商品/运营,否
RT0003897,O00047641,2026-07-22,1,无理由退货,571.53,商品/运营,是
RT0003898,O00047642,2026-01-28,3,商品破损,1837.37,物流,是
RT0003899,O00047651,2025-09-16,2,商品破损,1532.02,物流,是
RT0003900,O00047656,2026-07-11,1,无理由退货,2037.84,商品/运营,是
RT0003901,O00047665,2025-11-22,4,物流延迟,1071.2,物流,是
RT0003902,O00047680,2025-10-04,4,质量问题,6291.49,商品/运营,是
RT0003903,O00047691,2025-08-28,1,质量问题,2315.31,商品/运营,是
RT0003904,O00047693,2026-01-14,1,无理由退货,461.94,商品/运营,否
RT0003905,O00047695,2026-04-05,1,商品破损,1952.92,物流,否
RT0003906,O00047696,2026-05-03,2,物流延迟,4270.96,物流,否
RT0003907,O00047711,2026-08-03,1,商品破损,596.3,物流,否
RT0003908,O00047754,2026-01-29,2,质量问题,338.19,商品/运营,否
RT0003909,O00047756,2025-12-07,2,质量问题,2242.22,商品/运营,否
RT0003910,O00047764,2026-03-28,4,质量问题,1937.7,商品/运营,是
RT0003911,O00047768,2026-02-01,2,商品破损,4108.98,物流,是
RT0003912,O00047770,2026-01-21,1,物流延迟,179.34,物流,否
RT0003913,O00047775,2025-09-29,1,物流延迟,1062.3,物流,是
RT0003914,O00047782,2026-06-28,1,物流延迟,1699.59,物流,是
RT0003915,O00047787,2025-11-10,1,商品破损,884.25,物流,是
RT0003916,O00047794,2026-02-26,2,商品破损,2712.91,物流,否
RT0003917,O00047804,2026-07-12,3,物流延迟,2525.67,物流,否
RT0003918,O00047808,2025-11-14,2,物流延迟,2712.91,物流,是
RT0003919,O00047844,2025-09-11,1,质量问题,819.6,商品/运营,是
RT0003920,O00047848,2026-01-18,1,无理由退货,2223.98,商品/运营,是
RT0003921,O00047849,2025-10-01,2,无理由退货,2115.27,商品/运营,是
RT0003922,O00047868,2026-04-04,3,物流延迟,6330.21,物流,否
RT0003923,O00047871,2026-07-07,1,商品破损,619.06,物流,否
RT0003924,O00047875,2026-04-03,2,物流延迟,1962.01,物流,是
RT0003925,O00047896,2026-07-21,1,描述不符,349.5,商品/运营,是
RT0003926,O00047916,2026-01-07,2,尺寸/适配问题,963.54,商品/运营,是
RT0003927,O00047926,2025-12-18,1,物流延迟,291.79,物流,否
RT0003928,O00047944,2026-07-12,2,物流延迟,4227.63,物流,是
RT0003929,O00047956,2026-08-11,3,商品破损,3991.08,物流,是
RT0003930,O00047972,2026-04-07,1,物流延迟,1065.9,物流,否
RT0003931,O00047985,2026-06-09,1,质量问题,151.69,商品/运营,否
RT0003932,O00047989,2026-04-13,3,物流延迟,968.37,物流,是
RT0003933,O00048004,2025-10-05,2,无理由退货,1656.7,商品/运营,是
RT0003934,O00048008,2026-05-05,2,描述不符,508.56,商品/运营,是
RT0003935,O00048009,2026-01-16,2,物流延迟,2497.68,物流,是
RT0003936,O00048014,2026-06-01,2,尺寸/适配问题,358.68,商品/运营,是
RT0003937,O00048017,2026-08-01,1,质量问题,1129.46,商品/运营,是
RT0003938,O00048022,2025-09-11,3,描述不符,4773.24,商品/运营,是
RT0003939,O00048031,2025-12-28,1,无理由退货,1950.97,商品/运营,否
RT0003940,O00048048,2026-05-31,1,描述不符,981.6,商品/运营,否
RT0003941,O00048052,2026-04-18,1,物流延迟,404.16,物流,是
RT0003942,O00048053,2026-03-11,1,物流延迟,520.69,物流,是
RT0003943,O00048077,2026-01-27,2,质量问题,591.72,商品/运营,是
RT0003944,O00048087,2026-06-19,2,物流延迟,4746.18,物流,是
RT0003945,O00048097,2026-01-02,3,质量问题,2950.62,商品/运营,是
RT0003946,O00048115,2026-05-23,1,尺寸/适配问题,450.52,商品/运营,否
RT0003947,O00048141,2026-05-26,2,质量问题,2505.51,商品/运营,是
RT0003948,O00048147,2025-09-02,1,无理由退货,692.78,商品/运营,是
RT0003949,O00048154,2026-06-04,1,物流延迟,295.86,物流,是
RT0003950,O00048164,2025-11-07,1,物流延迟,2457.46,物流,是
RT0003951,O00048183,2025-11-24,3,质量问题,4258.35,商品/运营,是
RT0003952,O00048190,2025-10-26,1,商品破损,104.86,物流,否
RT0003953,O00048196,2026-02-26,1,物流延迟,920.39,物流,是
RT0003954,O00048202,2026-05-21,1,描述不符,1899.7,商品/运营,否
RT0003955,O00048203,2025-11-24,2,无理由退货,1175.28,商品/运营,否
RT0003956,O00048227,2025-08-19,3,物流延迟,1605.06,物流,否
RT0003957,O00048236,2025-10-14,3,描述不符,3711.33,商品/运营,是
RT0003958,O00048243,2026-06-10,1,描述不符,708.87,商品/运营,是
RT0003959,O00048247,2026-06-02,1,无理由退货,1167.77,商品/运营,是
RT0003960,O00048272,2025-11-03,1,无理由退货,1706.1,商品/运营,是
RT0003961,O00048345,2026-07-04,1,质量问题,1686.34,商品/运营,是
RT0003962,O00048360,2026-01-08,2,商品破损,4063.08,物流,是
RT0003963,O00048377,2026-05-28,1,无理由退货,225.46,商品/运营,否
RT0003964,O00048382,2026-02-17,1,无理由退货,268.84,商品/运营,否
RT0003965,O00048384,2026-01-07,1,尺寸/适配问题,117.25,商品/运营,是
RT0003966,O00048386,2025-09-22,2,商品破损,4462.29,物流,否
RT0003967,O00048392,2025-09-07,3,无理由退货,1901.14,商品/运营,是
RT0003968,O00048398,2026-05-09,2,无理由退货,4283.23,商品/运营,否
RT0003969,O00048401,2026-06-09,1,质量问题,1568.77,商品/运营,是
RT0003970,O00048415,2026-05-04,2,质量问题,3472.76,商品/运营,是
RT0003971,O00048428,2026-01-06,1,无理由退货,596.3,商品/运营,是
RT0003972,O00048433,2026-01-09,1,商品破损,207.63,物流,是
RT0003973,O00048435,2025-10-21,6,物流延迟,5684.49,物流,否
RT0003974,O00048444,2026-05-06,3,无理由退货,6342.16,商品/运营,是
RT0003975,O00048453,2026-05-28,1,质量问题,447.94,商品/运营,是
RT0003976,O00048470,2025-09-22,1,尺寸/适配问题,251.49,商品/运营,是
RT0003977,O00048487,2025-09-07,2,描述不符,1522.18,商品/运营,否
RT0003978,O00048502,2026-03-22,2,尺寸/适配问题,2221.97,商品/运营,是
RT0003979,O00048523,2026-05-01,2,物流延迟,1467.06,物流,是
RT0003980,O00048542,2025-10-14,1,描述不符,891.95,商品/运营,是
RT0003981,O00048545,2026-05-01,1,商品破损,1293.97,物流,是
RT0003982,O00048549,2026-05-03,1,质量问题,1779.82,商品/运营,是
RT0003983,O00048565,2026-07-27,1,描述不符,2891.13,商品/运营,是
RT0003984,O00048590,2026-02-22,4,物流延迟,4013.84,物流,否
RT0003985,O00048600,2026-02-01,1,物流延迟,1811.42,物流,是
RT0003986,O00048605,2025-12-11,1,物流延迟,1110.36,物流,是
RT0003987,O00048628,2025-12-24,1,物流延迟,660.18,物流,否
RT0003988,O00048641,2025-11-27,2,商品破损,3021.49,物流,是
RT0003989,O00048647,2025-12-10,2,物流延迟,1987.29,物流,是
RT0003990,O00048651,2026-01-05,4,质量问题,8009.03,商品/运营,否
RT0003991,O00048653,2026-04-25,1,物流延迟,656.27,物流,是
RT0003992,O00048659,2026-01-21,1,描述不符,2834.18,商品/运营,是
RT0003993,O00048662,2026-03-08,2,物流延迟,2142.3,物流,是
RT0003994,O00048663,2025-09-09,2,尺寸/适配问题,2356.86,商品/运营,否
RT0003995,O00048673,2026-01-08,1,物流延迟,1775.24,物流,是
RT0003996,O00048680,2025-10-14,2,质量问题,4415.81,商品/运营,是
RT0003997,O00048688,2026-03-08,1,商品破损,764.63,物流,是
RT0003998,O00048698,2026-02-20,1,质量问题,2770.89,商品/运营,否
RT0003999,O00048699,2026-01-26,1,物流延迟,362.51,物流,是
RT0004000,O00048701,2025-09-24,1,物流延迟,1567.62,物流,是
RT0004001,O00048744,2026-01-27,2,物流延迟,2690.66,物流,是
RT0004002,O00048749,2026-06-06,1,物流延迟,1423.48,物流,否
RT0004003,O00048752,2026-03-13,3,商品破损,6376.9,物流,是
RT0004004,O00048764,2026-07-19,1,尺寸/适配问题,2625.06,商品/运营,是
RT0004005,O00048777,2026-07-08,2,物流延迟,1425.85,物流,是
RT0004006,O00048779,2025-09-29,1,无理由退货,405.36,商品/运营,否
RT0004007,O00048786,2026-04-02,1,质量问题,775.51,商品/运营,是
RT0004008,O00048787,2026-06-12,2,物流延迟,409.38,物流,是
RT0004009,O00048803,2026-07-02,3,质量问题,2052.83,商品/运营,是
RT0004010,O00048811,2025-08-15,2,物流延迟,2676.51,物流,是
RT0004011,O00048825,2026-07-28,1,物流延迟,499.27,物流,是
RT0004012,O00048867,2026-02-01,1,无理由退货,117.84,商品/运营,是
RT0004013,O00048886,2026-03-14,4,尺寸/适配问题,3331.08,商品/运营,是
RT0004014,O00048893,2026-01-13,2,无理由退货,1440.61,商品/运营,是
RT0004015,O00048896,2026-02-22,1,商品破损,923.69,物流,是
RT0004016,O00048942,2026-06-24,5,无理由退货,3716.25,商品/运营,是
RT0004017,O00048943,2025-11-10,1,质量问题,694.54,商品/运营,否
RT0004018,O00048944,2026-08-08,1,描述不符,830.93,商品/运营,是
RT0004019,O00048948,2026-04-01,1,物流延迟,151.36,物流,是
RT0004020,O00048966,2026-02-02,1,物流延迟,1583.74,物流,是
RT0004021,O00048977,2026-01-02,3,物流延迟,7427.14,物流,是
RT0004022,O00048979,2025-12-01,2,无理由退货,259.63,商品/运营,是
RT0004023,O00048982,2026-01-22,2,质量问题,2776.07,商品/运营,是
RT0004024,O00048990,2026-02-05,1,描述不符,725.63,商品/运营,是
RT0004025,O00048996,2025-12-23,3,无理由退货,7250.46,商品/运营,是
RT0004026,O00048998,2025-11-09,5,无理由退货,1061.21,商品/运营,否
RT0004027,O00049004,2026-07-31,2,质量问题,2269.47,商品/运营,否
RT0004028,O00049014,2026-01-10,2,质量问题,1829.74,商品/运营,是
RT0004029,O00049018,2025-08-26,3,质量问题,1753.03,商品/运营,是
RT0004030,O00049033,2025-11-24,1,物流延迟,118.38,物流,是
RT0004031,O00049038,2025-10-06,2,物流延迟,3300.85,物流,否
RT0004032,O00049039,2025-10-05,3,物流延迟,2378.38,物流,否
RT0004033,O00049040,2026-01-22,3,物流延迟,4355.52,物流,否
RT0004034,O00049065,2025-08-15,2,物流延迟,3203.22,物流,是
RT0004035,O00049075,2025-10-30,3,描述不符,2199.17,商品/运营,否
RT0004036,O00049083,2025-10-01,1,尺寸/适配问题,1390.54,商品/运营,否
RT0004037,O00049088,2026-04-06,1,无理由退货,1658.32,商品/运营,是
RT0004038,O00049090,2026-03-25,1,物流延迟,851.66,物流,否
RT0004039,O00049104,2025-10-10,1,商品破损,104.86,物流,是
RT0004040,O00049108,2025-08-28,2,无理由退货,442.76,商品/运营,是
RT0004041,O00049113,2026-05-08,2,物流延迟,4294.06,物流,是
RT0004042,O00049141,2026-04-11,2,描述不符,1557.24,商品/运营,否
RT0004043,O00049143,2026-06-18,1,尺寸/适配问题,1320.47,商品/运营,是
RT0004044,O00049165,2025-09-11,1,商品破损,548.33,物流,是
RT0004045,O00049173,2026-01-20,4,无理由退货,4196.45,商品/运营,是
RT0004046,O00049194,2025-12-10,3,物流延迟,3210.06,物流,是
RT0004047,O00049222,2026-02-12,1,物流延迟,1699.59,物流,否
RT0004048,O00049234,2026-01-09,1,质量问题,1247.13,商品/运营,否
RT0004049,O00049235,2025-12-04,1,商品破损,2022.95,物流,否
RT0004050,O00049258,2026-04-09,1,商品破损,540.3,物流,否
RT0004051,O00049283,2026-02-02,2,质量问题,1138.56,商品/运营,是
RT0004052,O00049294,2026-08-04,1,物流延迟,739.28,物流,是
RT0004053,O00049314,2026-03-14,1,无理由退货,1511.53,商品/运营,是
RT0004054,O00049350,2026-05-04,2,描述不符,1492.74,商品/运营,否
RT0004055,O00049357,2026-06-18,1,质量问题,2083.65,商品/运营,是
RT0004056,O00049361,2026-03-25,1,无理由退货,577.32,商品/运营,否
RT0004057,O00049369,2026-03-15,1,商品破损,853.88,物流,否
RT0004058,O00049372,2026-07-08,3,物流延迟,7771.23,物流,是
RT0004059,O00049385,2026-01-19,2,物流延迟,2740.21,物流,是
RT0004060,O00049388,2025-09-17,1,无理由退货,1781.71,商品/运营,否
RT0004061,O00049414,2025-10-22,1,无理由退货,1621.66,商品/运营,是
RT0004062,O00049420,2025-09-16,3,商品破损,591.03,物流,是
RT0004063,O00049424,2026-03-14,4,商品破损,6177.58,物流,否
RT0004064,O00049434,2025-11-16,1,物流延迟,661.56,物流,是
RT0004065,O00049445,2025-11-23,1,尺寸/适配问题,911.53,商品/运营,否
RT0004066,O00049450,2026-01-29,2,物流延迟,2903.68,物流,否
RT0004067,O00049483,2026-01-24,4,质量问题,2221.6,商品/运营,否
RT0004068,O00049501,2026-04-04,2,商品破损,3582.52,物流,是
RT0004069,O00049512,2025-11-21,1,商品破损,983.54,物流,是
RT0004070,O00049564,2026-03-20,1,物流延迟,911.71,物流,是
RT0004071,O00049566,2025-12-26,2,描述不符,3057.92,商品/运营,是
RT0004072,O00049606,2026-01-10,1,无理由退货,1206.53,商品/运营,是
RT0004073,O00049611,2025-08-09,3,尺寸/适配问题,1562.06,商品/运营,是
RT0004074,O00049630,2025-11-09,1,无理由退货,123.47,商品/运营,是
RT0004075,O00049673,2026-05-08,1,质量问题,749.84,商品/运营,是
RT0004076,O00049675,2026-06-04,1,尺寸/适配问题,796.8,商品/运营,否
RT0004077,O00049694,2025-12-30,1,物流延迟,707.02,物流,是
RT0004078,O00049730,2025-10-14,3,质量问题,1815.35,商品/运营,否
RT0004079,O00049738,2025-12-18,1,物流延迟,1919.01,物流,是
RT0004080,O00049740,2026-04-20,4,商品破损,3845.28,物流,否
RT0004081,O00049742,2026-07-08,3,物流延迟,281.4,物流,是
RT0004082,O00049768,2026-07-01,1,质量问题,1293.99,商品/运营,是
RT0004083,O00049786,2025-12-30,2,物流延迟,4031.28,物流,是
RT0004084,O00049796,2026-06-10,3,商品破损,6338.16,物流,是
RT0004085,O00049800,2025-09-29,2,尺寸/适配问题,4270.96,商品/运营,是
RT0004086,O00049804,2025-12-16,2,物流延迟,3708.5,物流,是
RT0004087,O00049808,2026-02-05,1,无理由退货,1313.62,商品/运营,是
RT0004088,O00049822,2026-05-02,1,尺寸/适配问题,338.36,商品/运营,否
RT0004089,O00049850,2026-03-16,1,质量问题,635.42,商品/运营,否
RT0004090,O00049853,2026-07-26,1,商品破损,412.99,物流,是
RT0004091,O00049865,2025-09-09,1,质量问题,1867.11,商品/运营,否
RT0004092,O00049892,2026-04-29,1,质量问题,1700.37,商品/运营,是
RT0004093,O00049893,2026-06-26,1,质量问题,1281.09,商品/运营,是
RT0004094,O00049896,2025-11-27,4,质量问题,4050.42,商品/运营,是
RT0004095,O00049912,2026-07-11,1,描述不符,1741.4,商品/运营,是
RT0004096,O00049930,2026-03-20,2,商品破损,3816.03,物流,是
RT0004097,O00049945,2025-11-15,1,物流延迟,1591.08,物流,是
RT0004098,O00049959,2025-11-03,2,尺寸/适配问题,4034.25,商品/运营,是
RT0004099,O00049991,2025-11-27,3,描述不符,1925.7,商品/运营,否
RT0004100,O00050025,2025-08-21,1,描述不符,110.38,商品/运营,否
RT0004101,O00050027,2026-01-10,1,质量问题,2151.06,商品/运营,是
RT0004102,O00050029,2026-06-26,1,物流延迟,1727.11,物流,是
RT0004103,O00050052,2025-12-07,2,商品破损,1230.58,物流,是
RT0004104,O00050069,2026-03-20,1,描述不符,871.1,商品/运营,是
RT0004105,O00050075,2026-05-29,1,商品破损,934.94,物流,是
RT0004106,O00050081,2025-09-22,1,物流延迟,293.34,物流,否
RT0004107,O00050087,2025-10-25,2,无理由退货,375.76,商品/运营,是
RT0004108,O00050096,2025-08-19,2,物流延迟,986.97,物流,是
RT0004109,O00050105,2025-10-02,1,商品破损,1924.63,物流,是
RT0004110,O00050106,2025-10-21,6,描述不符,11808.08,商品/运营,否
RT0004111,O00050115,2025-11-24,1,尺寸/适配问题,961.72,商品/运营,否
RT0004112,O00050116,2026-01-17,3,无理由退货,6562.64,商品/运营,是
RT0004113,O00050137,2025-10-16,1,质量问题,1106.86,商品/运营,是
RT0004114,O00050142,2026-04-05,1,商品破损,1333.12,物流,否
RT0004115,O00050148,2026-07-28,2,物流延迟,2987.38,物流,是
RT0004116,O00050170,2026-03-09,1,商品破损,1565.13,物流,是
RT0004117,O00050177,2025-09-09,1,尺寸/适配问题,592.66,商品/运营,否
RT0004118,O00050182,2025-09-15,3,物流延迟,7109.13,物流,是
RT0004119,O00050192,2025-12-04,2,质量问题,1599.46,商品/运营,否
RT0004120,O00050227,2026-03-02,1,质量问题,320.86,商品/运营,否
RT0004121,O00050236,2025-10-21,3,物流延迟,3882.04,物流,否
RT0004122,O00050266,2026-05-05,1,物流延迟,2020.53,物流,是
RT0004123,O00050287,2026-05-12,1,无理由退货,721.61,商品/运营,是
RT0004124,O00050309,2025-12-30,2,物流延迟,234.5,物流,否
RT0004125,O00050320,2025-12-17,3,物流延迟,4815.47,物流,否
RT0004126,O00050327,2025-11-15,1,无理由退货,1752.32,商品/运营,是
RT0004127,O00050337,2025-08-16,1,无理由退货,744.81,商品/运营,是
RT0004128,O00050340,2026-08-06,2,描述不符,2106.93,商品/运营,否
RT0004129,O00050347,2025-09-17,2,无理由退货,1021.0,商品/运营,是
RT0004130,O00050362,2026-07-16,1,物流延迟,566.79,物流,否
RT0004131,O00050367,2026-04-01,2,描述不符,467.4,商品/运营,是
RT0004132,O00050374,2026-08-05,1,无理由退货,93.8,商品/运营,是
RT0004133,O00050378,2025-11-27,1,尺寸/适配问题,1314.63,商品/运营,是
RT0004134,O00050385,2025-10-22,1,无理由退货,1119.05,商品/运营,是
RT0004135,O00050389,2026-01-15,1,物流延迟,941.72,物流,否
RT0004136,O00050397,2026-07-05,1,尺寸/适配问题,349.54,商品/运营,否
RT0004137,O00050407,2025-10-30,2,质量问题,307.54,商品/运营,是
RT0004138,O00050440,2025-11-02,1,质量问题,215.0,商品/运营,是
RT0004139,O00050445,2025-11-15,1,质量问题,787.22,商品/运营,否
RT0004140,O00050449,2026-03-07,1,物流延迟,1610.27,物流,是
RT0004141,O00050497,2025-11-16,3,物流延迟,1388.5,物流,是
RT0004142,O00050506,2026-03-03,1,商品破损,499.27,物流,是
RT0004143,O00050520,2026-01-25,1,质量问题,1030.54,商品/运营,是
RT0004144,O00050527,2025-11-27,1,质量问题,832.86,商品/运营,否
RT0004145,O00050529,2025-09-09,1,无理由退货,671.73,商品/运营,是
RT0004146,O00050534,2026-04-12,1,无理由退货,397.51,商品/运营,是
RT0004147,O00050538,2026-05-04,1,物流延迟,841.89,物流,是
RT0004148,O00050540,2026-07-08,1,物流延迟,880.89,物流,否
RT0004149,O00050545,2026-01-01,2,尺寸/适配问题,310.11,商品/运营,是
RT0004150,O00050567,2026-06-02,1,物流延迟,2060.62,物流,是
RT0004151,O00050573,2026-05-28,1,商品破损,641.9,物流,是
RT0004152,O00050593,2025-11-07,4,商品破损,4567.02,物流,是
RT0004153,O00050620,2026-01-31,1,无理由退货,1804.91,商品/运营,是
RT0004154,O00050646,2025-12-18,1,无理由退货,378.76,商品/运营,是
RT0004155,O00050677,2026-07-12,1,物流延迟,366.97,物流,否
RT0004156,O00050683,2026-03-24,2,质量问题,1761.79,商品/运营,否
RT0004157,O00050711,2026-01-07,2,尺寸/适配问题,1811.1,商品/运营,是
RT0004158,O00050713,2025-12-10,4,质量问题,3349.77,商品/运营,是
RT0004159,O00050714,2026-03-26,3,商品破损,2469.26,物流,是
RT0004160,O00050722,2026-07-26,1,物流延迟,768.5,物流,否
RT0004161,O00050732,2026-04-01,1,物流延迟,832.42,物流,是
RT0004162,O00050736,2026-04-25,3,物流延迟,2176.89,物流,是
RT0004163,O00050739,2026-05-20,1,商品破损,911.22,物流,是
RT0004164,O00050741,2026-08-04,1,物流延迟,698.32,物流,是
RT0004165,O00050761,2025-08-18,1,无理由退货,1173.75,商品/运营,是
RT0004166,O00050764,2026-01-15,1,商品破损,1826.46,物流,是
RT0004167,O00050789,2026-05-22,3,无理由退货,2371.99,商品/运营,是
RT0004168,O00050818,2026-05-01,1,质量问题,911.71,商品/运营,是
RT0004169,O00050824,2025-09-03,1,物流延迟,172.09,物流,是
RT0004170,O00050833,2026-05-06,1,描述不符,1352.88,商品/运营,否
RT0004171,O00050843,2026-08-01,1,商品破损,942.15,物流,是
RT0004172,O00050847,2026-05-12,1,质量问题,492.2,商品/运营,是
RT0004173,O00050858,2026-03-13,1,物流延迟,520.12,物流,否
RT0004174,O00050860,2026-04-04,2,物流延迟,1664.84,物流,是
RT0004175,O00050871,2026-04-05,7,商品破损,4504.87,物流,是
RT0004176,O00050874,2026-08-01,1,尺寸/适配问题,864.21,商品/运营,是
RT0004177,O00050876,2026-03-06,1,描述不符,767.1,商品/运营,是
RT0004178,O00050893,2026-06-21,1,尺寸/适配问题,136.13,商品/运营,否
RT0004179,O00050895,2025-10-02,4,商品破损,2623.71,物流,否
RT0004180,O00050913,2026-06-13,4,无理由退货,8831.63,商品/运营,否
RT0004181,O00050921,2026-06-09,1,物流延迟,839.43,物流,否
RT0004182,O00050954,2026-01-26,5,无理由退货,7985.32,商品/运营,否
RT0004183,O00050985,2026-02-07,1,无理由退货,204.22,商品/运营,否
RT0004184,O00051024,2025-11-26,1,物流延迟,1739.04,物流,是
RT0004185,O00051057,2025-12-10,1,描述不符,936.07,商品/运营,是
RT0004186,O00051072,2026-05-14,1,质量问题,1012.99,商品/运营,是
RT0004187,O00051073,2026-06-21,3,质量问题,2201.64,商品/运营,否
RT0004188,O00051093,2026-01-19,2,无理由退货,235.97,商品/运营,是
RT0004189,O00051096,2026-03-08,1,物流延迟,1266.81,物流,是
RT0004190,O00051114,2025-11-13,3,尺寸/适配问题,5450.52,商品/运营,是
RT0004191,O00051117,2025-10-09,1,描述不符,313.53,商品/运营,是
RT0004192,O00051119,2026-04-05,1,物流延迟,267.83,物流,否
RT0004193,O00051126,2026-05-01,1,尺寸/适配问题,772.26,商品/运营,否
RT0004194,O00051132,2025-11-30,2,物流延迟,2903.68,物流,是
RT0004195,O00051133,2026-02-22,2,无理由退货,3130.26,商品/运营,是
RT0004196,O00051148,2026-05-17,1,物流延迟,912.22,物流,是
RT0004197,O00051174,2026-06-28,1,无理由退货,810.74,商品/运营,是
RT0004198,O00051184,2025-10-26,1,尺寸/适配问题,1302.59,商品/运营,否
RT0004199,O00051192,2026-06-09,1,描述不符,891.95,商品/运营,否
RT0004200,O00051193,2026-06-17,1,描述不符,833.15,商品/运营,是
RT0004201,O00051201,2026-04-21,1,质量问题,1157.8,商品/运营,否
RT0004202,O00051211,2026-02-11,2,物流延迟,909.84,物流,是
RT0004203,O00051220,2025-12-11,1,商品破损,549.46,物流,是
RT0004204,O00051231,2026-01-23,3,质量问题,2795.36,商品/运营,否
RT0004205,O00051236,2025-09-15,2,商品破损,2666.24,物流,否
RT0004206,O00051250,2025-09-28,5,无理由退货,2457.86,商品/运营,是
RT0004207,O00051251,2026-07-02,1,物流延迟,903.24,物流,否
RT0004208,O00051262,2026-01-18,2,质量问题,1258.94,商品/运营,是
RT0004209,O00051263,2026-01-09,4,商品破损,2910.09,物流,是
RT0004210,O00051265,2026-07-07,1,物流延迟,912.37,物流,是
RT0004211,O00051275,2025-08-28,3,无理由退货,1761.97,商品/运营,否
RT0004212,O00051277,2025-12-25,4,质量问题,4853.55,商品/运营,是
RT0004213,O00051297,2026-06-06,1,描述不符,1056.34,商品/运营,否
RT0004214,O00051299,2026-06-16,1,尺寸/适配问题,442.75,商品/运营,否
RT0004215,O00051303,2026-02-10,1,尺寸/适配问题,1215.28,商品/运营,是
RT0004216,O00051304,2025-12-24,1,无理由退货,501.58,商品/运营,否
RT0004217,O00051330,2025-11-19,1,质量问题,456.76,商品/运营,否
RT0004218,O00051331,2025-12-25,1,质量问题,538.45,商品/运营,是
RT0004219,O00051347,2025-11-04,1,物流延迟,891.68,物流,是
RT0004220,O00051359,2026-04-18,1,无理由退货,1708.17,商品/运营,是
RT0004221,O00051364,2025-09-03,1,无理由退货,684.93,商品/运营,否
RT0004222,O00051369,2026-07-14,1,物流延迟,175.68,物流,是
RT0004223,O00051379,2026-05-15,1,物流延迟,1725.98,物流,是
RT0004224,O00051381,2025-10-17,1,无理由退货,1147.36,商品/运营,是
RT0004225,O00051423,2025-12-10,2,尺寸/适配问题,2390.06,商品/运营,否
RT0004226,O00051455,2026-03-20,1,尺寸/适配问题,963.02,商品/运营,是
RT0004227,O00051464,2026-03-20,1,商品破损,626.15,物流,是
RT0004228,O00051475,2026-05-14,3,商品破损,3269.09,物流,是
RT0004229,O00051481,2026-05-02,1,质量问题,1888.43,商品/运营,是
RT0004230,O00051488,2025-11-18,1,描述不符,1217.44,商品/运营,否
RT0004231,O00051512,2026-04-22,1,质量问题,254.98,商品/运营,是
RT0004232,O00051548,2026-05-08,1,描述不符,404.16,商品/运营,是
RT0004233,O00051600,2026-06-16,1,物流延迟,2067.8,物流,是
RT0004234,O00051602,2026-07-23,1,无理由退货,1097.86,商品/运营,是
RT0004235,O00051606,2025-11-25,2,无理由退货,2287.84,商品/运营,是
RT0004236,O00051609,2026-03-30,6,无理由退货,1712.36,商品/运营,是
RT0004237,O00051610,2025-11-06,2,无理由退货,2350.3,商品/运营,是
RT0004238,O00051623,2026-02-02,1,质量问题,1644.4,商品/运营,是
RT0004239,O00051660,2026-03-29,3,无理由退货,933.67,商品/运营,否
RT0004240,O00051663,2026-02-23,1,商品破损,2575.77,物流,否
RT0004241,O00051682,2025-10-26,2,商品破损,452.6,物流,是
RT0004242,O00051703,2025-11-08,2,无理由退货,1307.52,商品/运营,否
RT0004243,O00051706,2025-09-28,1,物流延迟,282.18,物流,否
RT0004244,O00051713,2025-11-18,2,尺寸/适配问题,4516.47,商品/运营,否
RT0004245,O00051718,2026-06-11,3,质量问题,2094.95,商品/运营,是
RT0004246,O00051730,2026-08-01,3,物流延迟,614.07,物流,是
RT0004247,O00051732,2025-08-23,2,物流延迟,1395.28,物流,是
RT0004248,O00051750,2026-07-04,1,商品破损,1392.26,物流,是
RT0004249,O00051779,2026-07-07,1,质量问题,786.83,商品/运营,否
RT0004250,O00051782,2026-04-07,1,物流延迟,732.55,物流,是
RT0004251,O00051784,2026-05-13,1,无理由退货,1898.47,商品/运营,是
RT0004252,O00051794,2026-06-16,2,质量问题,1050.03,商品/运营,是
RT0004253,O00051798,2026-01-13,4,质量问题,2191.29,商品/运营,否
RT0004254,O00051813,2026-07-21,1,无理由退货,1562.18,商品/运营,是
RT0004255,O00051819,2025-12-22,3,质量问题,4545.48,商品/运营,是
RT0004256,O00051822,2026-07-20,2,物流延迟,885.5,物流,否
RT0004257,O00051826,2025-12-31,1,尺寸/适配问题,1577.56,商品/运营,是
RT0004258,O00051835,2025-12-27,1,无理由退货,2757.76,商品/运营,是
RT0004259,O00051849,2025-10-12,1,商品破损,2207.91,物流,是
RT0004260,O00051852,2026-01-21,2,物流延迟,1881.87,物流,是
RT0004261,O00051864,2025-09-28,1,尺寸/适配问题,1680.4,商品/运营,否
RT0004262,O00051879,2025-09-28,4,商品破损,4832.69,物流,否
RT0004263,O00051882,2026-03-27,2,商品破损,2838.9,物流,是
RT0004264,O00051886,2026-05-02,1,无理由退货,810.34,商品/运营,是
RT0004265,O00051888,2026-06-01,2,物流延迟,4528.54,物流,是
RT0004266,O00051914,2025-11-22,2,描述不符,176.61,商品/运营,是
RT0004267,O00051916,2025-09-13,1,质量问题,630.25,商品/运营,否
RT0004268,O00051924,2025-10-02,4,无理由退货,1471.56,商品/运营,是
RT0004269,O00051926,2025-12-30,2,物流延迟,534.98,物流,否
RT0004270,O00051981,2025-11-23,2,物流延迟,2106.84,物流,是
RT0004271,O00051996,2026-04-20,3,物流延迟,1992.25,物流,否
RT0004272,O00052019,2026-01-03,2,物流延迟,4470.27,物流,是
RT0004273,O00052020,2026-07-26,1,无理由退货,641.86,商品/运营,是
RT0004274,O00052034,2025-09-29,3,尺寸/适配问题,2949.81,商品/运营,否
RT0004275,O00052041,2026-06-09,2,无理由退货,627.06,商品/运营,否
RT0004276,O00052045,2026-06-05,1,无理由退货,1217.87,商品/运营,是
RT0004277,O00052063,2025-11-19,1,质量问题,1741.52,商品/运营,是
RT0004278,O00052064,2026-02-14,3,物流延迟,3516.99,物流,是
RT0004279,O00052082,2025-10-10,3,无理由退货,1491.9,商品/运营,是
RT0004280,O00052086,2026-01-22,2,商品破损,2306.16,物流,是
RT0004281,O00052089,2026-01-15,6,物流延迟,16141.26,物流,是
RT0004282,O00052120,2026-01-27,3,无理由退货,1253.95,商品/运营,否
RT0004283,O00052124,2026-03-27,2,质量问题,1085.81,商品/运营,是
RT0004284,O00052191,2025-09-30,1,物流延迟,1294.28,物流,是
RT0004285,O00052214,2026-02-28,1,商品破损,885.19,物流,是
RT0004286,O00052215,2026-04-19,1,物流延迟,186.74,物流,是
RT0004287,O00052218,2026-01-24,1,物流延迟,207.18,物流,否
RT0004288,O00052222,2025-10-08,2,无理由退货,565.95,商品/运营,是
RT0004289,O00052230,2025-11-23,2,物流延迟,2863.62,物流,是
RT0004290,O00052241,2025-12-27,3,尺寸/适配问题,2701.13,商品/运营,否
RT0004291,O00052262,2026-01-05,1,质量问题,646.93,商品/运营,是
RT0004292,O00052269,2025-11-21,1,物流延迟,758.57,物流,是
RT0004293,O00052274,2026-02-09,4,无理由退货,2348.42,商品/运营,否
RT0004294,O00052277,2026-07-13,1,物流延迟,2453.23,物流,是
RT0004295,O00052288,2026-01-05,1,物流延迟,861.19,物流,是
RT0004296,O00052301,2026-05-13,1,无理由退货,317.95,商品/运营,是
RT0004297,O00052302,2026-01-06,3,尺寸/适配问题,1643.47,商品/运营,否
RT0004298,O00052311,2026-01-15,1,物流延迟,323.93,物流,是
RT0004299,O00052317,2026-03-25,3,无理由退货,3600.27,商品/运营,否
RT0004300,O00052327,2025-10-18,1,物流延迟,1140.22,物流,是
RT0004301,O00052400,2025-10-29,2,无理由退货,3561.52,商品/运营,是
RT0004302,O00052408,2025-12-22,2,商品破损,2579.63,物流,是
RT0004303,O00052411,2025-10-25,1,物流延迟,513.52,物流,否
RT0004304,O00052419,2026-05-02,7,无理由退货,5821.36,商品/运营,是
RT0004305,O00052421,2026-08-01,1,物流延迟,2460.14,物流,是
RT0004306,O00052423,2026-05-02,1,物流延迟,709.86,物流,否
RT0004307,O00052425,2026-07-18,1,尺寸/适配问题,2602.02,商品/运营,是
RT0004308,O00052428,2026-05-20,3,物流延迟,2490.69,物流,是
RT0004309,O00052434,2026-04-23,4,尺寸/适配问题,1830.06,商品/运营,是
RT0004310,O00052448,2025-08-14,2,无理由退货,1880.24,商品/运营,否
RT0004311,O00052452,2026-08-01,2,无理由退货,2711.34,商品/运营,是
RT0004312,O00052456,2026-05-19,5,物流延迟,3386.89,物流,是
RT0004313,O00052475,2026-01-18,2,质量问题,5096.46,商品/运营,否
RT0004314,O00052478,2026-04-13,1,物流延迟,1932.27,物流,否
RT0004315,O00052512,2026-05-28,1,物流延迟,326.46,物流,是
RT0004316,O00052539,2026-06-19,1,物流延迟,1807.56,物流,否
RT0004317,O00052574,2026-01-10,2,无理由退货,1568.72,商品/运营,否
RT0004318,O00052575,2025-11-19,1,物流延迟,768.5,物流,否
RT0004319,O00052583,2026-03-21,5,质量问题,5489.3,商品/运营,是
RT0004320,O00052584,2026-06-18,1,无理由退货,938.74,商品/运营,否
RT0004321,O00052588,2025-11-27,1,无理由退货,732.88,商品/运营,是
RT0004322,O00052594,2025-12-04,2,描述不符,2085.16,商品/运营,是
RT0004323,O00052606,2025-12-13,3,尺寸/适配问题,2584.25,商品/运营,是
RT0004324,O00052616,2026-02-15,1,描述不符,1252.76,商品/运营,是
RT0004325,O00052652,2026-07-22,1,质量问题,2168.64,商品/运营,是
RT0004326,O00052663,2026-03-25,2,质量问题,3701.42,商品/运营,是
RT0004327,O00052668,2026-03-02,1,无理由退货,1066.5,商品/运营,是
RT0004328,O00052677,2026-05-02,2,尺寸/适配问题,2247.91,商品/运营,是
RT0004329,O00052716,2026-03-17,3,无理由退货,2192.21,商品/运营,否
RT0004330,O00052718,2026-02-12,2,质量问题,1739.87,商品/运营,否
RT0004331,O00052728,2026-05-09,2,物流延迟,984.41,物流,是
RT0004332,O00052734,2026-06-04,1,物流延迟,274.95,物流,是
RT0004333,O00052739,2025-11-20,1,物流延迟,1306.14,物流,否
RT0004334,O00052755,2026-03-01,1,无理由退货,283.31,商品/运营,否
RT0004335,O00052778,2026-03-06,4,质量问题,1394.5,商品/运营,否
RT0004336,O00052785,2026-04-26,4,尺寸/适配问题,4077.07,商品/运营,否
RT0004337,O00052792,2026-03-17,2,描述不符,2223.27,商品/运营,否
RT0004338,O00052796,2026-03-08,1,质量问题,842.35,商品/运营,是
RT0004339,O00052802,2026-06-30,1,商品破损,722.36,物流,是
RT0004340,O00052829,2025-12-07,1,质量问题,1686.48,商品/运营,是
RT0004341,O00052830,2025-08-27,1,商品破损,2509.63,物流,否
RT0004342,O00052834,2026-07-28,3,商品破损,2690.93,物流,是
RT0004343,O00052863,2025-12-22,1,无理由退货,1667.99,商品/运营,是
RT0004344,O00052864,2025-12-08,2,无理由退货,2260.76,商品/运营,否
RT0004345,O00052871,2025-10-04,2,物流延迟,1152.46,物流,否
RT0004346,O00052879,2025-11-10,1,物流延迟,902.45,物流,否
RT0004347,O00052884,2026-04-11,1,描述不符,269.0,商品/运营,否
RT0004348,O00052887,2026-05-27,1,质量问题,517.14,商品/运营,是
RT0004349,O00052900,2026-01-29,2,商品破损,3021.49,物流,是
RT0004350,O00052922,2025-11-26,1,物流延迟,130.73,物流,是
RT0004351,O00052923,2026-07-02,2,质量问题,4787.14,商品/运营,是
RT0004352,O00052930,2026-05-27,1,商品破损,1004.28,物流,否
RT0004353,O00052931,2026-02-24,2,尺寸/适配问题,1998.65,商品/运营,是
RT0004354,O00052939,2025-11-18,1,质量问题,2088.09,商品/运营,是
RT0004355,O00052943,2026-01-05,3,物流延迟,6954.58,物流,是
RT0004356,O00052967,2026-02-03,4,无理由退货,3612.29,商品/运营,否
RT0004357,O00052976,2025-12-18,1,质量问题,149.29,商品/运营,否
RT0004358,O00052981,2026-06-07,2,质量问题,2460.21,商品/运营,否
RT0004359,O00052985,2025-08-09,1,尺寸/适配问题,759.04,商品/运营,否
RT0004360,O00052992,2026-07-31,4,无理由退货,4170.31,商品/运营,是
RT0004361,O00053010,2025-10-23,1,物流延迟,215.0,物流,否
RT0004362,O00053014,2025-11-28,1,质量问题,1324.86,商品/运营,否
RT0004363,O00053037,2025-10-31,1,物流延迟,1234.04,物流,是
RT0004364,O00053063,2026-06-26,1,商品破损,2939.91,物流,是
RT0004365,O00053075,2025-12-30,2,物流延迟,2883.88,物流,是
RT0004366,O00053091,2026-04-28,1,无理由退货,187.88,商品/运营,是
RT0004367,O00053093,2026-04-12,1,物流延迟,552.86,物流,是
RT0004368,O00053101,2025-12-15,4,物流延迟,2886.44,物流,否
RT0004369,O00053102,2025-10-19,1,质量问题,1142.38,商品/运营,是
RT0004370,O00053128,2026-05-31,1,物流延迟,1567.06,物流,是
RT0004371,O00053130,2026-03-01,1,质量问题,832.62,商品/运营,是
RT0004372,O00053153,2025-11-09,3,描述不符,2559.14,商品/运营,是
RT0004373,O00053163,2025-11-16,1,商品破损,769.76,物流,是
RT0004374,O00053164,2026-07-20,2,质量问题,3505.68,商品/运营,是
RT0004375,O00053171,2025-11-09,2,物流延迟,811.05,物流,否
RT0004376,O00053177,2025-11-18,4,无理由退货,3173.19,商品/运营,是
RT0004377,O00053178,2025-09-13,1,尺寸/适配问题,423.94,商品/运营,是
RT0004378,O00053180,2026-01-31,1,物流延迟,359.26,物流,否
RT0004379,O00053184,2025-08-30,3,物流延迟,4094.64,物流,是
RT0004380,O00053196,2025-09-22,2,无理由退货,4075.69,商品/运营,是
RT0004381,O00053200,2025-11-17,2,物流延迟,3356.06,物流,否
RT0004382,O00053213,2026-03-14,1,质量问题,990.99,商品/运营,否
RT0004383,O00053219,2026-04-09,1,描述不符,2395.93,商品/运营,否
RT0004384,O00053223,2026-03-03,2,物流延迟,923.88,物流,是
RT0004385,O00053231,2026-03-07,2,尺寸/适配问题,450.92,商品/运营,是
RT0004386,O00053238,2026-03-26,1,描述不符,606.56,商品/运营,是
RT0004387,O00053259,2026-03-17,2,物流延迟,4403.7,物流,是
RT0004388,O00053262,2026-07-14,1,物流延迟,959.68,物流,是
RT0004389,O00053267,2025-12-22,2,质量问题,763.09,商品/运营,是
RT0004390,O00053270,2026-03-07,3,商品破损,1745.33,物流,是
RT0004391,O00053277,2025-12-28,1,物流延迟,197.9,物流,是
RT0004392,O00053295,2026-05-13,2,无理由退货,1187.98,商品/运营,否
RT0004393,O00053325,2026-05-10,2,无理由退货,1869.23,商品/运营,是
RT0004394,O00053339,2025-08-23,2,商品破损,2198.74,物流,是
RT0004395,O00053342,2025-10-15,5,无理由退货,7165.65,商品/运营,是
RT0004396,O00053362,2025-12-06,4,无理由退货,3104.1,商品/运营,是
RT0004397,O00053372,2025-10-05,2,商品破损,1506.42,物流,否
RT0004398,O00053379,2026-05-02,1,物流延迟,2008.23,物流,否
RT0004399,O00053411,2025-10-05,1,无理由退货,1264.54,商品/运营,否
RT0004400,O00053419,2026-03-20,4,物流延迟,512.46,物流,是
RT0004401,O00053435,2026-01-24,1,尺寸/适配问题,621.59,商品/运营,否
RT0004402,O00053436,2025-10-01,4,物流延迟,9467.58,物流,否
RT0004403,O00053448,2026-03-15,3,物流延迟,4702.85,物流,是
RT0004404,O00053460,2026-05-24,2,尺寸/适配问题,895.88,商品/运营,是
RT0004405,O00053464,2026-05-02,1,物流延迟,146.08,物流,是
RT0004406,O00053477,2025-11-19,2,物流延迟,1229.87,物流,否
RT0004407,O00053481,2026-01-11,1,商品破损,2690.21,物流,否
RT0004408,O00053490,2025-09-04,1,质量问题,718.65,商品/运营,是
RT0004409,O00053517,2026-05-03,1,质量问题,494.38,商品/运营,是
RT0004410,O00053537,2026-01-30,3,描述不符,2883.96,商品/运营,是
RT0004411,O00053556,2026-06-21,2,无理由退货,1475.31,商品/运营,是
RT0004412,O00053561,2026-06-21,4,质量问题,3018.26,商品/运营,是
RT0004413,O00053565,2026-07-11,2,物流延迟,611.0,物流,是
RT0004414,O00053573,2025-11-05,2,无理由退货,3625.16,商品/运营,否
RT0004415,O00053596,2025-12-11,1,物流延迟,749.36,物流,是
RT0004416,O00053599,2025-10-29,4,尺寸/适配问题,3397.47,商品/运营,是
RT0004417,O00053602,2026-04-18,1,无理由退货,317.59,商品/运营,是
RT0004418,O00053619,2025-09-26,1,质量问题,981.6,商品/运营,是
RT0004419,O00053634,2025-11-19,1,物流延迟,738.3,物流,是
RT0004420,O00053637,2026-02-09,2,物流延迟,2033.63,物流,是
RT0004421,O00053658,2026-02-18,2,质量问题,324.54,商品/运营,是
RT0004422,O00053664,2026-06-13,3,尺寸/适配问题,1203.12,商品/运营,是
RT0004423,O00053667,2025-12-14,2,描述不符,414.85,商品/运营,否
RT0004424,O00053681,2025-10-04,1,物流延迟,1362.12,物流,是
RT0004425,O00053688,2025-09-23,3,无理由退货,485.4,商品/运营,是
RT0004426,O00053733,2026-02-05,2,商品破损,1224.91,物流,是
RT0004427,O00053747,2025-08-25,2,无理由退货,676.92,商品/运营,否
RT0004428,O00053775,2026-01-01,1,物流延迟,2834.18,物流,是
RT0004429,O00053787,2025-09-10,1,尺寸/适配问题,598.12,商品/运营,是
RT0004430,O00053796,2026-05-15,3,物流延迟,5603.36,物流,是
RT0004431,O00053812,2026-01-11,2,商品破损,295.94,物流,是
RT0004432,O00053818,2026-02-22,2,物流延迟,1271.38,物流,否
RT0004433,O00053821,2025-12-31,2,质量问题,2478.74,商品/运营,是
RT0004434,O00053860,2025-10-21,1,物流延迟,1061.71,物流,是
RT0004435,O00053876,2026-05-23,1,无理由退货,833.96,商品/运营,是
RT0004436,O00053910,2025-08-16,1,质量问题,290.51,商品/运营,否
RT0004437,O00053912,2025-09-18,2,物流延迟,835.96,物流,是
RT0004438,O00053921,2025-11-14,1,尺寸/适配问题,820.59,商品/运营,是
RT0004439,O00053954,2026-05-15,2,无理由退货,1584.74,商品/运营,否
RT0004440,O00053967,2026-06-11,1,商品破损,767.1,物流,否
RT0004441,O00053990,2025-09-17,4,无理由退货,6291.49,商品/运营,否
RT0004442,O00053995,2026-07-13,4,物流延迟,1719.58,物流,否
RT0004443,O00054007,2025-08-16,2,商品破损,3416.77,物流,是
RT0004444,O00054024,2025-12-26,1,物流延迟,1456.07,物流,是
RT0004445,O00054039,2026-06-03,1,尺寸/适配问题,897.75,商品/运营,是
RT0004446,O00054043,2025-12-23,1,无理由退货,605.12,商品/运营,否
RT0004447,O00054059,2025-08-22,2,商品破损,6189.28,物流,是
RT0004448,O00054063,2026-03-11,5,商品破损,1567.65,物流,是
RT0004449,O00054067,2025-10-08,3,尺寸/适配问题,3047.06,商品/运营,是
RT0004450,O00054075,2026-02-11,1,物流延迟,1350.31,物流,是
RT0004451,O00054088,2025-09-30,1,无理由退货,2201.18,商品/运营,是
RT0004452,O00054092,2026-06-25,2,无理由退货,1227.36,商品/运营,是
RT0004453,O00054104,2026-03-14,1,物流延迟,2479.22,物流,是
RT0004454,O00054105,2026-01-18,5,物流延迟,8588.12,物流,是
RT0004455,O00054115,2026-04-10,4,无理由退货,6338.16,商品/运营,否
RT0004456,O00054151,2026-01-08,4,无理由退货,6115.84,商品/运营,是
RT0004457,O00054161,2026-03-18,1,商品破损,209.21,物流,否
RT0004458,O00054162,2026-06-01,1,无理由退货,746.37,商品/运营,是
RT0004459,O00054185,2026-02-12,1,无理由退货,1172.54,商品/运营,是
RT0004460,O00054197,2026-04-26,1,质量问题,2788.93,商品/运营,是
RT0004461,O00054206,2025-11-23,2,无理由退货,1140.85,商品/运营,是
RT0004462,O00054233,2025-12-21,2,物流延迟,2356.86,物流,是
RT0004463,O00054244,2026-03-09,1,物流延迟,1790.76,物流,是
RT0004464,O00054250,2026-07-13,1,物流延迟,213.89,物流,是
RT0004465,O00054251,2026-03-28,2,尺寸/适配问题,2006.92,商品/运营,是
RT0004466,O00054260,2025-11-14,1,物流延迟,1939.03,物流,否
RT0004467,O00054277,2026-01-05,4,物流延迟,4658.29,物流,否
RT0004468,O00054284,2026-03-15,1,尺寸/适配问题,1011.59,商品/运营,否
RT0004469,O00054286,2025-11-23,4,无理由退货,712.98,商品/运营,是
RT0004470,O00054306,2026-06-04,3,尺寸/适配问题,5603.36,商品/运营,否
RT0004471,O00054308,2026-07-13,2,质量问题,2892.45,商品/运营,是
RT0004472,O00054309,2025-11-20,1,尺寸/适配问题,1635.14,商品/运营,是
RT0004473,O00054329,2026-02-21,1,质量问题,173.99,商品/运营,是
RT0004474,O00054357,2026-06-24,1,描述不符,1600.12,商品/运营,否
RT0004475,O00054404,2026-05-28,1,物流延迟,1341.38,物流,是
RT0004476,O00054418,2026-01-23,1,无理由退货,583.75,商品/运营,否
RT0004477,O00054484,2026-03-13,4,描述不符,9260.68,商品/运营,是
RT0004478,O00054502,2026-03-31,1,无理由退货,548.33,商品/运营,是
RT0004479,O00054506,2025-11-25,1,物流延迟,1901.45,物流,否
RT0004480,O00054529,2026-01-04,1,质量问题,1708.38,商品/运营,是
RT0004481,O00054531,2026-04-13,1,描述不符,367.78,商品/运营,是
RT0004482,O00054546,2026-03-04,1,物流延迟,2414.79,物流,是
RT0004483,O00054561,2025-08-28,1,描述不符,2033.2,商品/运营,是
RT0004484,O00054571,2025-11-29,1,物流延迟,207.18,物流,是
RT0004485,O00054584,2026-04-23,1,描述不符,978.68,商品/运营,是
RT0004486,O00054585,2025-09-22,1,无理由退货,1782.77,商品/运营,是
RT0004487,O00054605,2025-11-26,1,质量问题,2199.54,商品/运营,否
RT0004488,O00054611,2026-03-18,2,物流延迟,3248.84,物流,是
RT0004489,O00054622,2026-04-26,1,描述不符,1157.8,商品/运营,否
RT0004490,O00054625,2026-04-23,1,无理由退货,2340.5,商品/运营,是
RT0004491,O00054650,2025-11-25,1,尺寸/适配问题,157.61,商品/运营,是
RT0004492,O00054656,2026-07-19,2,物流延迟,1919.36,物流,是
RT0004493,O00054667,2025-09-17,2,无理由退货,1850.86,商品/运营,是
RT0004494,O00054738,2026-03-11,1,无理由退货,656.42,商品/运营,是
RT0004495,O00054757,2025-12-27,4,质量问题,9659.14,商品/运营,是
RT0004496,O00054762,2026-04-10,3,无理由退货,846.91,商品/运营,是
RT0004497,O00054768,2026-07-18,2,无理由退货,1291.66,商品/运营,是
RT0004498,O00054782,2025-08-23,2,描述不符,4741.18,商品/运营,是
RT0004499,O00054815,2026-01-25,1,物流延迟,2657.26,物流,是
RT0004500,O00054820,2026-07-18,1,商品破损,1706.1,物流,否
RT0004501,O00054824,2026-07-06,1,物流延迟,555.4,物流,否
RT0004502,O00054832,2026-06-03,2,物流延迟,698.78,物流,是
RT0004503,O00054842,2025-08-16,1,尺寸/适配问题,130.55,商品/运营,是
RT0004504,O00054854,2025-11-24,3,商品破损,2004.12,物流,否
RT0004505,O00054855,2026-01-10,2,商品破损,2533.62,物流,否
RT0004506,O00054861,2026-04-06,3,物流延迟,1925.7,物流,是
RT0004507,O00054868,2026-03-18,1,质量问题,936.26,商品/运营,是
RT0004508,O00054880,2026-07-29,1,质量问题,921.53,商品/运营,是
RT0004509,O00054919,2026-06-15,1,无理由退货,900.38,商品/运营,是
RT0004510,O00054924,2026-03-20,2,质量问题,3248.84,商品/运营,否
RT0004511,O00054953,2025-10-23,1,物流延迟,868.59,物流,否
RT0004512,O00054978,2026-07-05,4,尺寸/适配问题,4152.75,商品/运营,是
RT0004513,O00054985,2026-02-01,1,无理由退货,1217.87,商品/运营,否
RT0004514,O00055002,2026-02-15,2,质量问题,2500.33,商品/运营,是
RT0004515,O00055007,2025-11-20,1,无理由退货,151.69,商品/运营,是
RT0004516,O00055008,2026-06-13,1,物流延迟,600.93,物流,是
RT0004517,O00055009,2025-12-22,1,无理由退货,142.36,商品/运营,否
RT0004518,O00055024,2025-11-27,1,物流延迟,1538.38,物流,是
RT0004519,O00055026,2025-11-03,2,无理由退货,241.99,商品/运营,是
RT0004520,O00055038,2025-09-30,1,物流延迟,119.41,物流,否
RT0004521,O00055043,2025-08-22,3,物流延迟,2431.03,物流,是
RT0004522,O00055045,2026-04-28,1,物流延迟,145.62,物流,否
RT0004523,O00055058,2025-09-03,1,物流延迟,1016.82,物流,否
RT0004524,O00055061,2026-03-11,2,物流延迟,1381.6,物流,是
RT0004525,O00055066,2026-02-25,3,质量问题,1633.44,商品/运营,是
RT0004526,O00055093,2025-12-03,1,尺寸/适配问题,1722.79,商品/运营,是
RT0004527,O00055109,2025-12-29,1,描述不符,961.14,商品/运营,否
RT0004528,O00055121,2025-09-11,1,商品破损,906.36,物流,否
RT0004529,O00055129,2026-07-07,1,物流延迟,1835.66,物流,是
RT0004530,O00055133,2026-01-17,1,物流延迟,297.87,物流,是
RT0004531,O00055146,2026-03-22,2,物流延迟,2356.86,物流,否
RT0004532,O00055148,2026-01-03,1,商品破损,295.19,物流,是
RT0004533,O00055160,2026-02-02,1,商品破损,1301.51,物流,是
RT0004534,O00055191,2026-06-22,1,无理由退货,1597.72,商品/运营,否
RT0004535,O00055194,2026-07-05,1,商品破损,1024.66,物流,否
RT0004536,O00055224,2025-12-09,3,尺寸/适配问题,5097.07,商品/运营,否
RT0004537,O00055232,2026-07-08,1,质量问题,722.15,商品/运营,否
RT0004538,O00055237,2025-11-23,3,无理由退货,2932.86,商品/运营,是
RT0004539,O00055240,2026-02-21,2,尺寸/适配问题,3008.67,商品/运营,否
RT0004540,O00055245,2026-06-13,2,物流延迟,1766.88,物流,否
RT0004541,O00055251,2026-02-04,2,物流延迟,5905.02,物流,是
RT0004542,O00055268,2026-07-01,2,无理由退货,2121.52,商品/运营,否
RT0004543,O00055288,2026-05-01,3,质量问题,848.97,商品/运营,否
RT0004544,O00055301,2025-11-18,1,商品破损,1990.26,物流,否
RT0004545,O00055326,2026-08-01,3,无理由退货,1829.49,商品/运营,是
RT0004546,O00055338,2026-01-19,3,质量问题,1965.39,商品/运营,是
RT0004547,O00055394,2026-03-28,3,商品破损,1892.95,物流,否
RT0004548,O00055409,2025-10-13,1,物流延迟,849.84,物流,否
RT0004549,O00055412,2025-11-25,1,无理由退货,792.8,商品/运营,是
RT0004550,O00055425,2025-11-11,1,无理由退货,528.48,商品/运营,否
RT0004551,O00055426,2026-05-12,5,质量问题,2970.0,商品/运营,是
RT0004552,O00055440,2026-07-10,2,无理由退货,497.5,商品/运营,是
RT0004553,O00055463,2026-01-28,1,物流延迟,2318.19,物流,是
RT0004554,O00055468,2026-03-30,1,质量问题,2533.15,商品/运营,否
RT0004555,O00055473,2026-04-02,1,尺寸/适配问题,2031.54,商品/运营,是
RT0004556,O00055480,2026-08-08,2,无理由退货,3270.28,商品/运营,是
RT0004557,O00055488,2025-09-06,1,无理由退货,766.01,商品/运营,是
RT0004558,O00055503,2025-09-04,1,商品破损,1992.51,物流,是
RT0004559,O00055515,2026-07-21,1,质量问题,2182.67,商品/运营,否
RT0004560,O00055554,2025-11-22,1,商品破损,1879.28,物流,是
RT0004561,O00055561,2026-06-01,1,物流延迟,2110.07,物流,是
RT0004562,O00055583,2026-01-16,2,物流延迟,2219.78,物流,否
RT0004563,O00055607,2026-06-15,1,质量问题,1919.01,商品/运营,否
RT0004564,O00055618,2025-08-25,2,商品破损,757.52,物流,否
RT0004565,O00055628,2025-12-02,1,描述不符,142.36,商品/运营,否
RT0004566,O00055659,2026-01-26,4,商品破损,847.14,物流,是
RT0004567,O00055666,2026-01-24,1,商品破损,549.4,物流,是
RT0004568,O00055668,2026-06-14,1,质量问题,1775.24,商品/运营,否
RT0004569,O00055682,2026-02-26,1,无理由退货,2112.78,商品/运营,是
RT0004570,O00055683,2025-11-29,1,物流延迟,254.84,物流,否
RT0004571,O00055684,2025-12-24,3,质量问题,2029.75,商品/运营,是
RT0004572,O00055701,2025-11-01,4,描述不符,3648.35,商品/运营,是
RT0004573,O00055727,2025-11-21,2,质量问题,1551.56,商品/运营,是
RT0004574,O00055742,2025-09-08,1,物流延迟,1634.2,物流,否
RT0004575,O00055748,2026-07-22,2,质量问题,2157.28,商品/运营,是
RT0004576,O00055764,2026-01-02,1,尺寸/适配问题,1816.82,商品/运营,是
RT0004577,O00055803,2026-07-26,1,质量问题,833.96,商品/运营,是
RT0004578,O00055823,2026-03-16,2,无理由退货,1666.32,商品/运营,否
RT0004579,O00055869,2026-02-27,1,尺寸/适配问题,2129.42,商品/运营,是
RT0004580,O00055872,2025-09-29,1,无理由退货,1061.71,商品/运营,否
RT0004581,O00055883,2025-09-11,2,商品破损,1606.5,物流,是
RT0004582,O00055884,2026-02-09,1,物流延迟,788.73,物流,否
RT0004583,O00055888,2026-05-11,1,尺寸/适配问题,105.53,商品/运营,否
RT0004584,O00055916,2026-04-14,1,尺寸/适配问题,137.8,商品/运营,是
RT0004585,O00055917,2025-12-31,3,物流延迟,4484.43,物流,否
RT0004586,O00055926,2026-06-12,1,物流延迟,1699.59,物流,否
RT0004587,O00055935,2026-05-05,2,无理由退货,1532.59,商品/运营,是
RT0004588,O00055939,2025-11-27,1,质量问题,237.87,商品/运营,是
RT0004589,O00055960,2026-08-01,1,物流延迟,2017.59,物流,是
RT0004590,O00055972,2026-05-13,1,物流延迟,2550.76,物流,否
RT0004591,O00055987,2026-05-05,2,尺寸/适配问题,4016.46,商品/运营,是
RT0004592,O00055995,2026-03-09,2,尺寸/适配问题,2356.86,商品/运营,是
RT0004593,O00056005,2026-06-12,2,无理由退货,1766.88,商品/运营,是
RT0004594,O00056026,2025-10-16,1,物流延迟,1049.63,物流,否
RT0004595,O00056057,2026-06-20,1,物流延迟,1597.58,物流,是
RT0004596,O00056116,2026-01-23,2,质量问题,4228.11,商品/运营,是
RT0004597,O00056125,2026-02-28,1,物流延迟,281.07,物流,是
RT0004598,O00056152,2026-02-19,2,物流延迟,4786.47,物流,是
RT0004599,O00056159,2026-04-30,1,尺寸/适配问题,749.36,商品/运营,是
RT0004600,O00056162,2026-03-24,3,描述不符,1621.54,商品/运营,否
RT0004601,O00056168,2025-12-28,1,无理由退货,1950.97,商品/运营,否
RT0004602,O00056175,2025-08-22,3,商品破损,404.5,物流,是
RT0004603,O00056190,2026-07-22,1,物流延迟,656.26,物流,否
RT0004604,O00056197,2025-11-10,1,质量问题,1100.29,商品/运营,否
RT0004605,O00056212,2026-08-02,4,物流延迟,2491.79,物流,否
RT0004606,O00056225,2025-12-03,3,无理由退货,669.58,商品/运营,是
RT0004607,O00056247,2025-08-10,3,无理由退货,1562.06,商品/运营,是
RT0004608,O00056270,2025-11-17,1,物流延迟,977.62,物流,是
RT0004609,O00056273,2026-02-10,1,质量问题,447.35,商品/运营,否
RT0004610,O00056276,2025-10-23,1,无理由退货,564.91,商品/运营,是
RT0004611,O00056283,2026-06-12,4,无理由退货,3498.12,商品/运营,是
RT0004612,O00056296,2025-08-20,2,尺寸/适配问题,3985.02,商品/运营,否
RT0004613,O00056328,2026-02-20,1,尺寸/适配问题,570.88,商品/运营,否
RT0004614,O00056336,2026-05-02,1,无理由退货,614.7,商品/运营,是
RT0004615,O00056364,2026-03-28,1,商品破损,149.44,物流,是
RT0004616,O00056386,2026-02-22,2,质量问题,2956.08,商品/运营,是
RT0004617,O00056409,2026-05-12,1,无理由退货,1833.05,商品/运营,是
RT0004618,O00056424,2025-09-09,1,物流延迟,1890.38,物流,是
RT0004619,O00056484,2025-10-02,3,尺寸/适配问题,1269.96,商品/运营,是
RT0004620,O00056487,2026-04-19,4,无理由退货,11493.56,商品/运营,是
RT0004621,O00056508,2026-07-03,3,尺寸/适配问题,2203.67,商品/运营,否
RT0004622,O00056523,2025-12-03,1,质量问题,87.94,商品/运营,是
RT0004623,O00056525,2025-12-14,1,描述不符,2460.14,商品/运营,是
RT0004624,O00056532,2026-05-24,1,物流延迟,1668.8,物流,是
RT0004625,O00056539,2026-02-12,1,物流延迟,2252.68,物流,是
RT0004626,O00056541,2026-05-01,1,描述不符,1119.05,商品/运营,否
RT0004627,O00056551,2025-12-24,1,商品破损,389.03,物流,否
RT0004628,O00056552,2026-03-30,3,物流延迟,2162.97,物流,是
RT0004629,O00056565,2025-10-22,4,无理由退货,2096.43,商品/运营,是
RT0004630,O00056567,2026-06-13,2,无理由退货,3321.03,商品/运营,否
RT0004631,O00056592,2025-11-19,3,商品破损,2026.92,物流,是
RT0004632,O00056602,2026-01-26,1,无理由退货,223.4,商品/运营,是
RT0004633,O00056606,2026-05-02,1,描述不符,1020.12,商品/运营,是
RT0004634,O00056616,2025-09-28,1,物流延迟,708.51,物流,是
RT0004635,O00056624,2025-10-03,1,无理由退货,817.12,商品/运营,否
RT0004636,O00056626,2025-11-08,3,无理由退货,628.66,商品/运营,是
RT0004637,O00056630,2026-07-27,1,物流延迟,193.6,物流,否
RT0004638,O00056635,2025-12-21,3,物流延迟,3123.62,物流,否
RT0004639,O00056647,2025-11-27,1,物流延迟,1594.37,物流,是
RT0004640,O00056660,2026-05-12,1,描述不符,1109.89,商品/运营,是
RT0004641,O00056676,2025-12-21,2,无理由退货,1058.89,商品/运营,是
RT0004642,O00056685,2026-05-11,1,无理由退货,756.46,商品/运营,是
RT0004643,O00056692,2025-10-07,1,描述不符,1153.37,商品/运营,否
RT0004644,O00056710,2025-10-01,4,质量问题,3567.56,商品/运营,否
RT0004645,O00056737,2025-12-11,1,描述不符,2327.43,商品/运营,是
RT0004646,O00056748,2025-11-26,4,无理由退货,3323.7,商品/运营,是
RT0004647,O00056761,2026-05-05,1,无理由退货,1021.1,商品/运营,否
RT0004648,O00056779,2026-02-19,2,无理由退货,2426.77,商品/运营,否
RT0004649,O00056796,2026-03-09,4,物流延迟,1943.12,物流,是
RT0004650,O00056813,2026-03-29,1,描述不符,391.79,商品/运营,是
RT0004651,O00056823,2026-02-10,1,描述不符,436.94,商品/运营,否
RT0004652,O00056829,2026-06-21,2,无理由退货,1442.58,商品/运营,是
RT0004653,O00056833,2026-03-17,1,无理由退货,808.87,商品/运营,是
RT0004654,O00056848,2025-08-30,1,物流延迟,853.05,物流,否
RT0004655,O00056855,2026-02-28,1,物流延迟,999.32,物流,是
RT0004656,O00056868,2025-11-19,2,商品破损,500.54,物流,否
RT0004657,O00056870,2025-08-13,2,尺寸/适配问题,1997.8,商品/运营,否
RT0004658,O00056875,2025-11-22,1,物流延迟,1106.86,物流,是
RT0004659,O00056881,2025-10-03,1,无理由退货,906.02,商品/运营,否
RT0004660,O00056904,2026-04-23,3,描述不符,6656.9,商品/运营,否
RT0004661,O00056919,2026-06-12,3,商品破损,3940.86,物流,是
RT0004662,O00056920,2026-05-08,1,无理由退货,917.85,商品/运营,是
RT0004663,O00056923,2026-06-25,2,商品破损,2049.32,物流,否
RT0004664,O00056925,2025-12-27,1,尺寸/适配问题,570.97,商品/运营,是
RT0004665,O00056961,2025-08-27,1,质量问题,1172.33,商品/运营,是
RT0004666,O00056978,2026-06-23,1,无理由退货,2810.69,商品/运营,否
RT0004667,O00056997,2025-08-11,1,质量问题,798.5,商品/运营,是
RT0004668,O00057001,2026-02-28,1,物流延迟,390.02,物流,是
RT0004669,O00057002,2026-05-08,1,质量问题,1580.68,商品/运营,否
RT0004670,O00057004,2025-11-09,1,无理由退货,684.46,商品/运营,是
RT0004671,O00057047,2026-08-05,3,无理由退货,1048.49,商品/运营,是
RT0004672,O00057056,2026-05-28,2,物流延迟,4183.36,物流,否
RT0004673,O00057068,2025-12-02,1,无理由退货,558.11,商品/运营,否
RT0004674,O00057071,2025-10-31,3,质量问题,887.58,商品/运营,是
RT0004675,O00057087,2025-10-21,4,商品破损,2395.52,物流,否
RT0004676,O00057105,2025-09-01,2,物流延迟,2768.5,物流,是
RT0004677,O00057113,2026-04-27,1,商品破损,1110.36,物流,否
RT0004678,O00057121,2026-01-23,2,物流延迟,175.88,物流,是
RT0004679,O00057122,2026-01-16,2,物流延迟,759.75,物流,是
RT0004680,O00057126,2026-04-10,1,物流延迟,1195.97,物流,是
RT0004681,O00057149,2025-11-21,3,物流延迟,2283.27,物流,是
RT0004682,O00057158,2026-05-27,1,描述不符,1571.26,商品/运营,是
RT0004683,O00057164,2025-10-19,1,无理由退货,1188.91,商品/运营,是
RT0004684,O00057171,2025-10-13,1,物流延迟,2810.69,物流,否
RT0004685,O00057173,2026-07-12,1,物流延迟,2184.39,物流,否
RT0004686,O00057200,2025-09-19,4,物流延迟,3007.04,物流,是
RT0004687,O00057228,2026-08-01,2,物流延迟,954.04,物流,是
RT0004688,O00057253,2025-12-22,1,商品破损,254.14,物流,是
RT0004689,O00057260,2025-09-18,1,无理由退货,1678.69,商品/运营,是
RT0004690,O00057268,2026-04-09,1,物流延迟,1752.84,物流,是
RT0004691,O00057270,2026-06-25,3,无理由退货,2199.2,商品/运营,是
RT0004692,O00057290,2025-09-08,4,尺寸/适配问题,1715.06,商品/运营,是
RT0004693,O00057294,2026-07-06,1,商品破损,1097.45,物流,是
RT0004694,O00057295,2025-12-02,1,描述不符,621.44,商品/运营,是
RT0004695,O00057303,2025-08-08,1,尺寸/适配问题,672.61,商品/运营,否
RT0004696,O00057304,2026-03-12,1,物流延迟,233.68,物流,否
RT0004697,O00057305,2026-03-25,1,物流延迟,1053.42,物流,是
RT0004698,O00057306,2026-06-30,3,描述不符,2809.89,商品/运营,是
RT0004699,O00057326,2026-03-30,1,描述不符,789.42,商品/运营,是
RT0004700,O00057331,2025-10-08,1,无理由退货,1480.29,商品/运营,是
RT0004701,O00057333,2025-08-27,1,无理由退货,401.04,商品/运营,是
RT0004702,O00057336,2026-03-18,1,物流延迟,1019.27,物流,是
RT0004703,O00057341,2026-02-22,1,物流延迟,736.64,物流,是
RT0004704,O00057358,2026-01-26,2,描述不符,3827.01,商品/运营,否
RT0004705,O00057390,2026-05-01,1,商品破损,598.12,物流,是
RT0004706,O00057393,2026-05-28,1,物流延迟,802.77,物流,否
RT0004707,O00057397,2025-08-28,1,描述不符,920.39,商品/运营,是
RT0004708,O00057435,2025-12-23,3,商品破损,1340.75,物流,否
RT0004709,O00057449,2025-10-01,2,无理由退货,783.5,商品/运营,是
RT0004710,O00057461,2026-05-19,2,无理由退货,2880.22,商品/运营,否
RT0004711,O00057462,2026-05-01,3,无理由退货,4534.58,商品/运营,否
RT0004712,O00057465,2026-03-06,2,物流延迟,3299.49,物流,是
RT0004713,O00057466,2026-04-20,2,无理由退货,1249.29,商品/运营,是
RT0004714,O00057467,2026-06-24,3,质量问题,2390.17,商品/运营,否
RT0004715,O00057486,2025-12-14,2,质量问题,536.17,商品/运营,是
RT0004716,O00057518,2026-04-19,2,无理由退货,2272.74,商品/运营,否
RT0004717,O00057545,2025-09-04,3,物流延迟,890.9,物流,否
RT0004718,O00057550,2025-10-16,1,无理由退货,1118.06,商品/运营,是
RT0004719,O00057552,2026-05-22,1,质量问题,1854.25,商品/运营,否
RT0004720,O00057565,2026-01-09,2,质量问题,3275.6,商品/运营,是
RT0004721,O00057568,2026-02-01,1,物流延迟,618.09,物流,是
RT0004722,O00057570,2026-01-06,2,商品破损,3885.61,物流,是
RT0004723,O00057577,2025-09-12,1,质量问题,936.26,商品/运营,是
RT0004724,O00057603,2026-05-31,1,无理由退货,1720.08,商品/运营,是
RT0004725,O00057614,2025-09-15,1,物流延迟,785.28,物流,是
RT0004726,O00057618,2026-02-16,3,无理由退货,930.63,商品/运营,是
RT0004727,O00057625,2025-08-20,1,质量问题,163.74,商品/运营,是
RT0004728,O00057642,2025-12-29,2,质量问题,2561.76,商品/运营,是
RT0004729,O00057656,2026-04-02,1,物流延迟,781.62,物流,是
RT0004730,O00057662,2026-01-19,3,物流延迟,4481.06,物流,是
RT0004731,O00057675,2025-09-25,1,无理由退货,179.34,商品/运营,是
RT0004732,O00057681,2026-06-10,1,商品破损,133.17,物流,是
RT0004733,O00057683,2026-03-13,3,描述不符,613.06,商品/运营,是
RT0004734,O00057698,2026-01-15,1,商品破损,1242.88,物流,否
RT0004735,O00057717,2026-03-30,4,物流延迟,3641.31,物流,是
RT0004736,O00057740,2025-11-12,1,无理由退货,518.36,商品/运营,是
RT0004737,O00057755,2026-06-22,1,无理由退货,1467.19,商品/运营,是
RT0004738,O00057765,2026-02-24,1,商品破损,1640.14,物流,是
RT0004739,O00057778,2026-01-04,1,物流延迟,796.27,物流,否
RT0004740,O00057780,2025-08-19,1,尺寸/适配问题,1015.69,商品/运营,是
RT0004741,O00057811,2026-07-23,1,无理由退货,954.07,商品/运营,是
RT0004742,O00057819,2025-10-24,3,质量问题,885.57,商品/运营,否
RT0004743,O00057823,2026-01-28,4,描述不符,6406.44,商品/运营,是
RT0004744,O00057826,2026-04-03,1,商品破损,534.12,物流,是
RT0004745,O00057828,2026-04-11,1,商品破损,709.79,物流,是
RT0004746,O00057832,2025-12-11,3,无理由退货,1499.58,商品/运营,否
RT0004747,O00057853,2026-03-03,1,质量问题,1213.39,商品/运营,是
RT0004748,O00057857,2026-07-21,1,质量问题,1639.24,商品/运营,否
RT0004749,O00057858,2026-04-18,5,物流延迟,7081.61,物流,是
RT0004750,O00057874,2025-11-28,3,物流延迟,3169.18,物流,是
RT0004751,O00057881,2026-06-08,1,物流延迟,1200.06,物流,是
RT0004752,O00057893,2025-11-11,2,物流延迟,3925.17,物流,是
RT0004753,O00057904,2026-03-28,3,商品破损,4693.06,物流,是
RT0004754,O00057907,2026-03-29,2,质量问题,1207.54,商品/运营,是
RT0004755,O00057923,2025-12-16,1,物流延迟,1115.43,物流,是
RT0004756,O00057945,2025-12-24,2,描述不符,1244.75,商品/运营,是
RT0004757,O00057971,2026-08-02,3,质量问题,2163.87,商品/运营,是
RT0004758,O00057972,2026-04-20,1,无理由退货,660.49,商品/运营,是
RT0004759,O00058017,2026-06-11,1,商品破损,833.15,物流,是
RT0004760,O00058034,2026-07-09,2,描述不符,1998.65,商品/运营,否
RT0004761,O00058057,2026-07-15,1,描述不符,570.88,商品/运营,是
RT0004762,O00058087,2026-03-22,2,物流延迟,1746.05,物流,是
RT0004763,O00058097,2026-01-30,1,无理由退货,1292.09,商品/运营,是
RT0004764,O00058123,2025-12-11,3,无理由退货,2370.17,商品/运营,否
RT0004765,O00058140,2026-03-28,3,物流延迟,3493.72,物流,是
RT0004766,O00058146,2026-03-18,1,质量问题,1334.98,商品/运营,是
RT0004767,O00058154,2025-11-13,1,无理由退货,1254.62,商品/运营,否
RT0004768,O00058183,2026-03-02,3,无理由退货,538.02,商品/运营,是
RT0004769,O00058185,2026-05-25,1,商品破损,447.35,物流,是
RT0004770,O00058204,2026-07-29,1,无理由退货,2007.08,商品/运营,是
RT0004771,O00058205,2026-06-30,1,商品破损,964.04,物流,是
RT0004772,O00058207,2026-06-06,1,描述不符,1897.97,商品/运营,是
RT0004773,O00058225,2026-04-26,2,物流延迟,1943.4,物流,是
RT0004774,O00058233,2026-07-25,1,物流延迟,1237.11,物流,是
RT0004775,O00058237,2025-12-24,2,物流延迟,2517.05,物流,是
RT0004776,O00058243,2025-11-23,1,商品破损,1635.69,物流,否
RT0004777,O00058249,2025-08-24,1,质量问题,718.65,商品/运营,是
RT0004778,O00058296,2026-05-20,1,商品破损,665.96,物流,是
RT0004779,O00058319,2025-11-25,3,商品破损,3681.06,物流,是
RT0004780,O00058327,2025-08-19,2,质量问题,5088.04,商品/运营,否
RT0004781,O00058347,2025-12-05,2,物流延迟,2411.69,物流,是
RT0004782,O00058371,2026-05-30,3,商品破损,6105.65,物流,是
RT0004783,O00058376,2026-05-24,1,物流延迟,761.03,物流,是
RT0004784,O00058379,2026-02-03,1,质量问题,1929.96,商品/运营,是
RT0004785,O00058398,2025-09-08,1,无理由退货,128.12,商品/运营,是
RT0004786,O00058415,2026-05-03,3,无理由退货,952.78,商品/运营,是
RT0004787,O00058429,2025-09-23,1,无理由退货,735.07,商品/运营,是
RT0004788,O00058444,2026-04-02,1,物流延迟,203.12,物流,是
RT0004789,O00058462,2026-04-12,1,物流延迟,1173.83,物流,否
RT0004790,O00058470,2026-02-07,1,质量问题,1096.93,商品/运营,是
RT0004791,O00058502,2025-11-04,1,质量问题,615.81,商品/运营,是
RT0004792,O00058508,2026-06-11,1,质量问题,1479.96,商品/运营,否
RT0004793,O00058530,2026-05-06,1,描述不符,819.91,商品/运营,是
RT0004794,O00058552,2025-12-25,3,物流延迟,1668.87,物流,是
RT0004795,O00058554,2026-05-19,1,物流延迟,447.35,物流,是
RT0004796,O00058565,2025-11-09,3,质量问题,4966.83,商品/运营,是
RT0004797,O00058569,2025-10-19,1,描述不符,728.77,商品/运营,是
RT0004798,O00058572,2026-01-12,5,物流延迟,4248.97,物流,否
RT0004799,O00058590,2025-12-13,2,物流延迟,1701.0,物流,是
RT0004800,O00058607,2026-02-26,1,质量问题,1553.91,商品/运营,是
RT0004801,O00058608,2026-02-11,1,尺寸/适配问题,267.8,商品/运营,否
RT0004802,O00058619,2026-05-18,1,商品破损,963.02,物流,是
RT0004803,O00058625,2025-12-11,1,描述不符,260.14,商品/运营,是
RT0004804,O00058634,2026-06-25,1,尺寸/适配问题,621.87,商品/运营,否
RT0004805,O00058646,2026-06-15,2,尺寸/适配问题,1497.2,商品/运营,否
RT0004806,O00058656,2026-05-27,1,质量问题,1012.81,商品/运营,是
RT0004807,O00058668,2026-04-23,2,商品破损,1074.74,物流,是
RT0004808,O00058670,2025-12-05,3,描述不符,553.45,商品/运营,否
RT0004809,O00058674,2026-05-30,2,物流延迟,1249.74,物流,否
RT0004810,O00058691,2026-06-04,2,物流延迟,869.46,物流,是
RT0004811,O00058692,2026-01-31,1,无理由退货,942.51,商品/运营,是
RT0004812,O00058707,2026-04-25,2,物流延迟,1465.11,物流,是
RT0004813,O00058714,2025-08-17,1,质量问题,508.82,商品/运营,否
RT0004814,O00058728,2025-12-31,3,无理由退货,4295.43,商品/运营,否
RT0004815,O00058738,2026-04-29,1,质量问题,1952.92,商品/运营,否
RT0004816,O00058749,2025-10-29,3,商品破损,3213.45,物流,是
RT0004817,O00058780,2026-05-16,5,尺寸/适配问题,3656.36,商品/运营,否
RT0004818,O00058784,2025-09-02,1,质量问题,666.29,商品/运营,是
RT0004819,O00058791,2026-03-21,1,质量问题,1270.59,商品/运营,是
RT0004820,O00058799,2025-08-22,1,质量问题,1668.8,商品/运营,否
RT0004821,O00058800,2026-01-26,2,描述不符,1350.57,商品/运营,否
RT0004822,O00058803,2026-08-04,1,无理由退货,752.6,商品/运营,是
RT0004823,O00058829,2025-08-25,1,无理由退货,1528.96,商品/运营,是
RT0004824,O00058849,2025-09-08,1,描述不符,1380.42,商品/运营,是
RT0004825,O00058852,2025-11-10,2,物流延迟,4447.96,物流,是
RT0004826,O00058857,2025-08-06,1,尺寸/适配问题,1400.55,商品/运营,是
RT0004827,O00058859,2026-06-15,1,尺寸/适配问题,1227.02,商品/运营,是
RT0004828,O00058864,2026-07-29,3,物流延迟,4907.07,物流,是
RT0004829,O00058869,2026-03-31,1,物流延迟,1522.34,物流,是
RT0004830,O00058870,2026-06-10,2,无理由退货,1735.65,商品/运营,否
RT0004831,O00058871,2025-09-14,1,质量问题,1110.83,商品/运营,是
RT0004832,O00058890,2026-06-27,1,无理由退货,1133.15,商品/运营,是
RT0004833,O00058895,2026-03-12,1,描述不符,264.73,商品/运营,是
RT0004834,O00058900,2025-08-28,3,质量问题,1377.76,商品/运营,否
RT0004835,O00058901,2026-03-15,1,无理由退货,290.51,商品/运营,是
RT0004836,O00058920,2026-04-14,1,物流延迟,264.73,物流,否
RT0004837,O00058923,2026-04-28,5,质量问题,8364.1,商品/运营,否
RT0004838,O00058935,2025-12-27,2,尺寸/适配问题,2221.65,商品/运营,是
RT0004839,O00058938,2026-03-09,2,物流延迟,2347.5,物流,是
RT0004840,O00058996,2026-07-16,1,无理由退货,1638.29,商品/运营,是
RT0004841,O00058998,2026-06-19,1,物流延迟,586.82,物流,是
RT0004842,O00059037,2026-03-06,4,物流延迟,5409.67,物流,是
RT0004843,O00059041,2026-05-23,1,物流延迟,1737.36,物流,是
RT0004844,O00059050,2026-05-01,1,物流延迟,1515.16,物流,是
RT0004845,O00059080,2025-08-16,1,质量问题,831.32,商品/运营,是
RT0004846,O00059089,2025-10-06,1,尺寸/适配问题,527.16,商品/运营,是
RT0004847,O00059091,2025-11-03,1,物流延迟,301.3,物流,是
RT0004848,O00059092,2025-12-08,3,质量问题,2879.04,商品/运营,否
RT0004849,O00059110,2025-10-06,4,物流延迟,2700.55,物流,是
RT0004850,O00059156,2026-07-04,1,商品破损,1433.13,物流,是
RT0004851,O00059171,2025-12-06,4,无理由退货,3521.31,商品/运营,否
RT0004852,O00059185,2025-12-26,2,描述不符,5325.52,商品/运营,是
RT0004853,O00059198,2026-06-03,1,尺寸/适配问题,248.62,商品/运营,是
RT0004854,O00059225,2026-01-15,3,商品破损,2795.36,物流,是
RT0004855,O00059239,2025-12-09,1,物流延迟,317.16,物流,是
RT0004856,O00059256,2025-11-01,2,质量问题,1343.46,商品/运营,否
RT0004857,O00059260,2026-03-28,1,质量问题,1292.09,商品/运营,否
RT0004858,O00059262,2026-03-17,1,物流延迟,1173.77,物流,是
RT0004859,O00059273,2025-10-31,3,描述不符,2600.15,商品/运营,是
RT0004860,O00059278,2025-12-17,1,物流延迟,1400.55,物流,否
RT0004861,O00059282,2026-05-14,2,质量问题,490.53,商品/运营,否
RT0004862,O00059288,2025-11-20,1,无理由退货,634.41,商品/运营,否
RT0004863,O00059324,2026-06-26,2,尺寸/适配问题,3009.73,商品/运营,否
RT0004864,O00059362,2026-05-09,2,物流延迟,3142.52,物流,是
RT0004865,O00059363,2026-05-28,1,商品破损,837.46,物流,否
RT0004866,O00059365,2025-11-03,1,物流延迟,661.46,物流,否
RT0004867,O00059372,2025-12-11,3,无理由退货,3431.75,商品/运营,是
RT0004868,O00059376,2026-01-17,1,质量问题,599.51,商品/运营,是
RT0004869,O00059377,2026-04-27,2,无理由退货,2006.92,商品/运营,否
RT0004870,O00059433,2026-05-10,1,描述不符,807.11,商品/运营,是
RT0004871,O00059442,2026-07-19,2,质量问题,1415.45,商品/运营,是
RT0004872,O00059490,2025-12-22,1,物流延迟,707.02,物流,是
RT0004873,O00059495,2025-10-26,2,描述不符,1249.62,商品/运营,是
RT0004874,O00059502,2026-03-14,4,描述不符,7632.06,商品/运营,是
RT0004875,O00059513,2026-03-24,5,无理由退货,8908.2,商品/运营,是
RT0004876,O00059540,2026-01-29,1,物流延迟,549.47,物流,否
RT0004877,O00059565,2026-04-08,1,描述不符,1237.11,商品/运营,是
RT0004878,O00059577,2026-08-06,3,物流延迟,2188.08,物流,是
RT0004879,O00059590,2025-10-26,1,商品破损,1979.45,物流,是
RT0004880,O00059597,2025-12-20,2,物流延迟,1451.26,物流,是
RT0004881,O00059622,2026-02-01,3,描述不符,2883.42,商品/运营,是
RT0004882,O00059652,2026-01-21,1,物流延迟,1511.44,物流,是
RT0004883,O00059680,2025-12-13,1,无理由退货,2097.38,商品/运营,是
RT0004884,O00059683,2025-12-10,2,商品破损,1440.35,物流,是
RT0004885,O00059698,2026-06-29,1,物流延迟,285.39,物流,否
RT0004886,O00059720,2025-10-08,1,物流延迟,1584.97,物流,是
RT0004887,O00059726,2026-05-15,3,商品破损,3622.2,物流,是
RT0004888,O00059768,2026-01-03,1,物流延迟,187.95,物流,是
RT0004889,O00059775,2026-05-10,5,尺寸/适配问题,1395.94,商品/运营,是
RT0004890,O00059777,2026-05-07,1,物流延迟,590.64,物流,是
RT0004891,O00059790,2026-01-21,1,无理由退货,232.66,商品/运营,否
RT0004892,O00059791,2026-07-05,2,无理由退货,2350.3,商品/运营,是
RT0004893,O00059796,2026-01-11,2,无理由退货,1783.9,商品/运营,是
RT0004894,O00059826,2026-08-06,2,物流延迟,2026.86,物流,是
RT0004895,O00059829,2025-11-27,2,物流延迟,419.1,物流,否
RT0004896,O00059839,2025-11-17,7,尺寸/适配问题,656.6,商品/运营,是
RT0004897,O00059846,2026-07-10,2,质量问题,975.73,商品/运营,否
RT0004898,O00059848,2026-05-17,2,物流延迟,577.55,物流,是
RT0004899,O00059885,2025-09-03,1,物流延迟,627.19,物流,是
RT0004900,O00059890,2026-07-20,2,物流延迟,1422.34,物流,是
RT0004901,O00059892,2026-01-07,1,无理由退货,867.59,商品/运营,否
RT0004902,O00059899,2025-11-30,2,质量问题,3407.86,商品/运营,是
RT0004903,O00059903,2026-01-17,1,物流延迟,1510.74,物流,否
RT0004904,O00059907,2025-10-09,1,尺寸/适配问题,2094.69,商品/运营,是
RT0004905,O00059912,2026-05-03,3,描述不符,1671.93,商品/运营,是
RT0004906,O00059919,2025-11-20,2,物流延迟,1727.51,物流,是
RT0004907,O00059932,2026-04-24,1,商品破损,673.74,物流,是
RT0004908,O00059946,2026-03-21,1,无理由退货,372.84,商品/运营,是
RT0004909,O00059957,2026-04-23,3,无理由退货,1791.75,商品/运营,否
RT0004910,O00059974,2026-02-08,2,质量问题,3357.38,商品/运营,否
RT0004911,O00059977,2025-10-30,2,质量问题,3262.32,商品/运营,否
RT0004912,O00059992,2026-03-09,1,物流延迟,1741.4,物流,是
