ticket_id,customer_id,order_id,created_date,ticket_category,contact_channel,priority,resolution_hours,first_contact_resolved,satisfaction_score
TK0000001,C001317,O00000008,2025-10-21,促销规则,电话,中,6.73,是,5
TK0000002,C002459,O00000021,2026-02-12,安装使用,在线客服,紧急,15.2,否,4
TK0000003,C002509,O00000036,2025-11-14,物流咨询,在线客服,低,14.92,否,4
TK0000004,C000257,O00000046,2025-12-02,物流咨询,社交媒体,中,24.28,否,2
TK0000005,C001668,O00000075,2025-11-13,商品质量,社交媒体,中,33.27,否,2
TK0000006,C000257,O00000080,2026-03-30,物流咨询,在线客服,中,35.22,否,3
TK0000007,C000656,O00000085,2026-05-31,退换货,在线客服,紧急,19.13,否,5
TK0000008,C000529,O00000094,2025-09-08,安装使用,在线客服,低,34.64,否,3
TK0000009,C002191,O00000104,2026-01-13,物流咨询,门店,高,8.21,否,5
TK0000010,C004788,O00000113,2025-12-13,物流咨询,门店,中,28.06,否,2
TK0000011,C003887,O00000129,2025-11-04,物流咨询,在线客服,中,30.41,否,4
TK0000012,C001999,O00000134,2025-11-10,促销规则,电话,中,35.52,否,3
TK0000013,C004590,O00000137,2026-04-04,安装使用,电话,紧急,23.59,否,4
TK0000014,C002948,O00000153,2025-12-07,物流咨询,电话,中,10.94,否,4
TK0000015,C002594,O00000158,2026-04-12,物流咨询,门店,中,2.69,是,5
TK0000016,C001411,O00000167,2026-07-21,物流咨询,在线客服,中,30.7,否,3
TK0000017,C000288,O00000179,2026-04-03,商品质量,电话,中,25.6,否,2
TK0000018,C000035,O00000180,2026-04-12,退换货,社交媒体,中,25.96,否,3
TK0000019,C001410,O00000209,2025-09-14,促销规则,电话,高,29.12,否,3
TK0000020,C004973,O00000239,2026-05-01,商品质量,门店,低,9.57,否,4
TK0000021,C001581,O00000291,2025-09-17,促销规则,电话,中,11.92,否,5
TK0000022,C004729,O00000299,2026-07-09,物流咨询,社交媒体,低,28.81,否,2
TK0000023,C002234,O00000325,2026-05-03,退换货,在线客服,低,29.34,否,3
TK0000024,C000428,O00000334,2026-08-01,物流咨询,电话,低,27.53,否,3
TK0000025,C001469,O00000336,2025-12-26,商品质量,电话,紧急,7.11,是,4
TK0000026,C004513,O00000342,2026-01-12,物流咨询,在线客服,中,10.16,否,5
TK0000027,C002783,O00000353,2026-02-06,商品质量,电话,高,5.81,是,4
TK0000028,C002638,O00000376,2025-08-08,促销规则,在线客服,紧急,31.28,否,3
TK0000029,C003974,O00000377,2026-04-12,促销规则,门店,紧急,14.07,否,4
TK0000030,C002452,O00000391,2026-01-08,安装使用,电话,中,10.38,否,4
TK0000031,C002601,O00000394,2026-06-28,退换货,电话,低,22.91,否,4
TK0000032,C000797,O00000395,2026-03-15,安装使用,社交媒体,低,34.31,否,2
TK0000033,C003054,O00000402,2026-05-17,促销规则,电话,中,27.47,否,3
TK0000034,C004624,O00000403,2026-02-08,物流咨询,门店,中,2.9,是,3
TK0000035,C001863,O00000405,2026-03-11,物流咨询,电话,中,23.77,否,3
TK0000036,C001159,O00000407,2026-05-15,商品质量,门店,中,7.05,是,4
TK0000037,C004772,O00000413,2026-07-18,商品质量,在线客服,高,28.81,否,3
TK0000038,C000219,O00000416,2025-09-09,物流咨询,在线客服,低,15.01,否,4
TK0000039,C000264,O00000452,2025-10-19,安装使用,电话,低,14.44,否,4
TK0000040,C000532,O00000455,2025-08-20,促销规则,社交媒体,中,14.57,否,4
TK0000041,C002861,O00000465,2026-05-06,商品质量,门店,中,13.09,否,5
TK0000042,C004839,O00000471,2026-04-18,物流咨询,电话,低,4.0,是,5
TK0000043,C002330,O00000496,2026-01-20,物流咨询,在线客服,高,11.72,否,4
TK0000044,C002833,O00000502,2026-05-04,促销规则,电话,中,25.96,否,3
TK0000045,C001845,O00000509,2026-07-31,物流咨询,社交媒体,中,16.03,否,4
TK0000046,C002807,O00000526,2026-01-13,物流咨询,社交媒体,中,4.41,是,3
TK0000047,C002006,O00000546,2025-09-08,物流咨询,电话,高,8.94,否,5
TK0000048,C001405,O00000553,2025-11-20,物流咨询,电话,低,22.06,否,4
TK0000049,C002303,O00000578,2025-11-09,安装使用,电话,低,35.34,否,3
TK0000050,C004936,O00000603,2025-09-29,促销规则,社交媒体,高,2.86,是,5
TK0000051,C002901,O00000607,2026-07-08,物流咨询,门店,高,28.29,否,4
TK0000052,C002984,O00000616,2025-12-21,物流咨询,门店,中,16.14,否,3
TK0000053,C002983,O00000647,2026-06-11,物流咨询,电话,中,1.15,是,5
TK0000054,C004087,O00000659,2025-12-29,物流咨询,在线客服,中,31.46,否,3
TK0000055,C001172,O00000664,2025-09-20,商品质量,在线客服,高,9.13,否,4
TK0000056,C003552,O00000665,2026-06-26,促销规则,在线客服,低,14.37,否,4
TK0000057,C003822,O00000671,2026-05-07,促销规则,电话,低,22.15,否,4
TK0000058,C003604,O00000692,2025-11-24,物流咨询,门店,低,35.56,否,3
TK0000059,C001134,O00000701,2026-04-24,物流咨询,社交媒体,高,29.08,否,4
TK0000060,C004987,O00000706,2025-11-13,商品质量,社交媒体,低,31.98,否,3
TK0000061,C004597,O00000719,2025-12-31,商品质量,电话,中,32.67,否,2
TK0000062,C002505,O00000721,2025-08-19,物流咨询,在线客服,中,21.51,否,2
TK0000063,C000006,O00000728,2025-12-17,退换货,电话,中,33.83,否,3
TK0000064,C003819,O00000732,2026-06-25,物流咨询,电话,中,34.14,否,2
TK0000065,C001993,O00000740,2026-01-18,物流咨询,社交媒体,中,3.22,是,4
TK0000066,C004163,O00000750,2025-09-23,促销规则,在线客服,紧急,8.79,否,4
TK0000067,C000789,O00000759,2026-06-19,物流咨询,电话,低,22.96,否,3
TK0000068,C004290,O00000760,2026-04-02,安装使用,在线客服,低,19.58,否,4
TK0000069,C003565,O00000764,2026-06-09,物流咨询,在线客服,高,7.94,是,4
TK0000070,C004448,O00000775,2025-12-16,安装使用,社交媒体,中,18.95,否,5
TK0000071,C002619,O00000779,2026-03-30,促销规则,在线客服,中,25.27,否,3
TK0000072,C001735,O00000784,2026-02-01,安装使用,电话,高,16.74,否,4
TK0000073,C001847,O00000785,2026-07-15,促销规则,在线客服,中,16.95,否,3
TK0000074,C001308,O00000787,2025-11-20,物流咨询,电话,中,5.57,是,4
TK0000075,C004637,O00000807,2026-07-12,物流咨询,在线客服,中,5.52,是,5
TK0000076,C004465,O00000816,2026-02-07,商品质量,在线客服,高,2.06,是,5
TK0000077,C002492,O00000821,2026-07-30,物流咨询,电话,高,15.16,否,3
TK0000078,C004992,O00000828,2026-05-19,物流咨询,电话,低,5.88,是,4
TK0000079,C002245,O00000843,2026-01-26,安装使用,在线客服,紧急,30.87,否,3
TK0000080,C000721,O00000845,2025-09-04,安装使用,社交媒体,低,2.11,是,3
TK0000081,C000660,O00000851,2026-01-12,物流咨询,在线客服,中,24.17,否,3
TK0000082,C003679,O00000864,2026-04-06,物流咨询,社交媒体,低,22.18,否,4
TK0000083,C004302,O00000873,2025-11-09,促销规则,社交媒体,高,10.01,否,5
TK0000084,C002726,O00000878,2025-12-02,商品质量,电话,高,23.81,否,3
TK0000085,C004630,O00000881,2026-07-25,安装使用,门店,中,17.95,否,4
TK0000086,C001593,O00000891,2026-07-20,促销规则,在线客服,中,10.99,否,5
TK0000087,C001492,O00000900,2026-03-05,商品质量,门店,高,2.55,是,4
TK0000088,C003340,O00000901,2026-07-06,商品质量,社交媒体,低,19.63,否,4
TK0000089,C000531,O00000908,2026-06-08,促销规则,门店,中,9.48,否,4
TK0000090,C001912,O00000914,2026-03-15,安装使用,电话,中,12.63,否,4
TK0000091,C000952,O00000926,2025-09-20,促销规则,电话,低,35.97,否,3
TK0000092,C000041,O00000930,2025-12-30,退换货,电话,中,12.6,否,4
TK0000093,C003095,O00000941,2025-10-15,促销规则,电话,中,35.8,否,3
TK0000094,C003384,O00000943,2026-01-01,物流咨询,门店,中,9.42,否,4
TK0000095,C003908,O00000956,2026-05-17,商品质量,电话,中,4.65,是,5
TK0000096,C004263,O00000962,2026-02-05,退换货,在线客服,高,3.94,是,5
TK0000097,C000302,O00000973,2026-01-16,发票支付,门店,高,26.89,否,3
TK0000098,C000130,O00001018,2025-08-16,退换货,电话,中,24.03,否,4
TK0000099,C003201,O00001025,2026-06-05,商品质量,门店,中,31.66,否,4
TK0000100,C002809,O00001029,2026-07-01,促销规则,社交媒体,中,33.6,否,4
TK0000101,C002798,O00001030,2025-08-26,物流咨询,电话,低,15.59,否,4
TK0000102,C002303,O00001036,2026-07-06,物流咨询,社交媒体,高,35.5,否,3
TK0000103,C004669,O00001037,2025-11-23,物流咨询,门店,低,35.86,否,3
TK0000104,C004747,O00001066,2026-04-14,物流咨询,门店,紧急,12.04,否,3
TK0000105,C000168,O00001084,2026-03-15,物流咨询,门店,中,34.39,否,1
TK0000106,C000931,O00001094,2026-05-11,促销规则,社交媒体,中,12.82,否,5
TK0000107,C000682,O00001113,2026-04-09,促销规则,在线客服,中,5.94,是,5
TK0000108,C001172,O00001115,2025-09-10,物流咨询,社交媒体,高,4.46,是,4
TK0000109,C002595,O00001143,2025-09-21,物流咨询,在线客服,高,32.59,否,3
TK0000110,C002392,O00001158,2026-07-20,物流咨询,门店,中,3.95,是,4
TK0000111,C004660,O00001183,2026-04-04,退换货,电话,中,34.52,否,3
TK0000112,C000573,O00001190,2025-12-08,商品质量,电话,中,12.45,否,4
TK0000113,C004824,O00001191,2025-12-25,安装使用,在线客服,低,19.01,否,4
TK0000114,C001591,O00001204,2026-01-07,商品质量,电话,中,25.6,否,3
TK0000115,C004696,O00001205,2026-07-25,退换货,电话,中,19.05,否,4
TK0000116,C004889,O00001224,2026-03-20,物流咨询,社交媒体,中,4.29,是,4
TK0000117,C004827,O00001240,2026-03-25,商品质量,门店,低,27.95,否,3
TK0000118,C001105,O00001247,2026-06-02,退换货,门店,高,2.14,是,4
TK0000119,C001927,O00001248,2026-02-11,安装使用,社交媒体,中,32.09,否,3
TK0000120,C004570,O00001269,2025-11-01,物流咨询,社交媒体,中,1.63,是,5
TK0000121,C000826,O00001279,2026-03-28,促销规则,社交媒体,低,18.01,否,3
TK0000122,C003758,O00001288,2026-04-01,促销规则,电话,中,11.59,否,5
TK0000123,C000893,O00001292,2026-01-03,物流咨询,社交媒体,低,7.7,是,4
TK0000124,C000062,O00001337,2026-07-09,物流咨询,在线客服,紧急,13.19,否,5
TK0000125,C001121,O00001347,2025-12-13,退换货,社交媒体,低,28.43,否,3
TK0000126,C003208,O00001356,2026-01-20,退换货,门店,高,5.19,是,5
TK0000127,C002342,O00001359,2026-04-13,物流咨询,社交媒体,中,33.47,否,4
TK0000128,C004083,O00001403,2026-05-18,退换货,门店,低,32.08,否,4
TK0000129,C000728,O00001411,2025-08-02,物流咨询,在线客服,中,15.37,否,4
TK0000130,C003339,O00001422,2026-02-08,退换货,社交媒体,低,34.92,否,3
TK0000131,C002167,O00001428,2025-12-31,发票支付,电话,中,6.21,是,5
TK0000132,C000729,O00001431,2026-02-16,物流咨询,门店,中,17.97,否,4
TK0000133,C004398,O00001438,2025-10-07,退换货,电话,中,18.73,否,4
TK0000134,C003510,O00001459,2025-12-11,物流咨询,门店,高,16.0,否,4
TK0000135,C000286,O00001462,2025-12-01,安装使用,在线客服,低,12.68,否,4
TK0000136,C000247,O00001465,2026-03-26,物流咨询,门店,中,34.25,否,3
TK0000137,C000341,O00001469,2026-05-10,物流咨询,社交媒体,高,15.58,否,3
TK0000138,C004902,O00001475,2026-03-14,商品质量,在线客服,中,16.43,否,4
TK0000139,C001235,O00001476,2025-10-09,物流咨询,社交媒体,高,35.16,否,3
TK0000140,C004380,O00001498,2025-08-14,商品质量,社交媒体,中,11.72,否,4
TK0000141,C000138,O00001502,2026-02-04,安装使用,门店,高,21.28,否,3
TK0000142,C004658,O00001507,2026-04-17,促销规则,电话,中,23.56,否,4
TK0000143,C003175,O00001533,2026-05-05,发票支付,社交媒体,低,29.9,否,3
TK0000144,C004535,O00001540,2025-12-23,促销规则,在线客服,紧急,29.24,否,3
TK0000145,C002804,O00001541,2026-04-26,物流咨询,社交媒体,中,13.83,否,4
TK0000146,C003659,O00001555,2025-10-13,安装使用,电话,中,30.49,否,3
TK0000147,C004460,O00001565,2025-09-11,发票支付,在线客服,中,30.74,否,3
TK0000148,C004555,O00001570,2025-09-25,促销规则,社交媒体,中,16.96,否,5
TK0000149,C001112,O00001574,2026-06-23,商品质量,在线客服,低,5.26,是,5
TK0000150,C001515,O00001590,2026-03-16,商品质量,电话,低,34.31,否,3
TK0000151,C000117,O00001592,2026-02-01,退换货,门店,紧急,4.89,是,5
TK0000152,C003914,O00001598,2026-06-25,商品质量,门店,高,19.13,否,3
TK0000153,C003934,O00001636,2025-11-10,物流咨询,门店,中,26.73,否,3
TK0000154,C000415,O00001654,2025-12-24,商品质量,电话,低,6.85,是,4
TK0000155,C003313,O00001677,2026-01-23,安装使用,电话,中,29.96,否,4
TK0000156,C004486,O00001684,2026-05-04,物流咨询,在线客服,高,19.16,否,4
TK0000157,C003789,O00001686,2025-11-17,物流咨询,门店,高,22.11,否,4
TK0000158,C003097,O00001693,2026-01-18,物流咨询,在线客服,中,4.98,是,4
TK0000159,C004784,O00001708,2025-12-07,退换货,电话,紧急,17.23,否,4
TK0000160,C003432,O00001714,2025-12-11,安装使用,社交媒体,低,16.96,否,4
TK0000161,C000744,O00001720,2026-03-09,退换货,电话,低,22.07,否,3
TK0000162,C004750,O00001723,2025-12-31,退换货,电话,低,16.57,否,3
TK0000163,C000445,O00001737,2025-10-08,物流咨询,社交媒体,低,35.56,否,3
TK0000164,C003528,O00001755,2026-04-02,物流咨询,在线客服,中,20.87,否,4
TK0000165,C002428,O00001758,2025-10-20,安装使用,在线客服,低,25.3,否,4
TK0000166,C004966,O00001762,2025-08-09,退换货,社交媒体,中,24.47,否,3
TK0000167,C004804,O00001770,2026-06-04,商品质量,社交媒体,中,7.74,是,5
TK0000168,C000124,O00001785,2026-03-16,安装使用,电话,紧急,28.51,否,3
TK0000169,C002001,O00001805,2026-03-15,物流咨询,社交媒体,中,5.05,是,4
TK0000170,C002136,O00001823,2026-03-04,物流咨询,在线客服,高,30.94,否,4
TK0000171,C004492,O00001838,2026-07-11,促销规则,社交媒体,低,18.93,否,3
TK0000172,C002018,O00001843,2026-05-08,商品质量,在线客服,中,30.2,否,3
TK0000173,C004022,O00001846,2026-03-20,退换货,社交媒体,高,14.55,否,4
TK0000174,C001732,O00001863,2026-02-21,退换货,在线客服,紧急,10.13,否,5
TK0000175,C001265,O00001873,2026-03-21,退换货,在线客服,中,5.68,是,5
TK0000176,C004618,O00001881,2025-09-21,促销规则,社交媒体,高,14.35,否,5
TK0000177,C003047,O00001882,2026-04-15,物流咨询,门店,高,23.46,否,4
TK0000178,C001472,O00001894,2026-03-25,安装使用,电话,中,7.76,是,5
TK0000179,C002585,O00001895,2025-08-11,商品质量,社交媒体,低,1.44,是,5
TK0000180,C001353,O00001908,2026-05-10,促销规则,在线客服,中,18.7,否,3
TK0000181,C002633,O00001909,2025-12-07,安装使用,社交媒体,高,8.3,否,4
TK0000182,C004453,O00001919,2026-04-22,物流咨询,电话,中,15.27,否,4
TK0000183,C001883,O00001963,2026-07-09,商品质量,电话,低,29.02,否,3
TK0000184,C000819,O00001975,2025-12-17,商品质量,电话,中,8.41,否,5
TK0000185,C001375,O00001986,2025-10-17,安装使用,门店,低,17.85,否,4
TK0000186,C002740,O00002010,2026-04-15,商品质量,在线客服,中,5.23,是,4
TK0000187,C004307,O00002028,2025-08-18,退换货,电话,高,34.32,否,3
TK0000188,C000228,O00002045,2026-04-10,促销规则,在线客服,中,35.1,否,3
TK0000189,C002602,O00002050,2026-03-07,商品质量,电话,高,6.28,是,4
TK0000190,C001543,O00002054,2026-04-30,发票支付,社交媒体,低,3.78,是,5
TK0000191,C000909,O00002059,2026-05-04,发票支付,电话,高,8.58,否,5
TK0000192,C000456,O00002074,2025-09-30,物流咨询,门店,中,2.11,是,4
TK0000193,C004574,O00002075,2026-07-28,促销规则,门店,中,20.04,否,3
TK0000194,C000365,O00002079,2026-05-30,物流咨询,在线客服,高,16.75,否,4
TK0000195,C001099,O00002094,2026-01-24,退换货,门店,低,3.13,是,5
TK0000196,C000191,O00002102,2026-05-24,物流咨询,社交媒体,中,34.26,否,3
TK0000197,C003999,O00002111,2025-11-24,促销规则,社交媒体,中,5.55,是,5
TK0000198,C003180,O00002113,2025-10-11,物流咨询,电话,中,35.0,否,3
TK0000199,C001459,O00002114,2025-10-20,退换货,门店,紧急,32.41,否,3
TK0000200,C003810,O00002123,2026-05-08,商品质量,门店,低,32.51,否,4
TK0000201,C001906,O00002139,2025-12-02,物流咨询,社交媒体,低,18.27,否,3
TK0000202,C000451,O00002156,2025-09-16,发票支付,门店,紧急,9.85,否,4
TK0000203,C002980,O00002168,2026-05-23,物流咨询,电话,中,6.32,是,4
TK0000204,C004774,O00002169,2025-08-26,安装使用,社交媒体,中,22.29,否,4
TK0000205,C004057,O00002173,2025-11-21,退换货,电话,中,20.5,否,3
TK0000206,C003235,O00002184,2025-12-23,物流咨询,电话,中,35.08,否,2
TK0000207,C003127,O00002198,2026-02-14,促销规则,电话,低,17.32,否,4
TK0000208,C001861,O00002213,2026-03-19,商品质量,电话,低,28.68,否,3
TK0000209,C002176,O00002217,2025-09-06,商品质量,在线客服,紧急,19.98,否,3
TK0000210,C002844,O00002221,2026-03-04,商品质量,社交媒体,中,11.36,否,5
TK0000211,C000623,O00002222,2026-05-14,发票支付,在线客服,高,3.73,是,5
TK0000212,C004116,O00002229,2026-04-17,发票支付,社交媒体,低,5.76,是,5
TK0000213,C002145,O00002261,2026-03-07,促销规则,在线客服,低,33.48,否,3
TK0000214,C000787,O00002280,2025-12-30,发票支付,电话,高,30.83,否,3
TK0000215,C001227,O00002302,2025-11-11,商品质量,电话,低,32.86,否,3
TK0000216,C002177,O00002303,2025-11-07,退换货,在线客服,中,7.74,是,5
TK0000217,C003854,O00002308,2026-03-06,物流咨询,在线客服,低,31.9,否,2
TK0000218,C003075,O00002314,2025-12-23,物流咨询,电话,低,9.46,否,4
TK0000219,C000252,O00002315,2026-06-07,物流咨询,在线客服,低,21.96,否,4
TK0000220,C003316,O00002328,2025-11-05,商品质量,门店,中,3.6,是,5
TK0000221,C003714,O00002348,2025-10-19,物流咨询,在线客服,低,27.64,否,4
TK0000222,C000106,O00002358,2025-12-18,商品质量,门店,中,15.68,否,4
TK0000223,C001645,O00002362,2025-08-26,促销规则,门店,低,35.71,否,3
TK0000224,C002641,O00002366,2026-08-03,商品质量,社交媒体,低,3.31,是,5
TK0000225,C004657,O00002372,2026-02-01,商品质量,在线客服,中,28.76,否,4
TK0000226,C000003,O00002380,2026-01-03,安装使用,社交媒体,中,7.12,是,4
TK0000227,C003037,O00002386,2025-09-19,促销规则,电话,中,16.45,否,4
TK0000228,C004249,O00002396,2026-01-27,退换货,在线客服,中,30.42,否,3
TK0000229,C003280,O00002400,2025-10-01,安装使用,社交媒体,低,24.95,否,4
TK0000230,C000239,O00002476,2025-11-10,物流咨询,电话,中,31.23,否,3
TK0000231,C004255,O00002480,2026-07-26,退换货,门店,中,30.81,否,3
TK0000232,C004747,O00002485,2026-07-15,物流咨询,电话,低,2.98,是,4
TK0000233,C001246,O00002489,2026-06-27,发票支付,社交媒体,中,23.74,否,4
TK0000234,C002065,O00002491,2025-12-08,安装使用,社交媒体,中,22.92,否,4
TK0000235,C004658,O00002494,2026-06-06,促销规则,在线客服,中,18.93,否,3
TK0000236,C000404,O00002498,2026-07-30,促销规则,社交媒体,中,18.44,否,4
TK0000237,C002744,O00002506,2026-05-15,退换货,门店,中,9.25,否,4
TK0000238,C004484,O00002520,2026-04-21,物流咨询,门店,中,23.37,否,3
TK0000239,C004978,O00002532,2026-05-16,安装使用,社交媒体,中,26.32,否,3
TK0000240,C004433,O00002536,2026-07-24,商品质量,电话,高,23.66,否,4
TK0000241,C004002,O00002549,2025-12-12,物流咨询,社交媒体,中,17.01,否,4
TK0000242,C000916,O00002560,2026-02-02,物流咨询,在线客服,紧急,2.29,是,5
TK0000243,C003862,O00002564,2025-10-01,发票支付,社交媒体,中,35.18,否,3
TK0000244,C004529,O00002569,2025-10-05,物流咨询,社交媒体,中,3.55,是,5
TK0000245,C004181,O00002578,2026-05-14,物流咨询,门店,低,33.9,否,3
TK0000246,C001963,O00002582,2026-05-28,退换货,门店,高,34.97,否,4
TK0000247,C004963,O00002584,2026-06-26,物流咨询,社交媒体,低,32.15,否,4
TK0000248,C003668,O00002599,2026-01-05,发票支付,在线客服,中,30.72,否,3
TK0000249,C004129,O00002625,2025-10-07,物流咨询,社交媒体,中,10.03,否,4
TK0000250,C001319,O00002636,2025-12-27,安装使用,社交媒体,低,5.38,是,5
TK0000251,C002551,O00002642,2026-02-05,商品质量,门店,中,12.7,否,4
TK0000252,C004114,O00002651,2026-04-29,商品质量,电话,低,11.71,否,4
TK0000253,C000347,O00002665,2026-08-07,发票支付,在线客服,中,33.1,否,4
TK0000254,C003048,O00002667,2026-07-20,商品质量,门店,低,24.93,否,3
TK0000255,C000416,O00002683,2026-05-11,退换货,电话,中,13.19,否,4
TK0000256,C001480,O00002687,2026-05-27,商品质量,在线客服,中,35.97,否,3
TK0000257,C000397,O00002694,2026-04-22,发票支付,门店,中,16.83,否,4
TK0000258,C000450,O00002702,2025-09-16,促销规则,门店,低,19.77,否,3
TK0000259,C000620,O00002706,2026-02-17,促销规则,社交媒体,低,18.08,否,4
TK0000260,C001339,O00002708,2026-05-07,物流咨询,社交媒体,中,19.98,否,4
TK0000261,C001637,O00002715,2025-12-27,物流咨询,社交媒体,低,33.58,否,3
TK0000262,C004204,O00002724,2026-04-13,物流咨询,社交媒体,中,11.41,否,3
TK0000263,C004097,O00002732,2026-03-27,退换货,门店,低,33.74,否,2
TK0000264,C004716,O00002735,2026-05-06,物流咨询,电话,紧急,26.3,否,3
TK0000265,C002526,O00002736,2025-11-20,物流咨询,社交媒体,紧急,19.76,否,3
TK0000266,C000093,O00002757,2025-09-19,物流咨询,门店,中,30.9,否,4
TK0000267,C001639,O00002759,2026-02-14,安装使用,门店,中,17.16,否,4
TK0000268,C002976,O00002766,2025-11-16,发票支付,社交媒体,低,24.42,否,3
TK0000269,C004750,O00002767,2025-10-10,发票支付,在线客服,中,22.31,否,3
TK0000270,C003433,O00002768,2026-02-25,物流咨询,社交媒体,低,34.57,否,3
TK0000271,C002025,O00002771,2025-11-13,物流咨询,门店,高,30.39,否,3
TK0000272,C001991,O00002777,2025-09-08,商品质量,在线客服,中,16.96,否,4
TK0000273,C000745,O00002793,2025-08-09,促销规则,社交媒体,中,10.82,否,5
TK0000274,C002865,O00002809,2026-02-22,商品质量,电话,高,34.23,否,2
TK0000275,C002797,O00002811,2026-02-06,退换货,电话,高,6.41,是,4
TK0000276,C003942,O00002837,2025-12-17,商品质量,电话,中,35.49,否,2
TK0000277,C001340,O00002847,2026-05-13,安装使用,在线客服,低,4.75,是,4
TK0000278,C003643,O00002881,2026-06-28,商品质量,在线客服,高,7.46,是,5
TK0000279,C001881,O00002892,2026-06-30,退换货,在线客服,中,5.18,是,4
TK0000280,C004575,O00002894,2026-05-09,促销规则,门店,高,9.01,否,4
TK0000281,C001957,O00002897,2026-03-06,退换货,门店,低,23.63,否,3
TK0000282,C002133,O00002909,2025-11-12,物流咨询,门店,高,4.86,是,5
TK0000283,C000377,O00002916,2026-02-12,物流咨询,社交媒体,中,4.48,是,3
TK0000284,C002888,O00002954,2026-01-29,物流咨询,在线客服,高,15.75,否,4
TK0000285,C002001,O00002958,2025-12-24,安装使用,门店,高,28.75,否,3
TK0000286,C002983,O00002959,2026-05-16,发票支付,社交媒体,高,33.47,否,3
TK0000287,C001780,O00002964,2026-07-20,退换货,电话,中,19.99,否,4
TK0000288,C000226,O00002988,2026-01-08,退换货,在线客服,紧急,32.25,否,3
TK0000289,C000134,O00002995,2025-12-17,物流咨询,社交媒体,紧急,18.35,否,3
TK0000290,C003207,O00003006,2025-11-20,物流咨询,门店,紧急,21.23,否,4
TK0000291,C004626,O00003025,2025-12-19,商品质量,在线客服,低,20.06,否,3
TK0000292,C003949,O00003027,2026-07-21,促销规则,电话,中,16.92,否,4
TK0000293,C004712,O00003029,2026-04-24,促销规则,在线客服,中,1.96,是,5
TK0000294,C001274,O00003031,2026-01-28,促销规则,电话,低,29.08,否,3
TK0000295,C004633,O00003039,2026-02-13,退换货,社交媒体,高,28.88,否,3
TK0000296,C003193,O00003076,2026-06-30,发票支付,电话,中,30.37,否,3
TK0000297,C002048,O00003080,2026-06-30,商品质量,门店,低,22.09,否,5
TK0000298,C004904,O00003087,2026-05-07,退换货,在线客服,中,34.8,否,3
TK0000299,C001796,O00003088,2025-12-25,退换货,在线客服,中,30.29,否,3
TK0000300,C001181,O00003117,2026-02-08,安装使用,门店,高,30.07,否,4
TK0000301,C000499,O00003120,2025-10-05,物流咨询,电话,低,10.73,否,5
TK0000302,C000684,O00003127,2025-12-03,物流咨询,电话,低,25.42,否,2
TK0000303,C004692,O00003129,2025-09-27,退换货,电话,低,27.51,否,4
TK0000304,C004582,O00003140,2026-06-24,商品质量,社交媒体,中,33.74,否,3
TK0000305,C003419,O00003142,2026-06-01,退换货,在线客服,高,7.47,是,4
TK0000306,C001995,O00003167,2026-04-17,安装使用,在线客服,低,32.67,否,2
TK0000307,C000379,O00003189,2025-08-14,商品质量,在线客服,低,2.64,是,5
TK0000308,C003204,O00003195,2026-06-28,物流咨询,在线客服,中,35.61,否,2
TK0000309,C001564,O00003200,2025-11-16,退换货,在线客服,中,26.55,否,3
TK0000310,C002713,O00003205,2026-02-26,安装使用,在线客服,紧急,24.13,否,4
TK0000311,C000448,O00003223,2026-07-02,退换货,社交媒体,中,27.63,否,3
TK0000312,C004322,O00003235,2026-06-25,商品质量,门店,低,9.4,否,4
TK0000313,C001061,O00003236,2025-09-02,物流咨询,社交媒体,中,22.94,否,4
TK0000314,C004953,O00003241,2026-04-16,安装使用,社交媒体,中,10.72,否,4
TK0000315,C002738,O00003252,2025-10-18,退换货,电话,中,8.69,否,5
TK0000316,C001980,O00003286,2025-12-25,物流咨询,社交媒体,低,12.6,否,4
TK0000317,C004718,O00003290,2026-01-31,物流咨询,社交媒体,低,8.07,否,4
TK0000318,C002675,O00003292,2026-04-15,物流咨询,在线客服,低,32.87,否,3
TK0000319,C004580,O00003341,2025-10-29,安装使用,在线客服,中,20.87,否,3
TK0000320,C001621,O00003348,2026-05-31,安装使用,门店,中,19.76,否,3
TK0000321,C004607,O00003359,2026-06-25,促销规则,在线客服,高,2.15,是,4
TK0000322,C003857,O00003367,2025-12-23,商品质量,门店,中,8.83,否,4
TK0000323,C000385,O00003369,2026-01-13,安装使用,电话,低,28.97,否,2
TK0000324,C000372,O00003376,2025-10-01,物流咨询,社交媒体,低,31.07,否,3
TK0000325,C004437,O00003379,2026-02-23,安装使用,在线客服,高,27.36,否,3
TK0000326,C000665,O00003381,2026-02-14,发票支付,门店,低,10.4,否,4
TK0000327,C000166,O00003405,2025-10-28,商品质量,电话,高,20.37,否,3
TK0000328,C002381,O00003441,2026-06-06,物流咨询,社交媒体,高,1.83,是,5
TK0000329,C000748,O00003442,2026-01-26,安装使用,社交媒体,中,5.99,是,5
TK0000330,C001040,O00003445,2025-10-04,退换货,社交媒体,中,28.26,否,3
TK0000331,C001914,O00003447,2025-12-26,发票支付,在线客服,中,10.11,否,5
TK0000332,C000455,O00003450,2025-12-22,退换货,在线客服,中,35.42,否,3
TK0000333,C002675,O00003454,2025-08-15,物流咨询,在线客服,中,9.06,否,4
TK0000334,C001358,O00003459,2026-01-05,物流咨询,电话,中,31.73,否,3
TK0000335,C004315,O00003460,2026-07-01,物流咨询,在线客服,低,23.29,否,2
TK0000336,C003313,O00003481,2025-10-11,商品质量,门店,高,11.9,否,4
TK0000337,C003947,O00003484,2025-11-12,物流咨询,电话,紧急,29.04,否,2
TK0000338,C002530,O00003516,2025-09-29,物流咨询,在线客服,中,4.25,是,4
TK0000339,C004128,O00003517,2025-12-02,促销规则,门店,高,6.71,是,5
TK0000340,C003892,O00003529,2026-04-14,物流咨询,在线客服,中,12.74,否,5
TK0000341,C004430,O00003537,2026-07-03,物流咨询,门店,中,14.06,否,4
TK0000342,C001022,O00003551,2026-07-30,商品质量,社交媒体,高,34.31,否,2
TK0000343,C000746,O00003577,2026-08-04,物流咨询,门店,低,29.1,否,2
TK0000344,C004793,O00003584,2026-05-22,退换货,社交媒体,中,27.96,否,3
TK0000345,C003825,O00003592,2026-04-07,促销规则,电话,中,21.64,否,4
TK0000346,C003003,O00003604,2025-08-17,物流咨询,电话,中,29.15,否,4
TK0000347,C001792,O00003609,2025-10-27,发票支付,在线客服,中,21.39,否,3
TK0000348,C002227,O00003613,2026-07-12,退换货,社交媒体,中,10.53,否,4
TK0000349,C001768,O00003616,2026-03-14,退换货,社交媒体,低,30.18,否,3
TK0000350,C002012,O00003637,2025-11-28,商品质量,社交媒体,低,22.9,否,3
TK0000351,C004596,O00003691,2025-12-03,促销规则,门店,低,2.88,是,4
TK0000352,C004292,O00003694,2026-04-17,退换货,社交媒体,高,2.12,是,4
TK0000353,C000101,O00003704,2026-05-21,商品质量,在线客服,中,4.15,是,4
TK0000354,C000939,O00003712,2025-09-14,物流咨询,电话,低,17.38,否,4
TK0000355,C001991,O00003719,2026-01-05,物流咨询,社交媒体,低,10.24,否,4
TK0000356,C001413,O00003728,2025-10-09,商品质量,社交媒体,中,11.07,否,5
TK0000357,C001830,O00003740,2026-06-27,物流咨询,在线客服,低,7.06,是,3
TK0000358,C004926,O00003759,2026-07-06,商品质量,电话,中,8.85,否,4
TK0000359,C004499,O00003768,2026-07-26,退换货,在线客服,中,22.02,否,4
TK0000360,C003514,O00003773,2025-11-03,商品质量,在线客服,高,14.64,否,4
TK0000361,C002522,O00003788,2025-12-12,发票支付,在线客服,中,21.47,否,3
TK0000362,C004190,O00003800,2025-12-04,物流咨询,电话,高,13.3,否,3
TK0000363,C002406,O00003806,2026-05-26,退换货,电话,中,16.85,否,3
TK0000364,C004685,O00003810,2026-03-28,退换货,门店,低,9.61,否,5
TK0000365,C003714,O00003812,2026-06-02,安装使用,社交媒体,中,9.95,否,5
TK0000366,C001250,O00003825,2025-12-03,退换货,社交媒体,紧急,12.94,否,4
TK0000367,C002608,O00003835,2026-06-13,物流咨询,门店,高,19.99,否,2
TK0000368,C002115,O00003852,2026-06-27,发票支付,电话,中,8.34,否,4
TK0000369,C001831,O00003859,2025-09-02,安装使用,在线客服,中,24.75,否,2
TK0000370,C003098,O00003894,2025-09-18,商品质量,电话,中,17.75,否,4
TK0000371,C004634,O00003897,2025-12-16,安装使用,社交媒体,中,22.05,否,4
TK0000372,C000086,O00003911,2026-04-29,商品质量,在线客服,中,2.92,是,5
TK0000373,C004180,O00003926,2026-05-03,商品质量,电话,中,5.84,是,4
TK0000374,C001316,O00003929,2025-12-22,物流咨询,电话,高,30.0,否,3
TK0000375,C004881,O00003931,2026-04-17,促销规则,在线客服,低,14.75,否,3
TK0000376,C000138,O00003949,2026-01-21,物流咨询,社交媒体,低,23.73,否,4
TK0000377,C002660,O00003958,2026-03-13,退换货,社交媒体,中,30.76,否,3
TK0000378,C002394,O00003969,2025-08-13,物流咨询,社交媒体,中,27.44,否,4
TK0000379,C001058,O00003994,2026-04-21,物流咨询,社交媒体,中,35.54,否,2
TK0000380,C004930,O00004000,2025-09-27,商品质量,门店,低,15.05,否,4
TK0000381,C002040,O00004009,2025-08-29,物流咨询,在线客服,低,1.24,是,5
TK0000382,C004409,O00004018,2026-05-11,退换货,门店,低,16.41,否,4
TK0000383,C004106,O00004039,2025-12-19,商品质量,门店,高,17.08,否,3
TK0000384,C004813,O00004077,2026-07-31,物流咨询,门店,高,19.37,否,3
TK0000385,C002716,O00004081,2025-12-30,物流咨询,在线客服,中,25.76,否,4
TK0000386,C003753,O00004084,2026-01-16,物流咨询,在线客服,低,13.03,否,5
TK0000387,C002449,O00004087,2025-11-25,物流咨询,在线客服,高,25.15,否,3
TK0000388,C002933,O00004098,2026-02-13,促销规则,门店,高,4.81,是,4
TK0000389,C000220,O00004106,2026-05-12,安装使用,社交媒体,中,8.59,否,5
TK0000390,C004859,O00004112,2026-04-18,物流咨询,社交媒体,低,11.45,否,3
TK0000391,C004014,O00004117,2025-10-03,安装使用,门店,中,17.58,否,4
TK0000392,C004303,O00004144,2026-04-07,商品质量,电话,低,18.4,否,4
TK0000393,C001507,O00004151,2026-06-17,物流咨询,电话,中,29.38,否,4
TK0000394,C003496,O00004166,2026-01-02,物流咨询,电话,低,22.91,否,2
TK0000395,C004941,O00004169,2026-06-11,退换货,社交媒体,中,2.23,是,5
TK0000396,C004950,O00004172,2026-01-21,安装使用,电话,高,4.58,是,5
TK0000397,C004298,O00004180,2026-03-29,物流咨询,门店,中,22.4,否,4
TK0000398,C003098,O00004199,2026-04-15,促销规则,门店,低,18.63,否,4
TK0000399,C004018,O00004202,2026-05-24,促销规则,电话,高,14.5,否,5
TK0000400,C000545,O00004204,2026-03-16,发票支付,社交媒体,低,24.44,否,3
TK0000401,C004438,O00004220,2025-11-03,发票支付,门店,中,25.08,否,3
TK0000402,C001340,O00004232,2026-01-16,发票支付,社交媒体,低,21.27,否,4
TK0000403,C004726,O00004237,2026-01-26,物流咨询,在线客服,低,8.94,否,4
TK0000404,C003093,O00004260,2025-12-23,促销规则,在线客服,低,16.62,否,3
TK0000405,C003917,O00004272,2026-01-12,退换货,电话,高,34.5,否,3
TK0000406,C000767,O00004286,2025-11-08,促销规则,电话,低,28.64,否,3
TK0000407,C000925,O00004294,2026-06-27,商品质量,电话,中,16.12,否,5
TK0000408,C002712,O00004299,2026-05-06,促销规则,电话,中,6.03,是,5
TK0000409,C000703,O00004300,2026-06-28,商品质量,门店,紧急,9.07,否,4
TK0000410,C000157,O00004316,2025-10-22,物流咨询,在线客服,低,10.98,否,3
TK0000411,C001109,O00004319,2025-12-09,商品质量,门店,高,3.45,是,5
TK0000412,C002362,O00004348,2026-07-23,物流咨询,社交媒体,低,26.7,否,3
TK0000413,C003128,O00004351,2026-04-30,物流咨询,在线客服,中,28.26,否,3
TK0000414,C002636,O00004365,2026-01-17,商品质量,在线客服,高,9.25,否,5
TK0000415,C002319,O00004392,2026-04-08,安装使用,门店,中,35.79,否,2
TK0000416,C004191,O00004400,2025-11-20,商品质量,门店,中,9.39,否,5
TK0000417,C001629,O00004411,2025-11-26,退换货,在线客服,低,2.02,是,5
TK0000418,C004120,O00004422,2026-04-06,商品质量,电话,中,17.83,否,4
TK0000419,C004660,O00004467,2026-04-14,商品质量,电话,中,27.09,否,4
TK0000420,C000208,O00004472,2026-08-06,商品质量,电话,高,22.65,否,3
TK0000421,C001402,O00004499,2025-11-15,退换货,在线客服,中,27.09,否,4
TK0000422,C001478,O00004515,2026-06-07,物流咨询,门店,中,8.28,否,4
TK0000423,C004045,O00004530,2025-10-21,商品质量,电话,高,30.54,否,3
TK0000424,C000353,O00004533,2025-08-15,物流咨询,电话,中,14.87,否,3
TK0000425,C004986,O00004549,2026-03-17,退换货,在线客服,紧急,7.29,是,5
TK0000426,C004379,O00004573,2026-03-01,物流咨询,门店,低,7.79,是,5
TK0000427,C003166,O00004584,2026-04-21,安装使用,在线客服,低,18.26,否,4
TK0000428,C002754,O00004587,2025-10-19,商品质量,门店,低,15.82,否,3
TK0000429,C002019,O00004595,2025-11-20,退换货,在线客服,低,9.29,否,5
TK0000430,C004815,O00004600,2025-12-16,物流咨询,电话,低,22.62,否,3
TK0000431,C002645,O00004608,2025-08-17,安装使用,社交媒体,低,10.4,否,4
TK0000432,C004324,O00004614,2026-06-05,商品质量,在线客服,中,32.3,否,3
TK0000433,C000739,O00004663,2025-12-24,安装使用,社交媒体,低,12.5,否,5
TK0000434,C002435,O00004722,2026-02-23,商品质量,在线客服,中,1.67,是,5
TK0000435,C004621,O00004733,2025-11-14,促销规则,在线客服,中,14.94,否,4
TK0000436,C004624,O00004743,2026-06-12,促销规则,社交媒体,中,5.25,是,4
TK0000437,C000580,O00004756,2026-01-20,退换货,电话,中,8.47,否,4
TK0000438,C002067,O00004763,2025-12-17,物流咨询,社交媒体,中,25.16,否,4
TK0000439,C001693,O00004784,2025-10-08,商品质量,社交媒体,低,2.12,是,5
TK0000440,C000399,O00004787,2026-06-05,商品质量,电话,中,10.78,否,4
TK0000441,C003453,O00004794,2026-06-15,商品质量,电话,高,14.46,否,4
TK0000442,C000475,O00004819,2026-03-30,物流咨询,在线客服,中,28.62,否,2
TK0000443,C002262,O00004820,2025-11-20,商品质量,社交媒体,中,19.98,否,3
TK0000444,C000373,O00004834,2025-11-15,物流咨询,电话,高,5.92,是,4
TK0000445,C004958,O00004840,2026-01-04,商品质量,电话,中,35.44,否,2
TK0000446,C000542,O00004847,2026-07-01,退换货,门店,中,34.62,否,2
TK0000447,C000870,O00004869,2026-01-21,商品质量,社交媒体,中,13.85,否,4
TK0000448,C000620,O00004888,2025-12-04,促销规则,门店,中,25.34,否,4
TK0000449,C002192,O00004893,2025-12-09,促销规则,电话,中,8.31,否,5
TK0000450,C003381,O00004895,2026-04-17,物流咨询,社交媒体,高,30.53,否,2
TK0000451,C000720,O00004916,2025-10-10,商品质量,门店,紧急,15.06,否,5
TK0000452,C000665,O00004935,2026-01-06,安装使用,社交媒体,紧急,2.49,是,5
TK0000453,C002385,O00004936,2026-03-10,物流咨询,门店,高,10.45,否,4
TK0000454,C002909,O00004944,2026-04-28,物流咨询,电话,高,12.89,否,5
TK0000455,C000914,O00004945,2025-12-09,商品质量,电话,高,7.71,是,5
TK0000456,C004280,O00004947,2026-05-10,促销规则,门店,低,18.0,否,3
TK0000457,C002137,O00004948,2026-05-05,商品质量,在线客服,低,35.83,否,4
TK0000458,C000733,O00004952,2026-04-03,商品质量,门店,低,32.2,否,3
TK0000459,C001510,O00004954,2026-01-22,促销规则,在线客服,低,14.0,否,5
TK0000460,C000593,O00004963,2025-12-28,物流咨询,电话,低,21.77,否,4
TK0000461,C004673,O00004964,2026-03-27,物流咨询,社交媒体,中,5.46,是,4
TK0000462,C000515,O00004967,2026-06-29,发票支付,门店,低,24.85,否,3
TK0000463,C002612,O00004969,2026-07-01,退换货,门店,高,35.72,否,2
TK0000464,C001623,O00004984,2026-04-23,物流咨询,门店,高,7.18,是,4
TK0000465,C004442,O00004994,2026-05-11,物流咨询,门店,高,13.65,否,5
TK0000466,C001596,O00004995,2026-04-23,物流咨询,在线客服,中,29.85,否,2
TK0000467,C003033,O00005003,2025-12-26,物流咨询,电话,中,22.22,否,4
TK0000468,C004868,O00005008,2025-12-03,发票支付,在线客服,低,29.1,否,3
TK0000469,C000877,O00005025,2026-04-27,商品质量,门店,低,24.29,否,4
TK0000470,C001257,O00005035,2026-06-23,安装使用,在线客服,中,9.94,否,4
TK0000471,C004550,O00005056,2025-08-26,促销规则,社交媒体,中,7.11,是,5
TK0000472,C001724,O00005058,2025-12-28,物流咨询,社交媒体,低,32.78,否,3
TK0000473,C002156,O00005059,2026-01-06,退换货,社交媒体,低,24.23,否,3
TK0000474,C002285,O00005062,2026-03-18,物流咨询,在线客服,低,21.07,否,3
TK0000475,C000055,O00005066,2025-12-29,物流咨询,在线客服,低,5.97,是,4
TK0000476,C004150,O00005079,2026-01-30,退换货,在线客服,中,28.56,否,3
TK0000477,C004724,O00005082,2026-06-03,促销规则,在线客服,中,10.17,否,5
TK0000478,C001234,O00005094,2026-04-07,促销规则,电话,中,35.83,否,3
TK0000479,C002030,O00005103,2026-05-19,安装使用,社交媒体,中,22.46,否,3
TK0000480,C002464,O00005111,2025-10-25,安装使用,门店,中,23.86,否,3
TK0000481,C004741,O00005114,2025-10-18,商品质量,电话,高,26.45,否,3
TK0000482,C004818,O00005122,2026-04-17,物流咨询,电话,低,28.34,否,3
TK0000483,C000239,O00005129,2025-08-23,商品质量,在线客服,低,6.83,是,5
TK0000484,C000268,O00005146,2025-09-14,物流咨询,社交媒体,高,12.83,否,5
TK0000485,C002583,O00005150,2025-12-15,促销规则,在线客服,紧急,23.42,否,4
TK0000486,C002944,O00005170,2025-12-09,安装使用,电话,中,17.28,否,4
TK0000487,C001114,O00005178,2026-01-21,商品质量,门店,中,15.55,否,4
TK0000488,C002492,O00005181,2026-06-01,发票支付,电话,中,27.28,否,3
TK0000489,C003833,O00005184,2026-04-06,促销规则,社交媒体,低,2.71,是,4
TK0000490,C001898,O00005188,2025-12-10,商品质量,社交媒体,中,17.31,否,4
TK0000491,C002975,O00005196,2025-09-02,退换货,门店,低,28.31,否,4
TK0000492,C004396,O00005213,2025-12-06,促销规则,电话,高,32.9,否,4
TK0000493,C000004,O00005249,2025-08-27,促销规则,在线客服,中,16.12,否,4
TK0000494,C002191,O00005274,2025-11-06,商品质量,在线客服,高,1.39,是,5
TK0000495,C002476,O00005276,2026-02-02,物流咨询,社交媒体,中,19.93,否,4
TK0000496,C002292,O00005283,2026-03-25,物流咨询,在线客服,中,21.84,否,3
TK0000497,C001841,O00005288,2025-09-23,商品质量,社交媒体,中,19.47,否,4
TK0000498,C001514,O00005299,2025-11-15,物流咨询,门店,中,23.04,否,4
TK0000499,C000536,O00005305,2026-07-26,发票支付,在线客服,中,5.01,是,5
TK0000500,C001869,O00005326,2026-02-20,商品质量,在线客服,紧急,34.23,否,3
TK0000501,C001332,O00005365,2026-02-20,商品质量,在线客服,高,22.15,否,3
TK0000502,C003669,O00005384,2026-05-03,物流咨询,社交媒体,中,8.23,否,4
TK0000503,C001115,O00005385,2025-11-06,物流咨询,门店,高,31.55,否,3
TK0000504,C002561,O00005401,2026-02-09,促销规则,门店,中,23.74,否,3
TK0000505,C001134,O00005429,2025-12-05,促销规则,电话,中,11.3,否,4
TK0000506,C000249,O00005447,2026-03-12,物流咨询,电话,高,14.16,否,4
TK0000507,C002561,O00005459,2026-04-29,发票支付,门店,低,34.56,否,3
TK0000508,C004338,O00005460,2026-04-07,物流咨询,电话,低,18.4,否,3
TK0000509,C004045,O00005477,2025-11-01,退换货,电话,高,7.67,是,4
TK0000510,C001824,O00005507,2025-11-27,物流咨询,门店,低,10.16,否,4
TK0000511,C003507,O00005511,2026-06-06,物流咨询,社交媒体,中,2.6,是,5
TK0000512,C001382,O00005535,2025-08-14,促销规则,门店,高,23.16,否,3
TK0000513,C002473,O00005549,2025-11-14,促销规则,在线客服,中,4.1,是,4
TK0000514,C004251,O00005553,2025-08-10,商品质量,社交媒体,低,29.41,否,3
TK0000515,C000247,O00005589,2026-03-18,物流咨询,在线客服,低,28.34,否,4
TK0000516,C002185,O00005592,2026-03-31,安装使用,在线客服,紧急,30.56,否,3
TK0000517,C004596,O00005593,2025-12-30,物流咨询,门店,紧急,18.31,否,3
TK0000518,C001262,O00005606,2026-05-10,退换货,电话,中,26.88,否,3
TK0000519,C002694,O00005626,2025-12-31,促销规则,电话,低,33.93,否,3
TK0000520,C003833,O00005639,2026-06-27,商品质量,社交媒体,低,6.03,是,4
TK0000521,C003931,O00005649,2025-11-09,发票支付,社交媒体,低,7.96,是,5
TK0000522,C003186,O00005654,2025-12-30,退换货,在线客服,中,11.24,否,4
TK0000523,C002858,O00005658,2026-04-14,物流咨询,电话,高,23.24,否,3
TK0000524,C002057,O00005671,2026-01-26,物流咨询,电话,中,4.62,是,4
TK0000525,C002962,O00005677,2025-08-16,安装使用,社交媒体,低,35.15,否,3
TK0000526,C003475,O00005685,2025-09-15,安装使用,在线客服,低,35.18,否,2
TK0000527,C002725,O00005690,2026-02-17,物流咨询,社交媒体,高,10.62,否,4
TK0000528,C001062,O00005723,2026-05-22,商品质量,在线客服,低,22.71,否,3
TK0000529,C001281,O00005728,2026-06-27,物流咨询,在线客服,高,21.74,否,3
TK0000530,C003192,O00005731,2025-10-23,退换货,在线客服,低,31.83,否,3
TK0000531,C001752,O00005761,2026-03-16,退换货,在线客服,高,27.6,否,4
TK0000532,C000370,O00005770,2026-03-26,商品质量,电话,中,13.43,否,4
TK0000533,C004274,O00005799,2026-04-23,商品质量,社交媒体,低,24.28,否,4
TK0000534,C000484,O00005812,2026-06-18,物流咨询,门店,低,35.31,否,1
TK0000535,C001700,O00005834,2025-12-23,物流咨询,电话,中,21.11,否,3
TK0000536,C001206,O00005853,2026-02-11,商品质量,社交媒体,高,7.0,是,5
TK0000537,C003622,O00005857,2025-12-05,退换货,社交媒体,中,26.99,否,2
TK0000538,C001106,O00005864,2026-01-26,物流咨询,在线客服,中,14.68,否,4
TK0000539,C003025,O00005868,2025-10-30,发票支付,门店,中,22.74,否,3
TK0000540,C000991,O00005873,2026-03-17,安装使用,电话,中,3.42,是,5
TK0000541,C003131,O00005884,2025-09-20,商品质量,门店,中,19.86,否,4
TK0000542,C000842,O00005887,2025-12-21,安装使用,门店,低,20.68,否,3
TK0000543,C004710,O00005901,2026-07-18,商品质量,在线客服,紧急,33.22,否,3
TK0000544,C000245,O00005911,2025-09-09,促销规则,在线客服,中,7.76,是,4
TK0000545,C000324,O00005914,2026-06-21,商品质量,在线客服,低,35.87,否,2
TK0000546,C001767,O00005925,2026-04-24,安装使用,门店,高,5.95,是,4
TK0000547,C004765,O00005927,2025-11-07,物流咨询,电话,高,17.0,否,4
TK0000548,C002489,O00005931,2025-12-13,物流咨询,门店,高,14.53,否,4
TK0000549,C003824,O00005936,2026-03-15,物流咨询,电话,紧急,35.72,否,2
TK0000550,C001361,O00005941,2026-08-06,退换货,电话,低,14.03,否,5
TK0000551,C000753,O00005943,2025-08-01,退换货,在线客服,中,9.34,否,4
TK0000552,C004632,O00005950,2026-06-14,退换货,电话,中,9.67,否,4
TK0000553,C000025,O00005952,2026-07-22,商品质量,社交媒体,低,34.31,否,2
TK0000554,C001575,O00005960,2026-02-18,促销规则,社交媒体,中,31.12,否,4
TK0000555,C004268,O00005964,2026-03-30,商品质量,电话,中,26.47,否,4
TK0000556,C002177,O00005972,2026-02-22,物流咨询,门店,中,11.29,否,4
TK0000557,C000129,O00005977,2025-08-07,发票支付,社交媒体,高,15.36,否,4
TK0000558,C001686,O00005983,2025-08-16,商品质量,电话,中,34.59,否,2
TK0000559,C004483,O00005986,2025-12-27,商品质量,社交媒体,中,17.02,否,4
TK0000560,C004709,O00005989,2025-10-18,安装使用,在线客服,高,5.51,是,4
TK0000561,C000989,O00006004,2025-11-20,退换货,社交媒体,低,2.59,是,4
TK0000562,C001076,O00006014,2026-02-19,促销规则,在线客服,中,2.41,是,5
TK0000563,C001001,O00006050,2025-11-04,安装使用,在线客服,紧急,30.54,否,4
TK0000564,C002503,O00006055,2026-01-05,物流咨询,社交媒体,低,35.85,否,3
TK0000565,C001270,O00006092,2026-04-04,商品质量,电话,高,30.07,否,4
TK0000566,C004293,O00006093,2026-02-02,物流咨询,电话,低,34.48,否,2
TK0000567,C003168,O00006095,2025-12-24,物流咨询,在线客服,低,28.35,否,2
TK0000568,C002181,O00006102,2026-06-20,安装使用,社交媒体,高,32.18,否,3
TK0000569,C001336,O00006112,2026-03-06,物流咨询,在线客服,低,28.23,否,2
TK0000570,C000312,O00006115,2025-08-29,促销规则,门店,中,27.57,否,3
TK0000571,C002975,O00006119,2025-09-24,物流咨询,在线客服,低,35.0,否,2
TK0000572,C002733,O00006128,2025-08-22,物流咨询,门店,低,33.64,否,3
TK0000573,C000838,O00006131,2026-06-07,物流咨询,在线客服,低,10.68,否,4
TK0000574,C000730,O00006135,2026-06-18,促销规则,社交媒体,高,34.42,否,2
TK0000575,C001144,O00006136,2025-12-24,安装使用,在线客服,中,27.54,否,3
TK0000576,C001336,O00006142,2025-10-06,物流咨询,社交媒体,低,16.08,否,4
TK0000577,C004441,O00006149,2026-01-26,商品质量,电话,低,22.26,否,3
TK0000578,C003960,O00006167,2025-11-26,促销规则,社交媒体,低,28.71,否,2
TK0000579,C003869,O00006208,2025-12-17,物流咨询,门店,中,25.53,否,4
TK0000580,C001392,O00006212,2026-02-13,物流咨询,社交媒体,低,27.61,否,2
TK0000581,C002784,O00006245,2025-10-20,安装使用,在线客服,低,27.69,否,3
TK0000582,C000372,O00006247,2026-02-26,促销规则,在线客服,紧急,15.92,否,4
TK0000583,C004114,O00006248,2026-06-21,促销规则,社交媒体,中,21.17,否,4
TK0000584,C002756,O00006258,2026-03-18,物流咨询,门店,中,3.64,是,5
TK0000585,C001303,O00006274,2025-11-13,物流咨询,社交媒体,中,28.88,否,4
TK0000586,C001837,O00006280,2026-04-02,物流咨询,电话,中,12.0,否,4
TK0000587,C001429,O00006285,2025-11-22,退换货,电话,低,18.06,否,3
TK0000588,C001094,O00006295,2026-07-17,促销规则,社交媒体,中,11.5,否,5
TK0000589,C004843,O00006300,2026-01-21,促销规则,在线客服,中,28.14,否,3
TK0000590,C000767,O00006304,2025-12-18,商品质量,在线客服,低,32.87,否,2
TK0000591,C004025,O00006316,2026-01-25,促销规则,电话,中,27.71,否,3
TK0000592,C000404,O00006318,2026-02-04,物流咨询,电话,低,7.53,是,4
TK0000593,C003838,O00006319,2026-07-19,安装使用,在线客服,中,15.78,否,4
TK0000594,C002495,O00006322,2025-12-16,促销规则,电话,中,27.91,否,4
TK0000595,C004518,O00006342,2026-07-27,物流咨询,门店,中,14.58,否,4
TK0000596,C004017,O00006353,2025-09-24,退换货,门店,低,13.14,否,5
TK0000597,C004975,O00006358,2025-08-26,商品质量,电话,紧急,5.54,是,4
TK0000598,C004241,O00006369,2025-12-22,物流咨询,门店,中,31.35,否,3
TK0000599,C004227,O00006412,2025-12-06,安装使用,在线客服,低,8.36,否,5
TK0000600,C004538,O00006421,2025-12-24,促销规则,电话,高,8.28,否,5
TK0000601,C000825,O00006426,2025-10-13,物流咨询,电话,中,5.45,是,4
TK0000602,C004990,O00006432,2026-03-11,退换货,电话,高,33.03,否,4
TK0000603,C004403,O00006445,2026-06-29,商品质量,在线客服,低,22.09,否,3
TK0000604,C003677,O00006446,2025-12-22,促销规则,电话,低,27.65,否,4
TK0000605,C001588,O00006447,2025-12-25,物流咨询,门店,低,31.23,否,2
TK0000606,C002094,O00006484,2026-01-22,物流咨询,门店,低,5.06,是,3
TK0000607,C003013,O00006495,2026-03-25,退换货,电话,紧急,3.14,是,5
TK0000608,C000962,O00006506,2026-03-30,物流咨询,在线客服,中,19.59,否,4
TK0000609,C002235,O00006512,2026-05-01,发票支付,门店,低,9.33,否,3
TK0000610,C001624,O00006518,2026-03-27,促销规则,社交媒体,低,1.98,是,5
TK0000611,C000347,O00006522,2025-08-25,安装使用,电话,低,29.16,否,4
TK0000612,C001099,O00006539,2025-11-06,商品质量,电话,高,34.83,否,3
TK0000613,C000615,O00006556,2026-01-10,物流咨询,社交媒体,中,24.04,否,3
TK0000614,C003196,O00006604,2026-03-03,商品质量,门店,中,16.9,否,3
TK0000615,C001995,O00006609,2026-07-18,促销规则,门店,紧急,30.46,否,4
TK0000616,C001234,O00006629,2026-05-20,商品质量,社交媒体,高,34.94,否,2
TK0000617,C000172,O00006633,2026-02-20,物流咨询,门店,高,1.26,是,5
TK0000618,C003599,O00006645,2025-12-07,商品质量,社交媒体,中,14.15,否,5
TK0000619,C001972,O00006656,2026-07-24,物流咨询,电话,中,16.61,否,3
TK0000620,C001754,O00006657,2026-08-03,商品质量,电话,中,17.99,否,4
TK0000621,C001728,O00006667,2025-09-27,安装使用,电话,中,3.65,是,5
TK0000622,C002244,O00006672,2026-01-10,退换货,在线客服,中,24.35,否,4
TK0000623,C001444,O00006673,2025-08-18,退换货,电话,低,1.12,是,5
TK0000624,C002191,O00006680,2026-07-06,物流咨询,在线客服,高,3.86,是,4
TK0000625,C000934,O00006693,2026-03-21,促销规则,社交媒体,中,13.72,否,4
TK0000626,C001211,O00006698,2025-09-17,发票支付,社交媒体,中,10.38,否,3
TK0000627,C001827,O00006704,2026-01-31,安装使用,电话,高,17.33,否,4
TK0000628,C001026,O00006722,2026-03-20,商品质量,电话,紧急,9.95,否,4
TK0000629,C003593,O00006738,2026-06-04,商品质量,门店,中,23.75,否,3
TK0000630,C001834,O00006745,2025-12-11,发票支付,社交媒体,低,25.62,否,4
TK0000631,C001565,O00006749,2026-05-01,安装使用,社交媒体,中,10.09,否,4
TK0000632,C003294,O00006763,2025-12-07,物流咨询,电话,高,31.88,否,3
TK0000633,C002653,O00006778,2026-06-19,发票支付,在线客服,高,20.34,否,3
TK0000634,C001308,O00006779,2026-05-04,物流咨询,门店,低,23.31,否,3
TK0000635,C002376,O00006782,2026-04-04,物流咨询,门店,高,25.92,否,3
TK0000636,C004212,O00006794,2026-02-17,促销规则,门店,低,4.05,是,5
TK0000637,C001281,O00006814,2025-12-20,促销规则,电话,低,20.7,否,4
TK0000638,C001492,O00006815,2026-04-22,物流咨询,电话,高,29.36,否,3
TK0000639,C004241,O00006817,2026-06-04,安装使用,电话,中,18.49,否,3
TK0000640,C001699,O00006854,2025-08-30,物流咨询,电话,中,20.04,否,4
TK0000641,C000389,O00006865,2026-03-13,物流咨询,门店,中,32.23,否,3
TK0000642,C001131,O00006880,2025-12-17,商品质量,电话,中,7.83,是,5
TK0000643,C002867,O00006899,2026-04-01,退换货,在线客服,中,23.39,否,4
TK0000644,C002182,O00006910,2026-04-23,物流咨询,社交媒体,中,4.54,是,5
TK0000645,C001876,O00006912,2025-11-12,退换货,门店,紧急,8.52,否,5
TK0000646,C001557,O00006921,2026-05-03,安装使用,社交媒体,低,29.94,否,4
TK0000647,C002936,O00006927,2026-07-13,安装使用,社交媒体,低,13.08,否,4
TK0000648,C001639,O00006959,2025-09-29,商品质量,社交媒体,中,2.26,是,5
TK0000649,C001452,O00006966,2025-11-12,物流咨询,在线客服,中,31.27,否,4
TK0000650,C001299,O00006967,2026-03-01,物流咨询,社交媒体,中,34.42,否,4
TK0000651,C004507,O00006971,2025-10-19,发票支付,电话,中,22.82,否,2
TK0000652,C003939,O00006983,2026-07-14,退换货,电话,中,4.52,是,5
TK0000653,C000288,O00006985,2025-08-28,商品质量,社交媒体,中,32.15,否,4
TK0000654,C003309,O00006991,2026-01-05,退换货,门店,中,20.25,否,4
TK0000655,C002199,O00007009,2026-07-06,物流咨询,门店,低,7.97,是,3
TK0000656,C004696,O00007017,2026-07-04,退换货,社交媒体,中,35.57,否,3
TK0000657,C001922,O00007041,2025-09-01,发票支付,社交媒体,中,29.05,否,4
TK0000658,C001190,O00007049,2026-03-03,物流咨询,电话,中,33.5,否,3
TK0000659,C002838,O00007060,2025-09-07,促销规则,社交媒体,中,12.1,否,4
TK0000660,C000440,O00007067,2025-08-17,物流咨询,门店,高,27.48,否,2
TK0000661,C000962,O00007096,2026-05-26,促销规则,在线客服,中,14.15,否,3
TK0000662,C001646,O00007101,2025-10-14,物流咨询,门店,中,22.65,否,4
TK0000663,C003729,O00007119,2026-04-25,安装使用,在线客服,紧急,22.77,否,4
TK0000664,C001259,O00007134,2025-09-28,物流咨询,社交媒体,高,10.53,否,3
TK0000665,C003339,O00007139,2026-01-27,促销规则,门店,低,27.11,否,4
TK0000666,C000021,O00007159,2025-11-06,促销规则,在线客服,中,6.54,是,5
TK0000667,C001835,O00007165,2025-11-04,安装使用,电话,低,20.55,否,4
TK0000668,C000975,O00007170,2026-04-07,物流咨询,门店,低,17.42,否,4
TK0000669,C002325,O00007172,2026-08-05,物流咨询,社交媒体,中,22.22,否,4
TK0000670,C003048,O00007200,2026-06-07,商品质量,在线客服,中,11.65,否,5
TK0000671,C000754,O00007212,2025-11-29,商品质量,门店,中,23.3,否,3
TK0000672,C002459,O00007224,2026-04-17,安装使用,社交媒体,高,17.04,否,4
TK0000673,C000829,O00007248,2026-02-26,物流咨询,电话,中,18.29,否,4
TK0000674,C002674,O00007260,2025-10-12,商品质量,社交媒体,中,25.65,否,3
TK0000675,C001080,O00007267,2026-04-04,物流咨询,电话,中,20.88,否,2
TK0000676,C004303,O00007276,2026-04-27,商品质量,在线客服,中,2.07,是,4
TK0000677,C002677,O00007282,2026-01-26,物流咨询,在线客服,低,30.19,否,3
TK0000678,C002884,O00007289,2026-05-09,退换货,社交媒体,高,6.49,是,4
TK0000679,C001963,O00007295,2026-08-06,安装使用,电话,低,9.09,否,4
TK0000680,C002443,O00007324,2025-12-25,促销规则,社交媒体,高,23.71,否,3
TK0000681,C000366,O00007349,2025-09-28,物流咨询,社交媒体,中,16.2,否,4
TK0000682,C002377,O00007354,2025-12-19,促销规则,电话,高,23.12,否,4
TK0000683,C003720,O00007361,2026-06-06,物流咨询,社交媒体,低,28.83,否,3
TK0000684,C002364,O00007366,2026-03-19,促销规则,在线客服,低,21.06,否,4
TK0000685,C003199,O00007383,2026-03-23,商品质量,社交媒体,低,30.66,否,3
TK0000686,C001973,O00007388,2026-06-18,物流咨询,门店,中,34.48,否,3
TK0000687,C000263,O00007389,2026-03-16,促销规则,在线客服,高,31.46,否,2
TK0000688,C001328,O00007397,2025-09-23,物流咨询,在线客服,中,27.84,否,4
TK0000689,C004516,O00007398,2025-08-29,物流咨询,在线客服,高,19.38,否,3
TK0000690,C000996,O00007428,2025-10-27,安装使用,门店,紧急,13.65,否,4
TK0000691,C003296,O00007430,2025-10-03,商品质量,在线客服,中,12.72,否,5
TK0000692,C003606,O00007447,2026-05-27,安装使用,社交媒体,中,1.16,是,4
TK0000693,C004127,O00007450,2025-12-10,商品质量,社交媒体,中,1.28,是,5
TK0000694,C002973,O00007459,2026-06-28,促销规则,门店,中,19.7,否,4
TK0000695,C003081,O00007461,2026-01-24,商品质量,在线客服,低,14.9,否,4
TK0000696,C000977,O00007466,2026-02-13,物流咨询,门店,中,9.26,否,4
TK0000697,C002855,O00007468,2025-12-09,促销规则,门店,中,29.72,否,3
TK0000698,C003385,O00007476,2025-10-20,退换货,在线客服,高,6.63,是,4
TK0000699,C001849,O00007486,2025-10-06,物流咨询,门店,中,30.49,否,3
TK0000700,C004390,O00007491,2026-07-03,退换货,在线客服,中,1.51,是,4
TK0000701,C003237,O00007499,2026-03-25,物流咨询,门店,中,15.08,否,4
TK0000702,C002541,O00007509,2026-06-19,物流咨询,社交媒体,低,18.33,否,4
TK0000703,C003743,O00007517,2025-11-05,商品质量,在线客服,中,21.23,否,3
TK0000704,C003236,O00007531,2026-03-22,物流咨询,在线客服,高,18.18,否,4
TK0000705,C002142,O00007542,2026-06-04,商品质量,电话,中,34.53,否,2
TK0000706,C000254,O00007581,2026-06-13,发票支付,门店,低,9.18,否,5
TK0000707,C004567,O00007589,2026-02-27,促销规则,社交媒体,低,18.1,否,4
TK0000708,C000968,O00007613,2025-10-19,商品质量,门店,中,16.27,否,5
TK0000709,C002054,O00007621,2026-03-19,安装使用,电话,低,35.44,否,3
TK0000710,C003357,O00007628,2026-02-17,发票支付,社交媒体,高,22.66,否,4
TK0000711,C004758,O00007659,2025-09-23,退换货,门店,低,32.88,否,4
TK0000712,C004300,O00007665,2026-04-03,退换货,在线客服,中,27.24,否,4
TK0000713,C000976,O00007669,2025-09-02,物流咨询,社交媒体,高,22.47,否,3
TK0000714,C002371,O00007670,2026-04-27,安装使用,社交媒体,低,11.85,否,3
TK0000715,C004049,O00007676,2026-04-07,促销规则,门店,低,24.71,否,4
TK0000716,C000212,O00007679,2026-04-20,物流咨询,社交媒体,中,5.07,是,5
TK0000717,C000250,O00007683,2026-07-19,商品质量,门店,高,3.69,是,4
TK0000718,C003610,O00007684,2026-02-24,发票支付,在线客服,中,16.42,否,5
TK0000719,C002390,O00007694,2025-09-21,物流咨询,电话,中,32.82,否,3
TK0000720,C000910,O00007695,2026-06-21,物流咨询,在线客服,低,28.49,否,3
TK0000721,C003129,O00007728,2026-01-09,物流咨询,电话,中,11.61,否,4
TK0000722,C000545,O00007729,2025-12-22,物流咨询,门店,低,25.65,否,3
TK0000723,C001934,O00007734,2026-05-21,安装使用,在线客服,中,28.66,否,3
TK0000724,C000089,O00007744,2025-11-14,退换货,社交媒体,中,5.98,是,5
TK0000725,C001367,O00007770,2026-07-26,物流咨询,门店,低,35.61,否,2
TK0000726,C003476,O00007778,2025-11-13,物流咨询,在线客服,低,22.1,否,2
TK0000727,C001196,O00007789,2025-10-11,商品质量,电话,高,26.01,否,3
TK0000728,C003066,O00007807,2026-06-26,促销规则,在线客服,低,32.92,否,3
TK0000729,C000507,O00007827,2026-05-10,商品质量,门店,中,23.13,否,4
TK0000730,C004290,O00007840,2025-09-28,物流咨询,门店,低,21.89,否,3
TK0000731,C001625,O00007845,2026-04-04,退换货,门店,中,34.87,否,3
TK0000732,C004307,O00007875,2025-12-22,安装使用,社交媒体,低,20.69,否,4
TK0000733,C003461,O00007884,2025-08-30,物流咨询,门店,中,15.68,否,4
TK0000734,C002710,O00007885,2025-12-15,安装使用,社交媒体,低,7.7,是,4
TK0000735,C003029,O00007890,2025-08-12,促销规则,电话,中,9.48,否,4
TK0000736,C001601,O00007899,2026-01-25,退换货,社交媒体,中,11.25,否,4
TK0000737,C001938,O00007912,2025-12-17,物流咨询,社交媒体,中,13.31,否,5
TK0000738,C004770,O00007934,2026-06-02,退换货,门店,低,3.11,是,5
TK0000739,C000142,O00007944,2026-03-15,物流咨询,在线客服,中,3.17,是,4
TK0000740,C004851,O00007965,2025-10-08,物流咨询,门店,低,19.35,否,4
TK0000741,C000289,O00007969,2025-10-03,商品质量,电话,中,25.23,否,4
TK0000742,C000533,O00007975,2026-03-13,发票支付,门店,高,18.52,否,3
TK0000743,C001399,O00007980,2025-10-29,退换货,电话,紧急,3.66,是,5
TK0000744,C004358,O00008004,2026-01-31,发票支付,社交媒体,中,16.78,否,4
TK0000745,C004804,O00008016,2026-03-09,发票支付,电话,紧急,27.44,否,3
TK0000746,C000570,O00008032,2026-05-26,发票支付,门店,高,23.09,否,4
TK0000747,C000818,O00008039,2025-09-18,物流咨询,在线客服,中,34.52,否,3
TK0000748,C003298,O00008074,2025-08-08,安装使用,在线客服,低,32.04,否,3
TK0000749,C002041,O00008076,2026-03-02,安装使用,在线客服,中,29.89,否,3
TK0000750,C004389,O00008079,2026-05-28,促销规则,门店,低,1.66,是,5
TK0000751,C000500,O00008090,2026-03-08,促销规则,在线客服,高,21.23,否,2
TK0000752,C000728,O00008112,2026-04-07,商品质量,电话,中,19.1,否,3
TK0000753,C001769,O00008146,2026-05-14,发票支付,电话,中,31.89,否,3
TK0000754,C004526,O00008171,2026-07-27,商品质量,社交媒体,高,9.64,否,5
TK0000755,C000600,O00008194,2025-08-18,商品质量,电话,低,22.5,否,4
TK0000756,C000163,O00008199,2025-12-07,物流咨询,社交媒体,高,29.14,否,4
TK0000757,C002256,O00008207,2025-08-30,安装使用,在线客服,高,33.2,否,2
TK0000758,C004745,O00008230,2025-09-16,物流咨询,电话,低,19.92,否,3
TK0000759,C001502,O00008232,2026-06-12,安装使用,社交媒体,低,21.5,否,3
TK0000760,C001450,O00008235,2026-04-29,退换货,电话,中,2.39,是,5
TK0000761,C003304,O00008237,2026-04-22,退换货,电话,中,5.04,是,5
TK0000762,C002231,O00008263,2025-12-22,物流咨询,在线客服,中,15.76,否,4
TK0000763,C003248,O00008264,2025-08-22,退换货,电话,高,26.58,否,4
TK0000764,C004470,O00008267,2025-08-19,物流咨询,电话,中,8.05,否,5
TK0000765,C000773,O00008269,2026-03-05,退换货,在线客服,高,18.17,否,5
TK0000766,C004208,O00008277,2026-07-18,物流咨询,门店,中,6.04,是,4
TK0000767,C003475,O00008298,2026-03-26,安装使用,电话,中,5.4,是,4
TK0000768,C002671,O00008301,2026-06-06,发票支付,在线客服,中,8.99,否,5
TK0000769,C002342,O00008303,2026-05-31,促销规则,社交媒体,中,27.62,否,3
TK0000770,C003263,O00008308,2025-11-18,商品质量,门店,低,2.93,是,5
TK0000771,C002231,O00008332,2025-08-31,促销规则,门店,高,17.54,否,4
TK0000772,C000790,O00008335,2026-05-14,发票支付,门店,中,2.9,是,5
TK0000773,C003903,O00008336,2026-03-17,物流咨询,门店,中,6.29,是,5
TK0000774,C002743,O00008358,2025-10-22,退换货,门店,低,22.84,否,4
TK0000775,C002900,O00008363,2025-10-30,商品质量,门店,低,13.23,否,5
TK0000776,C001614,O00008374,2025-12-05,商品质量,社交媒体,低,21.08,否,4
TK0000777,C002706,O00008378,2026-01-29,促销规则,社交媒体,高,23.03,否,4
TK0000778,C001233,O00008380,2025-12-25,物流咨询,在线客服,中,23.71,否,3
TK0000779,C001914,O00008391,2025-09-08,发票支付,门店,中,21.38,否,4
TK0000780,C004684,O00008392,2026-05-15,发票支付,社交媒体,中,2.82,是,5
TK0000781,C003799,O00008409,2026-05-19,退换货,电话,高,24.14,否,3
TK0000782,C000248,O00008414,2025-09-27,物流咨询,在线客服,中,23.85,否,3
TK0000783,C001889,O00008418,2025-11-28,物流咨询,门店,高,18.81,否,4
TK0000784,C003102,O00008424,2026-06-08,商品质量,在线客服,中,33.14,否,4
TK0000785,C001796,O00008439,2026-07-21,物流咨询,社交媒体,中,16.72,否,5
TK0000786,C004943,O00008449,2025-10-09,商品质量,电话,低,31.68,否,3
TK0000787,C004323,O00008452,2025-09-18,安装使用,电话,低,24.24,否,4
TK0000788,C004524,O00008453,2025-09-10,促销规则,社交媒体,中,10.04,否,5
TK0000789,C003113,O00008475,2025-08-27,商品质量,社交媒体,中,24.72,否,3
TK0000790,C004356,O00008487,2026-06-04,商品质量,电话,高,1.5,是,5
TK0000791,C000076,O00008490,2025-12-09,安装使用,电话,高,18.98,否,4
TK0000792,C000692,O00008492,2025-11-18,物流咨询,在线客服,中,23.72,否,3
TK0000793,C001774,O00008508,2026-03-26,退换货,电话,低,9.75,否,4
TK0000794,C003340,O00008511,2025-08-23,退换货,在线客服,中,1.17,是,4
TK0000795,C003839,O00008522,2026-02-21,发票支付,门店,中,18.2,否,3
TK0000796,C002516,O00008546,2026-03-05,安装使用,门店,中,4.57,是,4
TK0000797,C004981,O00008559,2026-02-11,促销规则,门店,低,10.53,否,4
TK0000798,C002780,O00008563,2026-06-27,商品质量,社交媒体,中,15.2,否,4
TK0000799,C000327,O00008581,2025-12-24,物流咨询,在线客服,中,19.29,否,4
TK0000800,C001287,O00008582,2026-06-23,商品质量,电话,中,25.84,否,3
TK0000801,C002999,O00008587,2026-05-17,发票支付,在线客服,中,7.81,是,4
TK0000802,C002474,O00008589,2026-05-30,安装使用,在线客服,中,4.18,是,5
TK0000803,C000475,O00008597,2026-05-06,物流咨询,在线客服,低,6.7,是,3
TK0000804,C003369,O00008599,2025-10-19,退换货,在线客服,低,35.83,否,2
TK0000805,C003454,O00008606,2026-04-19,安装使用,电话,中,2.12,是,5
TK0000806,C003475,O00008613,2026-03-13,促销规则,门店,高,13.85,否,4
TK0000807,C002304,O00008615,2026-02-17,促销规则,电话,低,30.35,否,3
TK0000808,C001636,O00008618,2025-12-18,物流咨询,电话,紧急,7.65,是,5
TK0000809,C001805,O00008620,2025-10-20,物流咨询,社交媒体,中,24.67,否,4
TK0000810,C004868,O00008626,2026-04-20,促销规则,社交媒体,中,27.77,否,3
TK0000811,C000221,O00008633,2026-04-16,安装使用,电话,中,14.62,否,3
TK0000812,C003645,O00008638,2026-05-18,物流咨询,电话,中,14.97,否,4
TK0000813,C002566,O00008649,2026-02-14,安装使用,电话,中,35.54,否,2
TK0000814,C000430,O00008662,2025-12-13,退换货,在线客服,低,5.0,是,4
TK0000815,C001179,O00008673,2026-02-27,物流咨询,在线客服,低,18.95,否,4
TK0000816,C002250,O00008683,2025-11-03,商品质量,在线客服,中,26.96,否,3
TK0000817,C003952,O00008684,2025-10-13,物流咨询,在线客服,中,2.85,是,4
TK0000818,C000368,O00008690,2026-03-25,促销规则,电话,低,2.95,是,5
TK0000819,C002949,O00008695,2026-04-06,商品质量,在线客服,中,28.21,否,4
TK0000820,C002494,O00008702,2025-08-20,商品质量,电话,中,22.36,否,3
TK0000821,C001452,O00008708,2026-07-18,安装使用,在线客服,低,25.12,否,3
TK0000822,C002293,O00008719,2026-05-18,物流咨询,电话,高,13.16,否,4
TK0000823,C002951,O00008721,2025-11-16,发票支付,门店,中,12.1,否,5
TK0000824,C004038,O00008745,2025-11-27,商品质量,门店,低,17.4,否,4
TK0000825,C002446,O00008757,2026-03-08,发票支付,社交媒体,中,23.46,否,4
TK0000826,C004306,O00008765,2026-06-16,物流咨询,在线客服,中,25.02,否,3
TK0000827,C003714,O00008788,2025-08-10,物流咨询,社交媒体,低,31.83,否,3
TK0000828,C001923,O00008794,2026-08-04,退换货,门店,中,34.24,否,3
TK0000829,C001460,O00008809,2025-10-09,商品质量,在线客服,中,5.04,是,5
TK0000830,C004785,O00008810,2026-05-11,商品质量,社交媒体,中,21.72,否,3
TK0000831,C002284,O00008812,2025-12-20,物流咨询,社交媒体,高,29.53,否,3
TK0000832,C002297,O00008814,2025-10-11,物流咨询,在线客服,低,21.63,否,3
TK0000833,C003154,O00008830,2025-12-20,物流咨询,在线客服,中,2.48,是,5
TK0000834,C001754,O00008837,2026-03-28,商品质量,在线客服,中,11.09,否,4
TK0000835,C003085,O00008852,2025-11-13,商品质量,社交媒体,中,34.83,否,2
TK0000836,C003130,O00008856,2025-10-21,促销规则,社交媒体,中,4.56,是,5
TK0000837,C003488,O00008885,2026-05-05,商品质量,门店,中,14.82,否,3
TK0000838,C003985,O00008906,2025-12-03,促销规则,社交媒体,中,32.21,否,3
TK0000839,C002306,O00008915,2025-11-25,商品质量,在线客服,低,27.5,否,2
TK0000840,C001643,O00008928,2025-10-14,物流咨询,社交媒体,低,33.16,否,3
TK0000841,C002959,O00008948,2026-03-26,退换货,电话,低,6.25,是,5
TK0000842,C002910,O00008979,2026-04-09,促销规则,电话,中,22.17,否,3
TK0000843,C001882,O00008988,2025-11-13,物流咨询,在线客服,中,22.56,否,4
TK0000844,C002252,O00008998,2026-06-19,发票支付,门店,高,14.88,否,5
TK0000845,C003696,O00009019,2026-02-17,物流咨询,社交媒体,高,9.35,否,4
TK0000846,C000116,O00009024,2026-07-29,物流咨询,电话,中,24.04,否,3
TK0000847,C001091,O00009028,2026-06-30,商品质量,电话,高,24.09,否,3
TK0000848,C004944,O00009037,2026-06-11,退换货,电话,低,17.54,否,4
TK0000849,C001751,O00009044,2026-06-04,退换货,电话,高,31.57,否,3
TK0000850,C000572,O00009048,2026-08-08,商品质量,社交媒体,中,3.91,是,5
TK0000851,C000677,O00009071,2026-05-08,商品质量,门店,低,10.12,否,4
TK0000852,C004978,O00009086,2025-10-06,退换货,门店,低,33.91,否,2
TK0000853,C003999,O00009087,2026-03-14,发票支付,社交媒体,中,12.85,否,4
TK0000854,C002683,O00009100,2026-08-05,物流咨询,门店,中,16.95,否,3
TK0000855,C002904,O00009105,2026-06-30,商品质量,电话,低,3.7,是,5
TK0000856,C000241,O00009111,2025-08-09,物流咨询,门店,中,5.93,是,5
TK0000857,C004275,O00009117,2025-08-27,安装使用,社交媒体,高,27.02,否,4
TK0000858,C001003,O00009151,2026-04-15,安装使用,社交媒体,紧急,7.08,是,5
TK0000859,C002561,O00009166,2026-07-15,发票支付,电话,高,26.39,否,3
TK0000860,C003911,O00009171,2026-06-28,商品质量,门店,中,23.06,否,4
TK0000861,C000982,O00009172,2025-10-28,促销规则,在线客服,高,20.98,否,4
TK0000862,C003654,O00009183,2025-12-09,发票支付,门店,高,13.93,否,5
TK0000863,C002738,O00009190,2025-09-16,物流咨询,门店,低,11.12,否,4
TK0000864,C000234,O00009200,2025-10-20,物流咨询,门店,中,26.0,否,3
TK0000865,C004728,O00009207,2025-08-25,物流咨询,在线客服,紧急,2.23,是,4
TK0000866,C004492,O00009221,2026-02-28,发票支付,社交媒体,低,10.49,否,4
TK0000867,C003719,O00009233,2026-04-20,物流咨询,门店,中,8.19,否,3
TK0000868,C001021,O00009239,2025-08-13,物流咨询,电话,中,22.55,否,3
TK0000869,C003411,O00009253,2025-11-23,安装使用,在线客服,高,1.54,是,5
TK0000870,C002326,O00009270,2025-11-05,商品质量,门店,高,28.98,否,2
TK0000871,C004964,O00009307,2026-04-12,物流咨询,门店,高,18.41,否,3
TK0000872,C003097,O00009330,2026-02-04,物流咨询,社交媒体,高,11.9,否,4
TK0000873,C003668,O00009357,2026-06-03,物流咨询,电话,中,30.39,否,2
TK0000874,C002095,O00009361,2026-02-15,物流咨询,电话,中,12.03,否,4
TK0000875,C001659,O00009363,2026-06-17,物流咨询,门店,低,8.76,否,5
TK0000876,C000636,O00009394,2025-10-09,退换货,电话,高,23.51,否,4
TK0000877,C002534,O00009414,2026-06-02,退换货,电话,低,18.32,否,3
TK0000878,C001149,O00009421,2026-07-03,商品质量,电话,中,3.43,是,5
TK0000879,C003806,O00009426,2026-01-25,物流咨询,电话,中,7.97,是,4
TK0000880,C002477,O00009431,2025-12-28,物流咨询,门店,中,10.41,否,4
TK0000881,C004701,O00009432,2025-11-22,物流咨询,在线客服,高,26.86,否,3
TK0000882,C004313,O00009444,2025-12-27,物流咨询,在线客服,中,33.85,否,3
TK0000883,C000665,O00009476,2026-03-12,商品质量,门店,中,31.32,否,3
TK0000884,C003944,O00009481,2025-11-29,促销规则,在线客服,中,12.75,否,4
TK0000885,C000627,O00009510,2026-04-03,商品质量,门店,低,5.28,是,4
TK0000886,C002424,O00009512,2026-05-24,安装使用,在线客服,中,9.39,否,4
TK0000887,C004529,O00009527,2025-09-23,商品质量,在线客服,中,28.98,否,3
TK0000888,C002631,O00009535,2025-11-15,退换货,电话,高,32.73,否,3
TK0000889,C001674,O00009550,2026-08-02,物流咨询,在线客服,低,23.89,否,4
TK0000890,C002328,O00009562,2025-12-17,商品质量,在线客服,低,25.68,否,4
TK0000891,C001432,O00009570,2025-12-29,退换货,电话,中,27.29,否,4
TK0000892,C001543,O00009573,2025-10-01,物流咨询,电话,紧急,6.03,是,4
TK0000893,C003812,O00009588,2026-04-16,安装使用,电话,低,25.24,否,3
TK0000894,C004042,O00009610,2026-05-02,退换货,社交媒体,高,10.23,否,4
TK0000895,C000171,O00009629,2026-05-08,商品质量,社交媒体,中,14.86,否,3
TK0000896,C000934,O00009638,2026-04-27,退换货,门店,中,1.42,是,5
TK0000897,C003846,O00009648,2026-01-16,物流咨询,在线客服,高,11.11,否,4
TK0000898,C004461,O00009649,2025-10-04,发票支付,社交媒体,低,24.01,否,3
TK0000899,C003855,O00009665,2026-04-04,物流咨询,门店,低,33.94,否,3
TK0000900,C001590,O00009670,2026-01-22,物流咨询,门店,中,8.39,否,5
TK0000901,C003069,O00009676,2025-12-21,退换货,电话,高,17.34,否,3
TK0000902,C003418,O00009677,2026-03-13,促销规则,在线客服,高,20.39,否,3
TK0000903,C000576,O00009709,2025-10-21,发票支付,电话,中,7.08,是,4
TK0000904,C002320,O00009722,2025-11-16,促销规则,在线客服,中,32.09,否,3
TK0000905,C004719,O00009726,2025-11-24,商品质量,在线客服,高,7.19,是,5
TK0000906,C000021,O00009738,2025-09-16,促销规则,社交媒体,高,6.88,是,4
TK0000907,C002353,O00009784,2025-11-28,商品质量,社交媒体,中,23.81,否,3
TK0000908,C002211,O00009797,2026-03-29,商品质量,门店,高,20.41,否,3
TK0000909,C004140,O00009820,2025-08-13,物流咨询,社交媒体,中,35.43,否,3
TK0000910,C002568,O00009844,2026-03-12,物流咨询,门店,高,1.76,是,5
TK0000911,C003135,O00009852,2025-11-19,物流咨询,在线客服,低,5.32,是,4
TK0000912,C004324,O00009864,2026-06-12,促销规则,电话,中,34.99,否,3
TK0000913,C004943,O00009867,2026-03-14,发票支付,社交媒体,高,18.92,否,4
TK0000914,C002040,O00009874,2026-02-15,商品质量,电话,低,33.18,否,3
TK0000915,C002636,O00009900,2026-01-07,物流咨询,电话,低,25.45,否,4
TK0000916,C003745,O00009908,2025-09-12,商品质量,电话,低,12.42,否,4
TK0000917,C004324,O00009935,2025-12-07,退换货,社交媒体,中,11.29,否,4
TK0000918,C004461,O00009947,2026-07-06,物流咨询,电话,中,31.35,否,2
TK0000919,C001283,O00009951,2026-05-19,商品质量,社交媒体,中,20.18,否,4
TK0000920,C004951,O00009955,2025-12-31,商品质量,门店,紧急,19.39,否,3
TK0000921,C000562,O00009965,2026-04-16,商品质量,门店,中,8.08,否,4
TK0000922,C002649,O00009966,2025-11-14,商品质量,电话,低,11.2,否,4
TK0000923,C003142,O00009967,2025-09-02,退换货,门店,低,35.66,否,3
TK0000924,C002893,O00009969,2026-05-15,促销规则,在线客服,高,7.98,是,4
TK0000925,C003119,O00009975,2025-11-22,物流咨询,门店,低,4.99,是,5
TK0000926,C001338,O00009976,2026-05-23,发票支付,社交媒体,中,22.83,否,3
TK0000927,C001627,O00009984,2025-10-30,安装使用,电话,低,32.35,否,4
TK0000928,C002878,O00009991,2026-07-08,促销规则,在线客服,低,6.91,是,4
TK0000929,C001083,O00010023,2025-11-03,物流咨询,电话,高,29.1,否,2
TK0000930,C002861,O00010033,2026-05-21,物流咨询,在线客服,中,24.7,否,3
TK0000931,C003806,O00010052,2025-12-08,物流咨询,社交媒体,中,14.81,否,4
TK0000932,C002930,O00010058,2026-03-26,物流咨询,在线客服,中,19.38,否,4
TK0000933,C003677,O00010080,2026-02-02,发票支付,门店,低,34.91,否,3
TK0000934,C002354,O00010086,2026-04-22,安装使用,电话,高,34.18,否,3
TK0000935,C004270,O00010097,2026-04-20,商品质量,社交媒体,中,24.92,否,3
TK0000936,C000321,O00010106,2026-07-15,物流咨询,门店,中,26.63,否,3
TK0000937,C004435,O00010120,2026-06-08,物流咨询,门店,低,23.05,否,4
TK0000938,C004372,O00010130,2025-08-16,物流咨询,门店,中,20.63,否,4
TK0000939,C001939,O00010134,2026-08-02,促销规则,电话,中,5.73,是,5
TK0000940,C000618,O00010138,2025-10-19,退换货,在线客服,中,15.39,否,4
TK0000941,C002299,O00010163,2026-07-07,物流咨询,在线客服,低,35.44,否,2
TK0000942,C004406,O00010170,2025-10-13,物流咨询,在线客服,紧急,5.39,是,5
TK0000943,C001614,O00010179,2025-10-21,退换货,电话,高,21.8,否,4
TK0000944,C001414,O00010188,2026-01-15,发票支付,门店,紧急,21.88,否,4
TK0000945,C003008,O00010192,2026-07-24,物流咨询,电话,中,20.76,否,4
TK0000946,C000391,O00010194,2026-04-16,物流咨询,电话,高,23.77,否,4
TK0000947,C002922,O00010217,2026-06-15,促销规则,社交媒体,高,22.01,否,4
TK0000948,C001949,O00010230,2026-04-05,商品质量,门店,低,32.7,否,3
TK0000949,C000358,O00010240,2026-01-15,商品质量,电话,中,34.87,否,2
TK0000950,C000547,O00010265,2025-10-24,安装使用,在线客服,中,35.52,否,2
TK0000951,C001691,O00010274,2025-10-30,物流咨询,社交媒体,低,20.79,否,3
TK0000952,C001703,O00010288,2026-02-17,商品质量,在线客服,低,21.35,否,3
TK0000953,C001831,O00010289,2025-12-02,安装使用,门店,中,4.38,是,5
TK0000954,C000414,O00010326,2025-11-28,物流咨询,电话,低,14.54,否,3
TK0000955,C004815,O00010333,2026-07-01,促销规则,门店,低,2.28,是,5
TK0000956,C001115,O00010334,2025-12-27,发票支付,门店,中,22.91,否,4
TK0000957,C004459,O00010350,2026-02-20,退换货,门店,高,8.77,否,4
TK0000958,C003345,O00010356,2026-03-15,退换货,电话,高,14.01,否,5
TK0000959,C003253,O00010361,2025-11-05,退换货,电话,中,21.18,否,4
TK0000960,C000741,O00010374,2026-04-11,物流咨询,社交媒体,中,14.76,否,3
TK0000961,C002054,O00010383,2025-12-25,商品质量,门店,中,27.01,否,2
TK0000962,C004264,O00010387,2025-11-10,物流咨询,门店,低,32.69,否,3
TK0000963,C000104,O00010388,2026-06-30,物流咨询,在线客服,高,11.9,否,4
TK0000964,C004521,O00010390,2025-11-17,促销规则,在线客服,低,6.27,是,5
TK0000965,C004243,O00010422,2025-10-06,物流咨询,门店,中,6.73,是,4
TK0000966,C000291,O00010426,2025-12-26,商品质量,社交媒体,低,10.59,否,5
TK0000967,C004269,O00010427,2026-03-05,物流咨询,电话,中,21.79,否,3
TK0000968,C000246,O00010443,2025-10-25,商品质量,门店,高,33.94,否,4
TK0000969,C004598,O00010447,2026-01-03,商品质量,电话,高,10.46,否,5
TK0000970,C003833,O00010460,2025-09-06,发票支付,电话,中,33.67,否,3
TK0000971,C002041,O00010466,2026-07-16,物流咨询,门店,高,22.64,否,3
TK0000972,C003251,O00010471,2025-09-09,物流咨询,门店,中,17.95,否,2
TK0000973,C001668,O00010481,2025-09-04,发票支付,社交媒体,高,27.0,否,4
TK0000974,C000166,O00010497,2025-11-12,安装使用,社交媒体,中,14.54,否,5
TK0000975,C002214,O00010515,2026-03-02,退换货,电话,中,1.73,是,5
TK0000976,C003306,O00010550,2026-04-06,退换货,社交媒体,低,20.54,否,3
TK0000977,C002957,O00010553,2025-09-30,商品质量,在线客服,中,26.83,否,3
TK0000978,C001686,O00010556,2025-11-13,物流咨询,社交媒体,中,29.58,否,4
TK0000979,C004021,O00010567,2026-03-16,安装使用,在线客服,中,22.35,否,4
TK0000980,C000543,O00010571,2026-04-08,物流咨询,门店,中,17.26,否,4
TK0000981,C001920,O00010582,2025-12-21,商品质量,在线客服,高,7.76,是,5
TK0000982,C002934,O00010584,2025-08-26,物流咨询,电话,中,6.1,是,4
TK0000983,C004215,O00010585,2025-11-12,物流咨询,电话,中,26.32,否,3
TK0000984,C002800,O00010611,2026-01-30,安装使用,在线客服,高,1.43,是,4
TK0000985,C004603,O00010630,2025-08-26,物流咨询,门店,低,26.72,否,3
TK0000986,C000953,O00010639,2026-02-11,商品质量,电话,高,8.17,否,4
TK0000987,C004954,O00010654,2026-06-22,安装使用,在线客服,紧急,9.78,否,4
TK0000988,C004685,O00010656,2025-12-01,商品质量,社交媒体,中,12.91,否,5
TK0000989,C002539,O00010669,2025-12-08,退换货,社交媒体,低,22.21,否,4
TK0000990,C004712,O00010680,2026-05-24,退换货,门店,中,25.39,否,2
TK0000991,C003416,O00010683,2026-03-23,促销规则,在线客服,高,15.02,否,5
TK0000992,C000965,O00010703,2026-06-16,促销规则,电话,低,29.78,否,4
TK0000993,C004402,O00010755,2025-12-15,商品质量,电话,高,19.37,否,4
TK0000994,C002520,O00010758,2025-12-09,商品质量,在线客服,高,16.46,否,5
TK0000995,C001074,O00010762,2025-10-21,安装使用,门店,中,27.99,否,3
TK0000996,C002810,O00010779,2026-01-14,物流咨询,社交媒体,中,8.99,否,4
TK0000997,C001740,O00010785,2026-04-13,商品质量,在线客服,中,11.32,否,5
TK0000998,C004366,O00010786,2025-11-02,商品质量,门店,中,13.19,否,5
TK0000999,C000198,O00010789,2026-06-11,促销规则,社交媒体,低,22.84,否,4
TK0001000,C000150,O00010795,2025-12-19,安装使用,门店,低,4.72,是,5
TK0001001,C001924,O00010800,2026-01-22,安装使用,在线客服,紧急,26.01,否,3
TK0001002,C003772,O00010808,2025-08-24,安装使用,在线客服,中,9.43,否,4
TK0001003,C004224,O00010811,2026-07-26,物流咨询,门店,紧急,20.75,否,3
TK0001004,C002217,O00010815,2026-04-07,退换货,门店,中,24.33,否,3
TK0001005,C003353,O00010819,2025-09-20,退换货,门店,中,28.18,否,3
TK0001006,C001278,O00010827,2025-11-22,物流咨询,社交媒体,中,21.03,否,3
TK0001007,C000910,O00010828,2025-12-06,促销规则,在线客服,中,14.47,否,4
TK0001008,C004125,O00010837,2025-10-19,安装使用,电话,中,17.52,否,4
TK0001009,C000399,O00010852,2026-04-27,物流咨询,电话,中,21.82,否,4
TK0001010,C002036,O00010860,2025-12-08,发票支付,社交媒体,中,28.71,否,3
TK0001011,C000499,O00010873,2026-01-28,退换货,社交媒体,低,22.6,否,3
TK0001012,C001006,O00010913,2025-08-17,发票支付,电话,中,29.44,否,4
TK0001013,C003570,O00010926,2025-10-15,促销规则,电话,低,19.65,否,3
TK0001014,C004062,O00010935,2026-03-22,物流咨询,电话,低,33.66,否,3
TK0001015,C003816,O00010973,2026-05-30,物流咨询,社交媒体,低,13.78,否,3
TK0001016,C001978,O00010976,2025-09-24,促销规则,在线客服,高,9.02,否,5
TK0001017,C004345,O00010977,2026-06-30,物流咨询,社交媒体,中,5.89,是,5
TK0001018,C004761,O00010979,2025-11-16,物流咨询,在线客服,低,9.5,否,5
TK0001019,C004066,O00011015,2025-12-31,商品质量,门店,低,34.71,否,3
TK0001020,C002420,O00011026,2025-12-28,物流咨询,在线客服,中,11.46,否,4
TK0001021,C004646,O00011044,2026-04-10,商品质量,电话,中,12.9,否,4
TK0001022,C004476,O00011045,2025-11-18,促销规则,在线客服,中,25.43,否,3
TK0001023,C004618,O00011048,2025-09-28,物流咨询,门店,紧急,7.19,是,5
TK0001024,C001621,O00011056,2026-04-15,物流咨询,社交媒体,中,7.15,是,4
TK0001025,C001172,O00011057,2025-12-21,发票支付,社交媒体,中,4.39,是,5
TK0001026,C002122,O00011070,2025-08-11,物流咨询,社交媒体,中,28.68,否,2
TK0001027,C004613,O00011094,2025-11-30,促销规则,门店,中,17.38,否,4
TK0001028,C000349,O00011099,2026-03-15,物流咨询,在线客服,低,7.31,是,4
TK0001029,C003027,O00011103,2026-03-30,商品质量,电话,高,18.29,否,3
TK0001030,C001375,O00011105,2026-04-05,商品质量,门店,中,13.26,否,4
TK0001031,C001064,O00011107,2026-03-27,商品质量,社交媒体,中,18.01,否,4
TK0001032,C002924,O00011139,2025-08-13,退换货,门店,低,10.38,否,4
TK0001033,C004764,O00011143,2026-06-12,物流咨询,门店,中,28.61,否,3
TK0001034,C004748,O00011153,2026-06-17,物流咨询,在线客服,中,19.98,否,3
TK0001035,C000254,O00011175,2025-12-20,物流咨询,社交媒体,中,20.89,否,3
TK0001036,C003376,O00011188,2026-07-01,物流咨询,门店,高,16.82,否,3
TK0001037,C000511,O00011202,2026-03-07,商品质量,在线客服,中,6.97,是,4
TK0001038,C004642,O00011218,2025-10-20,物流咨询,门店,低,11.46,否,3
TK0001039,C000931,O00011224,2025-12-06,物流咨询,门店,高,14.03,否,4
TK0001040,C001771,O00011226,2026-05-26,退换货,在线客服,低,27.92,否,3
TK0001041,C002788,O00011235,2026-01-21,促销规则,在线客服,中,18.39,否,3
TK0001042,C002194,O00011242,2026-02-16,促销规则,门店,高,20.7,否,3
TK0001043,C002208,O00011247,2025-09-14,安装使用,门店,中,15.0,否,5
TK0001044,C002518,O00011268,2026-05-24,商品质量,社交媒体,低,21.3,否,4
TK0001045,C000115,O00011270,2025-11-03,物流咨询,电话,中,26.28,否,3
TK0001046,C004277,O00011282,2025-08-14,商品质量,社交媒体,中,22.06,否,3
TK0001047,C002519,O00011288,2026-06-01,退换货,社交媒体,紧急,4.05,是,5
TK0001048,C003782,O00011295,2026-05-07,商品质量,社交媒体,高,7.39,是,4
TK0001049,C003152,O00011305,2025-10-25,物流咨询,在线客服,低,33.14,否,3
TK0001050,C002211,O00011312,2026-07-07,物流咨询,电话,中,19.01,否,3
TK0001051,C000262,O00011321,2026-07-13,退换货,在线客服,中,23.95,否,2
TK0001052,C000241,O00011337,2025-10-14,商品质量,在线客服,中,19.28,否,4
TK0001053,C004397,O00011345,2026-01-31,安装使用,社交媒体,紧急,1.54,是,5
TK0001054,C004885,O00011368,2026-01-30,物流咨询,社交媒体,低,31.49,否,3
TK0001055,C002025,O00011370,2025-09-12,物流咨询,在线客服,中,27.42,否,3
TK0001056,C002965,O00011398,2026-02-21,安装使用,在线客服,中,22.94,否,4
TK0001057,C000262,O00011402,2026-03-01,物流咨询,社交媒体,紧急,4.13,是,5
TK0001058,C001618,O00011407,2026-05-30,物流咨询,在线客服,低,24.22,否,3
TK0001059,C004746,O00011410,2025-12-14,安装使用,在线客服,低,11.72,否,4
TK0001060,C000335,O00011421,2026-01-27,物流咨询,社交媒体,低,28.48,否,3
TK0001061,C002904,O00011423,2025-12-18,退换货,电话,低,29.51,否,3
TK0001062,C002283,O00011444,2025-11-10,安装使用,在线客服,紧急,23.37,否,3
TK0001063,C002624,O00011456,2025-12-17,物流咨询,门店,中,23.63,否,3
TK0001064,C003963,O00011458,2026-01-02,促销规则,社交媒体,中,15.86,否,3
TK0001065,C002713,O00011463,2025-09-17,物流咨询,社交媒体,中,13.49,否,4
TK0001066,C000626,O00011484,2025-08-07,促销规则,在线客服,中,25.15,否,2
TK0001067,C003666,O00011487,2025-11-23,物流咨询,门店,低,6.48,是,5
TK0001068,C003309,O00011490,2025-10-24,物流咨询,在线客服,高,35.97,否,2
TK0001069,C004420,O00011492,2026-04-05,退换货,电话,中,14.93,否,4
TK0001070,C000586,O00011496,2025-11-28,促销规则,在线客服,低,35.03,否,3
TK0001071,C004451,O00011500,2025-09-13,物流咨询,电话,低,13.67,否,4
TK0001072,C001031,O00011510,2025-10-20,物流咨询,电话,紧急,34.15,否,3
TK0001073,C001688,O00011511,2025-09-28,商品质量,门店,低,19.9,否,4
TK0001074,C001368,O00011514,2026-06-07,物流咨询,门店,中,2.01,是,5
TK0001075,C001698,O00011526,2025-12-16,商品质量,在线客服,低,4.58,是,5
TK0001076,C001226,O00011532,2026-04-13,商品质量,在线客服,低,29.9,否,3
TK0001077,C002289,O00011534,2026-04-02,退换货,电话,高,10.54,否,4
TK0001078,C000130,O00011542,2025-09-25,促销规则,门店,低,8.74,否,4
TK0001079,C003264,O00011545,2025-11-22,发票支付,在线客服,高,27.13,否,3
TK0001080,C004058,O00011551,2025-10-21,物流咨询,社交媒体,中,25.65,否,3
TK0001081,C002558,O00011560,2026-06-07,物流咨询,社交媒体,高,12.28,否,4
TK0001082,C003773,O00011575,2025-12-18,物流咨询,社交媒体,中,20.03,否,4
TK0001083,C004568,O00011577,2026-06-03,促销规则,电话,低,21.31,否,3
TK0001084,C004279,O00011595,2026-06-15,促销规则,社交媒体,中,24.09,否,4
TK0001085,C001598,O00011609,2025-12-21,安装使用,在线客服,低,31.7,否,3
TK0001086,C000505,O00011648,2026-01-24,促销规则,门店,高,17.21,否,4
TK0001087,C002015,O00011658,2026-01-16,促销规则,在线客服,中,8.15,否,3
TK0001088,C003314,O00011668,2026-01-12,物流咨询,在线客服,高,3.23,是,5
TK0001089,C001207,O00011672,2026-03-16,退换货,在线客服,低,21.61,否,4
TK0001090,C001203,O00011674,2026-03-21,商品质量,在线客服,中,34.21,否,3
TK0001091,C003195,O00011680,2026-02-27,商品质量,电话,中,23.33,否,3
TK0001092,C000985,O00011695,2025-08-21,促销规则,在线客服,中,11.45,否,5
TK0001093,C002314,O00011696,2025-12-01,退换货,社交媒体,低,33.47,否,2
TK0001094,C000436,O00011708,2025-09-15,安装使用,社交媒体,中,24.99,否,4
TK0001095,C002544,O00011724,2026-05-09,物流咨询,社交媒体,中,33.3,否,3
TK0001096,C000943,O00011748,2026-05-21,退换货,社交媒体,高,31.06,否,3
TK0001097,C004825,O00011763,2026-05-12,物流咨询,电话,高,30.97,否,2
TK0001098,C003588,O00011768,2025-12-16,发票支付,在线客服,高,20.21,否,4
TK0001099,C001849,O00011772,2026-03-29,安装使用,电话,低,20.53,否,3
TK0001100,C002269,O00011795,2026-02-25,发票支付,社交媒体,低,2.84,是,4
TK0001101,C001246,O00011819,2025-11-29,物流咨询,社交媒体,中,25.81,否,4
TK0001102,C000271,O00011847,2026-06-24,商品质量,门店,中,20.99,否,4
TK0001103,C001139,O00011856,2026-05-25,促销规则,门店,中,5.25,是,4
TK0001104,C003030,O00011900,2026-03-06,退换货,在线客服,高,34.18,否,4
TK0001105,C004896,O00011903,2026-01-15,促销规则,社交媒体,中,9.81,否,5
TK0001106,C004559,O00011927,2026-05-07,物流咨询,在线客服,中,16.33,否,3
TK0001107,C002799,O00011935,2025-10-16,商品质量,社交媒体,中,9.5,否,4
TK0001108,C002869,O00011942,2025-09-16,物流咨询,在线客服,中,26.96,否,2
TK0001109,C001417,O00011945,2025-08-31,物流咨询,在线客服,中,8.4,否,3
TK0001110,C002544,O00011949,2026-04-11,商品质量,在线客服,中,12.11,否,4
TK0001111,C003451,O00011952,2025-09-21,商品质量,门店,中,10.29,否,4
TK0001112,C003933,O00011953,2025-10-18,物流咨询,在线客服,低,3.63,是,4
TK0001113,C004859,O00011956,2025-08-24,商品质量,门店,中,12.6,否,3
TK0001114,C002595,O00011976,2025-11-22,安装使用,社交媒体,紧急,22.84,否,4
TK0001115,C000130,O00011988,2026-04-10,促销规则,社交媒体,中,16.3,否,4
TK0001116,C003961,O00011993,2026-05-15,物流咨询,门店,高,14.88,否,5
TK0001117,C004135,O00011998,2026-07-22,商品质量,社交媒体,中,11.09,否,3
TK0001118,C001403,O00012016,2026-05-09,商品质量,社交媒体,低,32.9,否,3
TK0001119,C003515,O00012040,2025-11-24,商品质量,电话,低,4.38,是,5
TK0001120,C000105,O00012066,2025-09-12,物流咨询,电话,高,14.54,否,4
TK0001121,C002049,O00012071,2026-01-08,发票支付,在线客服,低,6.29,是,5
TK0001122,C002647,O00012082,2026-01-07,退换货,门店,低,31.27,否,4
TK0001123,C004946,O00012096,2025-12-27,商品质量,门店,高,35.57,否,3
TK0001124,C002510,O00012101,2026-06-30,安装使用,在线客服,低,2.78,是,4
TK0001125,C003410,O00012105,2025-08-08,商品质量,门店,中,24.52,否,3
TK0001126,C003975,O00012109,2026-04-26,发票支付,社交媒体,低,10.09,否,5
TK0001127,C004749,O00012111,2025-09-24,物流咨询,电话,中,20.59,否,3
TK0001128,C000699,O00012114,2025-10-14,安装使用,社交媒体,低,6.55,是,4
TK0001129,C003620,O00012136,2025-09-30,物流咨询,电话,中,25.46,否,4
TK0001130,C004382,O00012149,2026-03-19,促销规则,门店,中,13.31,否,4
TK0001131,C001627,O00012159,2026-02-17,退换货,电话,高,33.27,否,4
TK0001132,C002220,O00012175,2026-06-05,促销规则,门店,中,25.59,否,3
TK0001133,C000643,O00012186,2026-04-01,物流咨询,在线客服,低,8.49,否,4
TK0001134,C000902,O00012200,2026-04-20,物流咨询,在线客服,中,35.13,否,2
TK0001135,C003976,O00012224,2025-11-22,安装使用,电话,中,15.39,否,4
TK0001136,C003402,O00012233,2025-10-10,发票支付,电话,中,3.7,是,5
TK0001137,C001416,O00012234,2025-08-05,退换货,门店,中,5.27,是,5
TK0001138,C002151,O00012236,2025-10-03,商品质量,门店,中,18.29,否,4
TK0001139,C003003,O00012240,2025-12-26,商品质量,门店,高,20.73,否,4
TK0001140,C004592,O00012241,2026-03-03,促销规则,社交媒体,中,19.02,否,4
TK0001141,C000224,O00012244,2026-08-02,物流咨询,电话,高,26.38,否,4
TK0001142,C003252,O00012255,2025-09-28,安装使用,社交媒体,中,28.83,否,2
TK0001143,C003232,O00012259,2026-01-29,退换货,门店,中,34.13,否,2
TK0001144,C002225,O00012273,2025-10-11,商品质量,门店,低,3.93,是,4
TK0001145,C000150,O00012275,2026-05-19,物流咨询,在线客服,高,9.58,否,5
TK0001146,C000361,O00012279,2025-08-29,退换货,门店,低,32.93,否,4
TK0001147,C002174,O00012284,2025-11-18,商品质量,在线客服,低,9.36,否,4
TK0001148,C004941,O00012288,2026-05-01,物流咨询,在线客服,中,16.86,否,4
TK0001149,C004821,O00012300,2026-03-05,商品质量,在线客服,低,16.01,否,4
TK0001150,C000552,O00012311,2026-06-01,物流咨询,门店,中,26.04,否,4
TK0001151,C004102,O00012316,2026-08-03,退换货,电话,高,1.86,是,5
TK0001152,C004345,O00012321,2026-05-25,物流咨询,电话,中,16.65,否,3
TK0001153,C003906,O00012332,2026-05-08,退换货,电话,中,23.28,否,3
TK0001154,C002016,O00012333,2025-11-15,商品质量,门店,低,9.95,否,4
TK0001155,C002397,O00012335,2026-05-31,发票支付,社交媒体,中,32.18,否,3
TK0001156,C003466,O00012347,2025-09-13,促销规则,在线客服,中,31.9,否,3
TK0001157,C000856,O00012352,2026-03-26,物流咨询,电话,低,30.1,否,2
TK0001158,C004188,O00012372,2025-10-27,商品质量,门店,高,6.97,是,5
TK0001159,C003463,O00012373,2026-03-06,物流咨询,电话,低,33.34,否,3
TK0001160,C004155,O00012383,2026-04-19,促销规则,在线客服,低,27.41,否,4
TK0001161,C001458,O00012397,2026-06-08,商品质量,在线客服,中,7.5,是,4
TK0001162,C000679,O00012403,2025-11-24,安装使用,电话,低,2.77,是,4
TK0001163,C004379,O00012407,2026-04-18,商品质量,在线客服,中,34.53,否,3
TK0001164,C002689,O00012408,2026-01-08,发票支付,在线客服,低,14.77,否,5
TK0001165,C003874,O00012411,2026-04-11,商品质量,在线客服,高,29.14,否,3
TK0001166,C004274,O00012425,2025-10-06,促销规则,门店,中,13.36,否,4
TK0001167,C000652,O00012429,2026-04-29,物流咨询,在线客服,紧急,24.29,否,3
TK0001168,C001108,O00012431,2026-05-06,商品质量,电话,高,6.04,是,5
TK0001169,C002124,O00012434,2025-11-01,安装使用,门店,低,6.6,是,5
TK0001170,C002273,O00012435,2026-08-03,商品质量,在线客服,高,13.04,否,4
TK0001171,C000927,O00012437,2026-06-07,促销规则,门店,中,18.29,否,3
TK0001172,C001083,O00012439,2026-06-26,退换货,社交媒体,高,16.28,否,4
TK0001173,C000578,O00012442,2026-05-23,商品质量,在线客服,低,14.3,否,4
TK0001174,C003230,O00012444,2026-01-30,退换货,在线客服,中,19.12,否,3
TK0001175,C001773,O00012474,2026-01-15,物流咨询,社交媒体,中,19.04,否,3
TK0001176,C003308,O00012476,2026-04-20,退换货,门店,中,12.47,否,4
TK0001177,C001625,O00012483,2026-02-06,安装使用,门店,中,13.17,否,4
TK0001178,C002300,O00012485,2025-11-07,发票支付,门店,高,7.48,是,4
TK0001179,C000242,O00012488,2026-04-30,商品质量,门店,高,27.01,否,3
TK0001180,C001735,O00012503,2026-03-23,物流咨询,电话,中,22.46,否,3
TK0001181,C003658,O00012515,2025-12-23,退换货,电话,低,31.57,否,4
TK0001182,C003917,O00012518,2025-12-19,物流咨询,社交媒体,高,28.17,否,2
TK0001183,C002634,O00012536,2026-05-23,退换货,门店,低,11.24,否,4
TK0001184,C004379,O00012537,2025-12-08,物流咨询,社交媒体,中,7.6,是,4
TK0001185,C000384,O00012553,2025-10-20,退换货,门店,中,13.01,否,4
TK0001186,C001441,O00012562,2026-02-20,物流咨询,电话,高,8.42,否,5
TK0001187,C001510,O00012578,2026-02-27,商品质量,社交媒体,高,6.11,是,5
TK0001188,C000863,O00012583,2026-04-30,退换货,电话,低,22.82,否,3
TK0001189,C003437,O00012589,2025-12-02,物流咨询,电话,中,3.58,是,4
TK0001190,C000049,O00012590,2026-04-20,商品质量,门店,中,28.7,否,3
TK0001191,C001555,O00012591,2025-11-16,物流咨询,电话,低,3.0,是,5
TK0001192,C004621,O00012598,2025-11-25,物流咨询,电话,中,12.94,否,4
TK0001193,C003998,O00012647,2026-03-29,商品质量,在线客服,低,23.06,否,4
TK0001194,C001476,O00012658,2025-08-25,商品质量,社交媒体,低,26.21,否,4
TK0001195,C003633,O00012669,2026-07-17,物流咨询,社交媒体,低,20.46,否,3
TK0001196,C002280,O00012680,2025-11-01,商品质量,电话,中,12.59,否,5
TK0001197,C002490,O00012698,2025-11-11,物流咨询,在线客服,中,7.57,是,3
TK0001198,C004255,O00012719,2026-07-15,发票支付,门店,中,13.91,否,4
TK0001199,C001928,O00012726,2026-01-21,商品质量,社交媒体,中,23.81,否,4
TK0001200,C000537,O00012734,2026-05-29,物流咨询,社交媒体,中,15.34,否,4
TK0001201,C001202,O00012758,2025-08-16,物流咨询,门店,低,8.71,否,5
TK0001202,C000951,O00012774,2025-11-23,商品质量,社交媒体,中,32.55,否,3
TK0001203,C004628,O00012776,2026-03-27,商品质量,社交媒体,低,7.56,是,4
TK0001204,C003736,O00012791,2026-01-28,商品质量,门店,低,8.28,否,4
TK0001205,C003798,O00012808,2026-04-10,商品质量,门店,高,7.32,是,4
TK0001206,C002015,O00012814,2025-12-05,安装使用,电话,紧急,21.07,否,3
TK0001207,C003834,O00012819,2026-04-12,商品质量,电话,中,35.44,否,2
TK0001208,C002588,O00012831,2026-05-28,商品质量,电话,中,31.41,否,3
TK0001209,C000765,O00012852,2025-08-20,物流咨询,电话,中,21.09,否,3
TK0001210,C000989,O00012865,2026-03-20,物流咨询,在线客服,高,11.59,否,4
TK0001211,C003447,O00012870,2026-05-18,退换货,社交媒体,高,32.9,否,3
TK0001212,C001070,O00012880,2026-06-27,促销规则,在线客服,中,23.6,否,4
TK0001213,C000217,O00012886,2026-08-02,物流咨询,电话,中,12.09,否,4
TK0001214,C002443,O00012889,2026-06-18,促销规则,门店,紧急,2.3,是,5
TK0001215,C002225,O00012891,2025-10-17,物流咨询,在线客服,高,14.67,否,4
TK0001216,C001298,O00012900,2025-11-11,安装使用,在线客服,低,4.87,是,5
TK0001217,C002799,O00012902,2026-06-14,物流咨询,电话,中,27.03,否,3
TK0001218,C001388,O00012906,2025-10-07,物流咨询,在线客服,中,29.53,否,2
TK0001219,C002476,O00012908,2026-06-01,退换货,电话,低,28.37,否,2
TK0001220,C002265,O00012939,2025-11-07,发票支付,社交媒体,高,7.78,是,4
TK0001221,C001076,O00012942,2025-09-29,物流咨询,门店,低,23.22,否,3
TK0001222,C001452,O00012949,2026-01-02,物流咨询,电话,中,11.82,否,5
TK0001223,C003852,O00012990,2026-03-20,物流咨询,社交媒体,高,17.1,否,3
TK0001224,C001363,O00012991,2026-05-26,退换货,电话,低,8.2,否,4
TK0001225,C003250,O00012995,2026-01-09,退换货,门店,高,32.44,否,3
TK0001226,C003564,O00012998,2025-08-16,商品质量,社交媒体,低,29.18,否,4
TK0001227,C000075,O00013011,2025-09-26,促销规则,社交媒体,中,34.47,否,2
TK0001228,C003174,O00013023,2026-01-13,安装使用,社交媒体,中,11.05,否,4
TK0001229,C004111,O00013026,2026-02-16,商品质量,电话,中,21.17,否,3
TK0001230,C000556,O00013042,2026-03-28,商品质量,在线客服,高,6.47,是,5
TK0001231,C002267,O00013044,2025-12-18,促销规则,门店,低,21.22,否,4
TK0001232,C002654,O00013055,2026-05-12,商品质量,在线客服,低,8.55,否,5
TK0001233,C003392,O00013063,2025-11-02,物流咨询,门店,低,5.88,是,5
TK0001234,C004052,O00013066,2026-06-15,物流咨询,电话,低,20.46,否,3
TK0001235,C004420,O00013068,2026-01-23,商品质量,门店,中,20.87,否,4
TK0001236,C003985,O00013113,2025-09-25,退换货,社交媒体,低,31.84,否,3
TK0001237,C002880,O00013117,2025-11-29,退换货,在线客服,中,2.81,是,5
TK0001238,C003818,O00013119,2025-10-22,物流咨询,门店,低,5.92,是,4
TK0001239,C002615,O00013121,2025-09-03,物流咨询,电话,高,1.74,是,5
TK0001240,C003331,O00013135,2026-03-23,物流咨询,电话,低,3.0,是,5
TK0001241,C000301,O00013203,2025-09-09,促销规则,在线客服,中,23.06,否,4
TK0001242,C000183,O00013216,2026-07-01,物流咨询,在线客服,高,18.68,否,4
TK0001243,C003484,O00013220,2025-12-24,退换货,在线客服,紧急,27.81,否,4
TK0001244,C002994,O00013229,2026-07-27,退换货,社交媒体,高,16.59,否,4
TK0001245,C001969,O00013234,2026-03-28,商品质量,社交媒体,低,22.89,否,4
TK0001246,C004950,O00013261,2025-11-03,物流咨询,门店,低,29.33,否,2
TK0001247,C003199,O00013264,2025-10-15,商品质量,门店,低,14.15,否,4
TK0001248,C001901,O00013268,2026-04-25,安装使用,电话,低,21.3,否,4
TK0001249,C004114,O00013270,2025-11-02,促销规则,在线客服,低,16.09,否,4
TK0001250,C003647,O00013271,2025-10-24,物流咨询,社交媒体,高,3.0,是,5
TK0001251,C004477,O00013278,2026-06-11,物流咨询,在线客服,低,12.77,否,4
TK0001252,C003901,O00013288,2026-01-23,安装使用,电话,中,15.93,否,4
TK0001253,C000290,O00013307,2026-01-03,物流咨询,社交媒体,高,2.87,是,4
TK0001254,C002574,O00013318,2025-12-28,物流咨询,门店,高,28.46,否,2
TK0001255,C004883,O00013336,2026-02-28,物流咨询,门店,高,34.82,否,3
TK0001256,C001235,O00013337,2025-12-03,物流咨询,社交媒体,低,32.01,否,2
TK0001257,C002588,O00013355,2026-03-31,物流咨询,门店,中,33.91,否,3
TK0001258,C000018,O00013362,2026-05-01,物流咨询,社交媒体,高,18.55,否,4
TK0001259,C003540,O00013386,2026-05-19,安装使用,在线客服,低,16.4,否,5
TK0001260,C002054,O00013410,2025-08-21,物流咨询,门店,中,27.15,否,3
TK0001261,C003821,O00013416,2026-03-27,物流咨询,社交媒体,中,3.23,是,5
TK0001262,C003801,O00013419,2026-01-02,促销规则,社交媒体,低,31.9,否,4
TK0001263,C001418,O00013420,2026-03-16,物流咨询,电话,中,12.82,否,5
TK0001264,C003841,O00013436,2025-11-11,安装使用,在线客服,高,1.94,是,4
TK0001265,C001389,O00013437,2025-09-03,商品质量,在线客服,中,14.43,否,4
TK0001266,C004274,O00013460,2026-01-20,安装使用,在线客服,中,3.81,是,4
TK0001267,C004285,O00013484,2025-11-23,退换货,在线客服,中,24.82,否,4
TK0001268,C003125,O00013520,2026-02-01,发票支付,电话,中,27.65,否,3
TK0001269,C002988,O00013526,2025-10-13,物流咨询,电话,中,14.14,否,4
TK0001270,C004022,O00013528,2026-05-11,发票支付,电话,低,20.3,否,4
TK0001271,C003798,O00013536,2025-10-10,退换货,门店,中,22.18,否,3
TK0001272,C001275,O00013537,2025-10-17,安装使用,门店,中,30.44,否,3
TK0001273,C003212,O00013541,2025-12-12,促销规则,在线客服,低,10.18,否,4
TK0001274,C002751,O00013546,2026-06-05,促销规则,电话,中,22.82,否,3
TK0001275,C002914,O00013552,2026-04-24,商品质量,电话,中,2.03,是,5
TK0001276,C002934,O00013563,2025-11-24,促销规则,在线客服,紧急,22.56,否,4
TK0001277,C003063,O00013576,2025-10-06,安装使用,社交媒体,高,10.99,否,5
TK0001278,C003800,O00013580,2025-12-04,商品质量,电话,高,22.51,否,4
TK0001279,C003548,O00013581,2026-02-08,安装使用,社交媒体,中,2.08,是,5
TK0001280,C000348,O00013586,2025-08-15,促销规则,门店,高,1.71,是,4
TK0001281,C003367,O00013594,2026-06-22,退换货,门店,中,34.84,否,3
TK0001282,C003834,O00013595,2026-05-26,促销规则,社交媒体,低,6.74,是,5
TK0001283,C002854,O00013601,2025-10-09,发票支付,电话,高,11.4,否,5
TK0001284,C002798,O00013608,2026-03-19,物流咨询,社交媒体,中,34.92,否,2
TK0001285,C002872,O00013639,2026-05-14,商品质量,电话,中,16.58,否,4
TK0001286,C004165,O00013657,2026-03-11,退换货,门店,中,3.04,是,5
TK0001287,C000477,O00013660,2025-12-05,商品质量,门店,中,5.84,是,5
TK0001288,C003110,O00013666,2026-04-12,退换货,门店,中,35.84,否,2
TK0001289,C004503,O00013669,2026-01-28,退换货,门店,低,2.05,是,5
TK0001290,C000465,O00013698,2026-07-31,促销规则,电话,高,30.03,否,2
TK0001291,C003301,O00013704,2025-09-10,促销规则,在线客服,高,24.7,否,4
TK0001292,C001597,O00013713,2026-06-21,促销规则,在线客服,中,32.9,否,3
TK0001293,C004126,O00013714,2026-05-05,商品质量,社交媒体,紧急,31.56,否,3
TK0001294,C000707,O00013715,2026-05-02,发票支付,门店,低,22.33,否,4
TK0001295,C004975,O00013720,2026-06-12,发票支付,门店,低,16.02,否,4
TK0001296,C002809,O00013739,2026-02-05,物流咨询,电话,高,5.52,是,4
TK0001297,C001716,O00013765,2026-05-11,退换货,社交媒体,中,30.27,否,3
TK0001298,C003002,O00013771,2025-12-12,商品质量,门店,低,24.4,否,4
TK0001299,C004515,O00013797,2025-10-28,物流咨询,在线客服,高,16.06,否,4
TK0001300,C004104,O00013799,2026-02-06,物流咨询,门店,高,10.98,否,5
TK0001301,C001162,O00013800,2025-10-29,退换货,在线客服,中,1.37,是,5
TK0001302,C004697,O00013812,2025-08-27,退换货,门店,低,26.59,否,3
TK0001303,C002400,O00013815,2026-04-12,物流咨询,社交媒体,低,29.3,否,4
TK0001304,C003302,O00013821,2026-03-31,物流咨询,在线客服,低,29.48,否,3
TK0001305,C001246,O00013826,2025-10-14,物流咨询,电话,中,8.74,否,4
TK0001306,C000946,O00013837,2026-06-15,安装使用,社交媒体,中,23.42,否,3
TK0001307,C001961,O00013856,2026-02-10,商品质量,社交媒体,中,19.99,否,4
TK0001308,C003337,O00013858,2026-03-01,促销规则,电话,高,5.83,是,5
TK0001309,C004697,O00013859,2025-12-27,物流咨询,社交媒体,低,21.95,否,4
TK0001310,C000220,O00013865,2025-11-06,物流咨询,社交媒体,中,4.03,是,4
TK0001311,C002702,O00013870,2025-12-31,商品质量,门店,紧急,8.24,否,5
TK0001312,C000490,O00013878,2026-01-24,退换货,社交媒体,低,2.29,是,4
TK0001313,C000523,O00013887,2025-11-10,物流咨询,电话,高,34.03,否,2
TK0001314,C003087,O00013899,2026-03-03,物流咨询,在线客服,中,12.12,否,4
TK0001315,C001764,O00013903,2026-06-12,商品质量,社交媒体,高,11.08,否,5
TK0001316,C004149,O00013910,2026-06-24,退换货,在线客服,中,15.3,否,5
TK0001317,C004868,O00013918,2026-06-09,促销规则,门店,低,33.77,否,3
TK0001318,C002917,O00013931,2025-09-27,发票支付,电话,低,29.34,否,3
TK0001319,C001984,O00013954,2026-02-06,物流咨询,在线客服,高,2.26,是,5
TK0001320,C001108,O00013960,2026-01-25,退换货,在线客服,中,22.44,否,4
TK0001321,C000925,O00013965,2026-04-08,促销规则,电话,中,29.25,否,2
TK0001322,C000151,O00013980,2025-11-10,退换货,电话,中,10.45,否,4
TK0001323,C002770,O00013986,2026-04-03,商品质量,门店,低,5.29,是,4
TK0001324,C002958,O00014001,2026-07-04,物流咨询,门店,高,31.62,否,3
TK0001325,C002912,O00014005,2026-07-01,促销规则,在线客服,中,20.42,否,3
TK0001326,C000947,O00014012,2025-11-10,物流咨询,门店,高,20.25,否,3
TK0001327,C000847,O00014021,2026-02-22,退换货,在线客服,高,27.85,否,3
TK0001328,C001623,O00014033,2026-04-11,物流咨询,门店,中,31.17,否,2
TK0001329,C002940,O00014086,2026-04-03,物流咨询,电话,中,27.38,否,3
TK0001330,C000738,O00014092,2025-09-29,物流咨询,社交媒体,低,6.72,是,5
TK0001331,C000824,O00014100,2025-11-12,物流咨询,电话,中,32.46,否,2
TK0001332,C004430,O00014103,2026-05-31,物流咨询,电话,中,28.65,否,3
TK0001333,C002152,O00014104,2026-04-28,退换货,在线客服,高,19.02,否,4
TK0001334,C004362,O00014107,2025-11-14,物流咨询,在线客服,中,23.58,否,4
TK0001335,C000172,O00014129,2026-07-27,物流咨询,社交媒体,低,24.87,否,4
TK0001336,C000362,O00014161,2025-09-12,退换货,在线客服,低,17.88,否,4
TK0001337,C004810,O00014165,2025-09-09,退换货,社交媒体,低,1.11,是,5
TK0001338,C000683,O00014170,2026-06-09,物流咨询,电话,中,11.83,否,4
TK0001339,C003752,O00014200,2025-09-18,商品质量,电话,高,30.93,否,3
TK0001340,C001542,O00014217,2025-12-12,物流咨询,社交媒体,中,13.64,否,5
TK0001341,C003714,O00014221,2025-10-19,物流咨询,门店,紧急,18.59,否,4
TK0001342,C001120,O00014234,2026-01-27,物流咨询,门店,中,13.62,否,3
TK0001343,C001466,O00014237,2025-08-13,物流咨询,门店,中,9.28,否,5
TK0001344,C004212,O00014243,2025-12-18,退换货,在线客服,中,15.95,否,4
TK0001345,C001250,O00014251,2026-02-07,物流咨询,门店,中,1.06,是,5
TK0001346,C001500,O00014263,2026-07-10,商品质量,电话,低,34.01,否,2
TK0001347,C002670,O00014275,2026-05-19,促销规则,门店,高,24.69,否,3
TK0001348,C000721,O00014315,2025-09-26,物流咨询,门店,低,18.85,否,2
TK0001349,C001701,O00014317,2026-03-18,物流咨询,社交媒体,高,31.76,否,3
TK0001350,C000476,O00014358,2026-02-08,退换货,电话,低,13.13,否,5
TK0001351,C001729,O00014361,2025-11-15,安装使用,电话,中,11.34,否,4
TK0001352,C002512,O00014375,2026-04-01,商品质量,社交媒体,高,12.79,否,4
TK0001353,C000834,O00014385,2026-07-13,促销规则,在线客服,高,32.59,否,2
TK0001354,C004690,O00014389,2025-08-09,退换货,门店,中,4.81,是,4
TK0001355,C004423,O00014397,2026-06-16,商品质量,在线客服,低,6.41,是,5
TK0001356,C001005,O00014403,2025-08-08,促销规则,门店,中,6.42,是,5
TK0001357,C001909,O00014408,2026-05-25,物流咨询,电话,低,5.08,是,4
TK0001358,C002575,O00014416,2026-04-27,安装使用,在线客服,低,9.46,否,5
TK0001359,C004875,O00014418,2025-09-29,安装使用,门店,低,24.58,否,3
TK0001360,C003578,O00014429,2025-12-24,促销规则,电话,低,8.48,否,4
TK0001361,C002940,O00014430,2025-09-05,商品质量,在线客服,中,34.37,否,4
TK0001362,C000571,O00014457,2025-08-11,商品质量,在线客服,低,30.19,否,3
TK0001363,C001149,O00014491,2026-03-20,商品质量,在线客服,低,33.69,否,2
TK0001364,C002168,O00014504,2025-08-24,退换货,在线客服,低,28.0,否,2
TK0001365,C002100,O00014512,2025-11-29,商品质量,社交媒体,中,28.07,否,3
TK0001366,C004036,O00014514,2026-06-20,促销规则,电话,高,24.93,否,4
TK0001367,C001292,O00014532,2025-08-22,物流咨询,社交媒体,低,18.43,否,5
TK0001368,C002803,O00014549,2026-01-23,发票支付,电话,中,1.56,是,5
TK0001369,C004672,O00014552,2026-05-02,商品质量,电话,中,1.05,是,5
TK0001370,C004736,O00014584,2026-04-03,安装使用,电话,中,29.96,否,3
TK0001371,C004314,O00014608,2025-12-24,物流咨询,在线客服,低,20.48,否,3
TK0001372,C001712,O00014633,2025-10-06,商品质量,门店,中,17.46,否,4
TK0001373,C000696,O00014634,2026-05-30,商品质量,社交媒体,高,23.64,否,4
TK0001374,C002409,O00014640,2026-04-18,退换货,电话,低,33.24,否,3
TK0001375,C002826,O00014645,2025-11-20,发票支付,社交媒体,中,12.35,否,5
TK0001376,C004004,O00014650,2026-02-15,退换货,在线客服,中,22.48,否,3
TK0001377,C001554,O00014655,2026-06-25,促销规则,在线客服,低,31.28,否,3
TK0001378,C003943,O00014656,2025-09-17,物流咨询,门店,高,3.36,是,4
TK0001379,C002281,O00014666,2025-11-12,商品质量,在线客服,中,4.45,是,5
TK0001380,C000881,O00014669,2025-09-10,商品质量,电话,高,32.78,否,3
TK0001381,C000934,O00014684,2025-12-23,发票支付,门店,中,14.98,否,4
TK0001382,C001409,O00014697,2026-04-07,商品质量,社交媒体,高,28.47,否,3
TK0001383,C004848,O00014711,2026-05-12,商品质量,门店,中,20.39,否,3
TK0001384,C000193,O00014714,2025-09-22,物流咨询,电话,低,26.6,否,4
TK0001385,C001057,O00014720,2026-02-03,物流咨询,电话,中,32.24,否,2
TK0001386,C000988,O00014731,2026-05-20,商品质量,门店,紧急,16.2,否,4
TK0001387,C001691,O00014734,2025-12-01,退换货,在线客服,中,35.06,否,3
TK0001388,C002975,O00014743,2025-11-26,物流咨询,社交媒体,高,21.49,否,3
TK0001389,C000166,O00014744,2026-04-26,发票支付,门店,高,11.76,否,5
TK0001390,C000366,O00014757,2026-02-15,商品质量,门店,低,35.16,否,3
TK0001391,C001880,O00014760,2026-06-22,商品质量,在线客服,中,21.82,否,4
TK0001392,C003075,O00014791,2025-08-19,退换货,在线客服,低,11.81,否,4
TK0001393,C002851,O00014824,2026-01-04,物流咨询,社交媒体,高,27.5,否,3
TK0001394,C001479,O00014847,2025-09-16,退换货,在线客服,高,30.72,否,3
TK0001395,C000200,O00014858,2026-03-24,物流咨询,门店,中,1.05,是,5
TK0001396,C004421,O00014867,2025-08-29,物流咨询,电话,紧急,18.32,否,3
TK0001397,C003621,O00014870,2025-09-16,物流咨询,社交媒体,低,13.87,否,4
TK0001398,C000213,O00014879,2025-12-04,商品质量,门店,中,33.9,否,4
TK0001399,C004626,O00014892,2025-12-01,安装使用,在线客服,高,31.8,否,3
TK0001400,C000242,O00014932,2026-04-12,商品质量,门店,紧急,31.91,否,3
TK0001401,C004007,O00014965,2025-12-01,物流咨询,社交媒体,低,22.36,否,3
TK0001402,C002439,O00014967,2025-10-28,商品质量,社交媒体,中,4.87,是,5
TK0001403,C002833,O00014971,2025-11-01,物流咨询,社交媒体,中,7.08,是,4
TK0001404,C004726,O00014973,2025-12-11,促销规则,在线客服,中,31.54,否,3
TK0001405,C001700,O00014979,2025-12-11,物流咨询,电话,高,32.19,否,2
TK0001406,C002980,O00014984,2026-03-09,发票支付,在线客服,中,8.36,否,4
TK0001407,C001557,O00014994,2025-11-23,物流咨询,在线客服,中,7.72,是,3
TK0001408,C000796,O00015006,2025-12-28,商品质量,门店,高,24.73,否,4
TK0001409,C004195,O00015022,2026-03-25,退换货,在线客服,低,33.22,否,2
TK0001410,C003997,O00015041,2025-10-30,促销规则,电话,中,34.13,否,2
TK0001411,C002968,O00015042,2025-11-16,促销规则,在线客服,中,1.8,是,5
TK0001412,C002102,O00015047,2025-12-19,促销规则,社交媒体,低,4.86,是,4
TK0001413,C002453,O00015076,2026-06-16,发票支付,门店,紧急,5.73,是,4
TK0001414,C002412,O00015090,2025-12-02,商品质量,社交媒体,高,6.59,是,5
TK0001415,C000106,O00015110,2026-06-23,商品质量,电话,低,26.84,否,3
TK0001416,C003789,O00015121,2025-09-18,物流咨询,电话,中,6.26,是,3
TK0001417,C002793,O00015124,2025-12-15,安装使用,门店,高,20.82,否,4
TK0001418,C000332,O00015155,2026-03-07,物流咨询,社交媒体,高,25.12,否,3
TK0001419,C003882,O00015157,2026-06-18,发票支付,在线客服,高,20.72,否,4
TK0001420,C000695,O00015168,2026-04-09,退换货,门店,中,35.82,否,3
TK0001421,C002079,O00015171,2025-11-13,退换货,在线客服,高,6.59,是,4
TK0001422,C002220,O00015175,2026-02-02,物流咨询,电话,中,2.6,是,5
TK0001423,C002464,O00015186,2025-08-30,物流咨询,在线客服,中,30.35,否,3
TK0001424,C001701,O00015275,2026-06-16,安装使用,社交媒体,低,14.72,否,4
TK0001425,C002682,O00015278,2025-12-09,物流咨询,在线客服,低,22.76,否,2
TK0001426,C000769,O00015281,2026-05-04,退换货,社交媒体,中,35.05,否,4
TK0001427,C000028,O00015324,2025-12-24,退换货,门店,低,14.3,否,4
TK0001428,C004022,O00015325,2025-12-07,促销规则,社交媒体,中,1.8,是,5
TK0001429,C000919,O00015341,2026-03-08,安装使用,电话,中,14.97,否,4
TK0001430,C001087,O00015349,2026-05-28,退换货,门店,中,35.16,否,2
TK0001431,C001837,O00015358,2026-03-24,发票支付,社交媒体,高,23.04,否,4
TK0001432,C004644,O00015396,2026-05-04,安装使用,社交媒体,中,26.91,否,4
TK0001433,C000219,O00015403,2026-07-04,退换货,在线客服,低,10.62,否,4
TK0001434,C004327,O00015415,2026-04-22,退换货,电话,低,29.43,否,3
TK0001435,C002163,O00015421,2026-01-03,物流咨询,电话,中,10.31,否,4
TK0001436,C003994,O00015428,2026-03-25,商品质量,社交媒体,中,32.24,否,3
TK0001437,C002520,O00015439,2026-07-06,促销规则,社交媒体,中,18.73,否,3
TK0001438,C002611,O00015452,2025-11-15,物流咨询,在线客服,中,25.87,否,3
TK0001439,C002584,O00015482,2026-01-28,安装使用,电话,中,33.92,否,4
TK0001440,C002567,O00015491,2026-04-18,物流咨询,门店,中,24.67,否,3
TK0001441,C004750,O00015493,2026-01-25,商品质量,社交媒体,高,11.0,否,4
TK0001442,C000914,O00015501,2025-09-09,安装使用,门店,中,15.41,否,5
TK0001443,C002932,O00015504,2025-10-16,物流咨询,在线客服,高,29.29,否,4
TK0001444,C000687,O00015505,2025-11-08,物流咨询,门店,高,33.01,否,2
TK0001445,C001990,O00015507,2026-02-07,安装使用,电话,高,12.09,否,3
TK0001446,C002266,O00015529,2025-08-05,物流咨询,电话,中,21.44,否,3
TK0001447,C001940,O00015538,2026-05-15,退换货,门店,高,17.71,否,4
TK0001448,C001449,O00015543,2026-05-28,商品质量,电话,中,2.83,是,4
TK0001449,C003403,O00015565,2026-03-13,物流咨询,门店,中,19.78,否,4
TK0001450,C003042,O00015570,2025-12-31,物流咨询,电话,高,28.94,否,3
TK0001451,C003975,O00015572,2025-09-16,物流咨询,电话,高,9.25,否,4
TK0001452,C000937,O00015599,2025-09-11,物流咨询,在线客服,高,17.99,否,4
TK0001453,C003063,O00015605,2026-02-28,退换货,门店,低,7.72,是,3
TK0001454,C004968,O00015615,2026-07-07,促销规则,门店,低,30.88,否,2
TK0001455,C003856,O00015628,2026-04-01,发票支付,门店,低,33.98,否,2
TK0001456,C003585,O00015643,2025-12-14,商品质量,电话,紧急,3.21,是,5
TK0001457,C000268,O00015656,2026-07-15,安装使用,门店,中,4.33,是,5
TK0001458,C002083,O00015660,2025-12-13,物流咨询,社交媒体,中,8.61,否,4
TK0001459,C003461,O00015680,2025-09-12,退换货,社交媒体,低,7.71,是,5
TK0001460,C001810,O00015706,2025-10-31,物流咨询,社交媒体,高,33.7,否,2
TK0001461,C003235,O00015723,2026-06-19,物流咨询,社交媒体,中,7.32,是,4
TK0001462,C001679,O00015729,2026-06-18,物流咨询,门店,高,9.62,否,4
TK0001463,C000123,O00015747,2025-10-19,商品质量,社交媒体,低,6.24,是,4
TK0001464,C003259,O00015751,2026-05-04,安装使用,在线客服,中,23.65,否,3
TK0001465,C001138,O00015768,2025-11-09,安装使用,在线客服,中,21.75,否,3
TK0001466,C000835,O00015783,2026-03-19,物流咨询,门店,中,26.56,否,3
TK0001467,C001027,O00015790,2026-04-26,商品质量,电话,中,16.23,否,4
TK0001468,C002096,O00015803,2026-05-02,促销规则,在线客服,中,14.75,否,4
TK0001469,C004042,O00015806,2025-12-28,物流咨询,在线客服,中,11.58,否,5
TK0001470,C000711,O00015874,2026-04-21,退换货,门店,低,19.06,否,5
TK0001471,C001936,O00015882,2026-06-03,退换货,门店,低,16.44,否,4
TK0001472,C000869,O00015897,2026-08-04,促销规则,社交媒体,低,1.09,是,5
TK0001473,C000652,O00015940,2026-06-09,物流咨询,电话,低,13.49,否,4
TK0001474,C001127,O00015974,2025-10-12,安装使用,在线客服,高,22.41,否,4
TK0001475,C004012,O00015985,2026-03-26,促销规则,电话,低,25.86,否,3
TK0001476,C004100,O00015987,2026-03-25,安装使用,电话,低,8.69,否,5
TK0001477,C003134,O00015989,2025-12-25,发票支付,在线客服,中,14.25,否,3
TK0001478,C001904,O00015990,2025-10-15,物流咨询,在线客服,中,11.94,否,4
TK0001479,C001007,O00016005,2025-09-19,商品质量,社交媒体,中,12.92,否,4
TK0001480,C004374,O00016012,2026-05-22,促销规则,电话,高,24.14,否,4
TK0001481,C003827,O00016014,2026-04-13,物流咨询,在线客服,高,22.85,否,3
TK0001482,C004065,O00016032,2026-07-27,退换货,电话,中,35.83,否,3
TK0001483,C000133,O00016074,2026-03-29,安装使用,门店,中,5.81,是,5
TK0001484,C003990,O00016081,2025-10-18,促销规则,门店,低,6.76,是,3
TK0001485,C004032,O00016090,2025-11-24,退换货,社交媒体,中,35.29,否,3
TK0001486,C000545,O00016093,2025-10-18,物流咨询,门店,低,32.84,否,4
TK0001487,C002810,O00016150,2026-03-25,退换货,社交媒体,中,4.22,是,5
TK0001488,C000274,O00016169,2026-04-20,商品质量,门店,低,30.31,否,3
TK0001489,C004797,O00016179,2026-01-09,商品质量,在线客服,中,29.58,否,3
TK0001490,C003791,O00016213,2025-09-27,促销规则,在线客服,高,13.63,否,4
TK0001491,C001621,O00016217,2025-10-26,物流咨询,电话,低,14.11,否,4
TK0001492,C004188,O00016231,2026-07-21,商品质量,门店,中,5.54,是,5
TK0001493,C000989,O00016236,2026-03-18,安装使用,社交媒体,低,31.34,否,3
TK0001494,C002180,O00016244,2026-02-10,促销规则,在线客服,低,13.66,否,4
TK0001495,C002350,O00016254,2026-07-07,退换货,门店,中,15.89,否,4
TK0001496,C004253,O00016260,2025-11-29,物流咨询,在线客服,低,7.63,是,4
TK0001497,C000740,O00016262,2026-01-18,商品质量,门店,低,35.96,否,3
TK0001498,C002618,O00016269,2026-07-01,促销规则,在线客服,低,2.46,是,5
TK0001499,C003993,O00016296,2026-07-22,退换货,电话,中,1.9,是,5
TK0001500,C001900,O00016307,2025-09-09,商品质量,电话,中,13.97,否,5
TK0001501,C002025,O00016310,2025-10-27,商品质量,社交媒体,低,1.73,是,5
TK0001502,C001633,O00016317,2026-06-05,发票支付,门店,中,27.2,否,4
TK0001503,C002470,O00016332,2026-02-14,物流咨询,在线客服,低,13.39,否,4
TK0001504,C002242,O00016347,2025-09-07,退换货,门店,中,26.28,否,4
TK0001505,C001151,O00016386,2026-01-31,退换货,在线客服,低,27.17,否,4
TK0001506,C004354,O00016389,2025-09-30,商品质量,社交媒体,高,7.36,是,4
TK0001507,C003934,O00016393,2026-04-23,促销规则,电话,高,32.72,否,3
TK0001508,C003346,O00016395,2025-12-12,物流咨询,在线客服,紧急,22.89,否,4
TK0001509,C000590,O00016397,2026-07-18,促销规则,社交媒体,紧急,27.67,否,4
TK0001510,C004741,O00016404,2026-06-12,促销规则,门店,中,1.56,是,4
TK0001511,C000545,O00016408,2025-12-18,安装使用,电话,中,30.06,否,3
TK0001512,C000946,O00016413,2025-10-31,发票支付,门店,低,16.32,否,4
TK0001513,C001941,O00016415,2026-01-13,商品质量,社交媒体,低,28.3,否,4
TK0001514,C002858,O00016422,2026-05-28,安装使用,门店,高,16.96,否,5
TK0001515,C004152,O00016450,2026-01-18,商品质量,门店,高,4.31,是,4
TK0001516,C003503,O00016451,2026-01-01,商品质量,门店,高,9.32,否,5
TK0001517,C001813,O00016465,2025-11-19,物流咨询,门店,高,35.44,否,2
TK0001518,C001334,O00016468,2025-09-29,物流咨询,社交媒体,低,23.9,否,4
TK0001519,C004945,O00016472,2025-11-30,促销规则,在线客服,中,26.59,否,2
TK0001520,C004307,O00016488,2026-05-26,发票支付,电话,低,15.07,否,4
TK0001521,C004660,O00016498,2026-04-18,物流咨询,社交媒体,低,26.55,否,3
TK0001522,C004891,O00016504,2026-05-04,商品质量,社交媒体,中,29.6,否,3
TK0001523,C001024,O00016521,2025-12-02,物流咨询,门店,中,6.85,是,4
TK0001524,C003643,O00016525,2026-01-17,商品质量,在线客服,中,5.24,是,4
TK0001525,C003166,O00016531,2026-02-02,物流咨询,电话,中,8.93,否,5
TK0001526,C002079,O00016558,2026-05-27,商品质量,社交媒体,中,4.15,是,4
TK0001527,C003589,O00016564,2026-01-15,商品质量,电话,中,9.85,否,5
TK0001528,C001177,O00016570,2026-03-04,发票支付,门店,高,7.46,是,5
TK0001529,C003930,O00016571,2026-03-13,安装使用,社交媒体,低,2.46,是,5
TK0001530,C000944,O00016586,2026-02-10,物流咨询,社交媒体,中,31.34,否,4
TK0001531,C002880,O00016591,2026-05-03,商品质量,在线客服,中,31.25,否,3
TK0001532,C000719,O00016592,2025-11-27,退换货,在线客服,高,18.14,否,3
TK0001533,C004134,O00016603,2025-08-26,发票支付,门店,紧急,5.86,是,4
TK0001534,C000917,O00016604,2026-01-11,促销规则,社交媒体,低,27.03,否,3
TK0001535,C001230,O00016608,2025-10-09,安装使用,在线客服,中,22.17,否,4
TK0001536,C002480,O00016620,2025-09-14,物流咨询,电话,中,35.54,否,3
TK0001537,C001932,O00016621,2025-12-18,退换货,电话,紧急,8.59,否,4
TK0001538,C004097,O00016626,2026-07-26,安装使用,社交媒体,高,34.17,否,3
TK0001539,C002224,O00016633,2026-04-19,退换货,社交媒体,低,30.22,否,3
TK0001540,C002217,O00016636,2026-05-01,商品质量,门店,低,28.72,否,3
TK0001541,C002776,O00016646,2025-10-23,物流咨询,门店,低,23.84,否,3
TK0001542,C002471,O00016660,2025-08-08,物流咨询,社交媒体,低,11.21,否,4
TK0001543,C002693,O00016685,2025-08-26,发票支付,社交媒体,低,10.98,否,5
TK0001544,C003814,O00016694,2025-11-08,商品质量,在线客服,高,28.1,否,4
TK0001545,C002345,O00016701,2025-09-27,物流咨询,在线客服,低,24.05,否,4
TK0001546,C002718,O00016714,2026-03-26,物流咨询,电话,高,15.61,否,5
TK0001547,C003830,O00016717,2025-10-06,促销规则,在线客服,高,25.48,否,3
TK0001548,C000248,O00016724,2025-11-27,商品质量,社交媒体,中,30.08,否,3
TK0001549,C003574,O00016726,2026-07-04,商品质量,门店,低,35.8,否,3
TK0001550,C001060,O00016743,2025-09-28,安装使用,社交媒体,中,18.61,否,4
TK0001551,C000064,O00016757,2026-05-16,促销规则,门店,低,33.28,否,4
TK0001552,C001383,O00016760,2026-06-16,退换货,社交媒体,高,8.28,否,5
TK0001553,C003141,O00016784,2026-04-21,安装使用,电话,中,28.24,否,4
TK0001554,C001920,O00016792,2025-11-01,物流咨询,电话,中,20.93,否,4
TK0001555,C004434,O00016793,2025-12-16,发票支付,社交媒体,低,29.22,否,2
TK0001556,C003529,O00016807,2026-07-01,发票支付,社交媒体,中,13.02,否,4
TK0001557,C000649,O00016832,2025-11-29,安装使用,在线客服,中,9.0,否,4
TK0001558,C003205,O00016834,2026-06-17,物流咨询,社交媒体,高,17.71,否,4
TK0001559,C000628,O00016855,2026-03-04,物流咨询,门店,中,34.97,否,2
TK0001560,C003286,O00016861,2026-03-08,促销规则,社交媒体,中,14.41,否,5
TK0001561,C003581,O00016864,2026-06-07,促销规则,门店,高,10.97,否,5
TK0001562,C003395,O00016866,2026-02-18,商品质量,门店,中,6.22,是,4
TK0001563,C000882,O00016879,2026-07-01,商品质量,在线客服,低,13.66,否,4
TK0001564,C000768,O00016891,2025-11-21,退换货,电话,中,13.17,否,4
TK0001565,C000465,O00016899,2025-11-13,促销规则,电话,中,10.64,否,4
TK0001566,C004176,O00016900,2026-02-21,物流咨询,电话,中,4.64,是,4
TK0001567,C002250,O00016910,2026-06-29,安装使用,在线客服,紧急,2.22,是,5
TK0001568,C003141,O00016922,2026-08-05,商品质量,在线客服,中,11.58,否,4
TK0001569,C002480,O00016928,2026-07-15,安装使用,在线客服,中,21.43,否,4
TK0001570,C003691,O00016931,2026-06-01,商品质量,电话,中,19.8,否,5
TK0001571,C002809,O00016933,2026-04-14,物流咨询,在线客服,高,17.88,否,4
TK0001572,C003153,O00016950,2026-01-20,物流咨询,在线客服,高,17.25,否,4
TK0001573,C003536,O00016956,2026-05-09,商品质量,门店,高,20.83,否,4
TK0001574,C003273,O00016966,2026-06-21,安装使用,在线客服,低,19.63,否,5
TK0001575,C000758,O00016968,2026-05-09,物流咨询,门店,低,1.17,是,4
TK0001576,C000734,O00016972,2025-10-24,安装使用,门店,高,19.55,否,4
TK0001577,C004794,O00016974,2026-01-06,安装使用,门店,中,33.1,否,4
TK0001578,C001646,O00016977,2026-06-19,物流咨询,在线客服,低,18.84,否,3
TK0001579,C001634,O00016980,2026-04-23,物流咨询,门店,中,22.33,否,4
TK0001580,C000324,O00016988,2025-09-28,安装使用,社交媒体,紧急,21.43,否,4
TK0001581,C003586,O00016999,2025-12-02,物流咨询,社交媒体,中,23.57,否,2
TK0001582,C003926,O00017023,2025-09-18,安装使用,电话,低,35.38,否,2
TK0001583,C002038,O00017032,2026-03-24,物流咨询,门店,低,22.99,否,3
TK0001584,C000461,O00017051,2026-05-05,退换货,电话,中,26.83,否,4
TK0001585,C003925,O00017052,2026-05-20,促销规则,在线客服,中,16.13,否,4
TK0001586,C004031,O00017061,2026-06-03,商品质量,电话,中,1.74,是,5
TK0001587,C000208,O00017066,2025-11-14,商品质量,门店,中,18.1,否,5
TK0001588,C001140,O00017067,2026-04-10,促销规则,社交媒体,低,20.45,否,4
TK0001589,C000178,O00017078,2026-05-23,商品质量,电话,中,30.25,否,4
TK0001590,C002506,O00017080,2025-12-10,商品质量,在线客服,低,12.26,否,4
TK0001591,C004598,O00017082,2025-09-19,物流咨询,社交媒体,中,34.71,否,2
TK0001592,C000500,O00017084,2025-09-19,物流咨询,门店,中,31.11,否,3
TK0001593,C004970,O00017091,2026-04-19,物流咨询,在线客服,高,13.92,否,3
TK0001594,C002904,O00017092,2025-11-25,安装使用,社交媒体,中,17.18,否,4
TK0001595,C003820,O00017105,2026-02-05,物流咨询,电话,中,28.55,否,3
TK0001596,C000915,O00017122,2026-05-16,物流咨询,门店,低,16.75,否,4
TK0001597,C004185,O00017130,2026-03-29,退换货,在线客服,中,5.98,是,5
TK0001598,C004104,O00017140,2025-11-23,商品质量,门店,低,1.35,是,5
TK0001599,C002558,O00017144,2026-06-16,促销规则,门店,中,7.74,是,5
TK0001600,C002589,O00017146,2026-02-05,商品质量,电话,低,15.82,否,4
TK0001601,C002213,O00017181,2026-06-01,商品质量,在线客服,高,26.29,否,3
TK0001602,C001894,O00017182,2026-05-25,物流咨询,在线客服,低,18.12,否,3
TK0001603,C002625,O00017204,2025-12-16,商品质量,电话,中,22.2,否,4
TK0001604,C000896,O00017208,2026-02-03,商品质量,门店,中,10.08,否,4
TK0001605,C002345,O00017210,2026-02-22,商品质量,电话,高,3.1,是,5
TK0001606,C003930,O00017212,2025-10-06,促销规则,门店,低,1.82,是,5
TK0001607,C003270,O00017217,2026-03-28,安装使用,社交媒体,紧急,10.08,否,5
TK0001608,C004039,O00017232,2026-03-25,促销规则,电话,低,2.18,是,4
TK0001609,C004265,O00017236,2026-01-23,物流咨询,在线客服,中,34.38,否,3
TK0001610,C004326,O00017239,2026-02-13,发票支付,社交媒体,低,21.9,否,4
TK0001611,C002697,O00017240,2025-12-03,安装使用,门店,高,29.66,否,3
TK0001612,C002757,O00017249,2025-12-12,物流咨询,社交媒体,低,8.55,否,5
TK0001613,C003069,O00017250,2025-12-09,促销规则,电话,中,4.08,是,5
TK0001614,C004316,O00017259,2025-12-10,物流咨询,电话,低,16.44,否,5
TK0001615,C001947,O00017261,2026-07-15,发票支付,门店,高,16.03,否,4
TK0001616,C000062,O00017305,2026-07-23,物流咨询,电话,高,11.99,否,4
TK0001617,C004755,O00017322,2026-01-28,退换货,在线客服,中,1.68,是,4
TK0001618,C001380,O00017328,2025-12-31,物流咨询,社交媒体,高,1.44,是,4
TK0001619,C001930,O00017348,2025-10-25,安装使用,电话,高,12.9,否,5
TK0001620,C000540,O00017365,2026-05-02,退换货,社交媒体,低,31.0,否,3
TK0001621,C001193,O00017401,2026-03-09,促销规则,电话,低,34.14,否,3
TK0001622,C003167,O00017412,2026-03-19,物流咨询,在线客服,高,7.62,是,4
TK0001623,C002976,O00017436,2025-08-23,安装使用,电话,中,14.45,否,4
TK0001624,C004405,O00017448,2025-12-19,物流咨询,电话,中,31.72,否,3
TK0001625,C003000,O00017453,2026-06-02,商品质量,门店,高,27.7,否,3
TK0001626,C004764,O00017458,2025-08-31,商品质量,门店,中,13.24,否,4
TK0001627,C001092,O00017465,2026-07-19,物流咨询,社交媒体,低,24.86,否,4
TK0001628,C004948,O00017475,2026-02-09,安装使用,门店,低,17.77,否,3
TK0001629,C003070,O00017483,2026-05-15,安装使用,社交媒体,低,30.12,否,3
TK0001630,C001049,O00017493,2026-06-27,物流咨询,电话,中,5.48,是,5
TK0001631,C002753,O00017500,2026-02-25,物流咨询,电话,中,25.97,否,4
TK0001632,C003403,O00017507,2025-11-01,商品质量,社交媒体,低,7.9,是,4
TK0001633,C002953,O00017511,2026-01-02,安装使用,门店,低,14.35,否,4
TK0001634,C003389,O00017514,2026-06-27,物流咨询,在线客服,低,35.16,否,2
TK0001635,C000608,O00017519,2026-02-03,安装使用,在线客服,中,24.48,否,3
TK0001636,C001255,O00017531,2026-06-29,退换货,社交媒体,紧急,25.42,否,4
TK0001637,C000204,O00017562,2025-10-10,物流咨询,门店,中,11.83,否,4
TK0001638,C003894,O00017564,2025-09-08,安装使用,门店,中,15.86,否,4
TK0001639,C000540,O00017568,2026-04-19,安装使用,电话,低,32.5,否,3
TK0001640,C000500,O00017578,2026-07-10,商品质量,在线客服,中,29.39,否,4
TK0001641,C001113,O00017585,2026-06-16,退换货,门店,低,18.37,否,4
TK0001642,C000185,O00017590,2026-06-29,促销规则,社交媒体,高,29.53,否,3
TK0001643,C001159,O00017603,2026-04-29,退换货,社交媒体,低,7.92,是,5
TK0001644,C004804,O00017605,2025-10-08,退换货,社交媒体,中,7.12,是,4
TK0001645,C004895,O00017644,2025-10-03,商品质量,门店,低,14.42,否,5
TK0001646,C002437,O00017649,2026-02-03,物流咨询,在线客服,中,34.49,否,4
TK0001647,C003191,O00017651,2025-11-20,退换货,电话,高,6.72,是,5
TK0001648,C003976,O00017653,2025-10-12,物流咨询,电话,中,21.32,否,3
TK0001649,C003457,O00017673,2026-06-24,物流咨询,电话,中,11.08,否,4
TK0001650,C004617,O00017676,2025-08-19,促销规则,社交媒体,高,35.69,否,3
TK0001651,C000989,O00017699,2026-04-07,安装使用,电话,低,32.79,否,4
TK0001652,C000362,O00017700,2025-08-15,商品质量,社交媒体,中,28.33,否,3
TK0001653,C001416,O00017705,2026-07-25,物流咨询,在线客服,中,13.56,否,4
TK0001654,C001368,O00017717,2026-02-13,退换货,电话,中,24.35,否,3
TK0001655,C002890,O00017722,2026-01-05,促销规则,社交媒体,高,23.9,否,3
TK0001656,C001486,O00017724,2025-10-31,商品质量,社交媒体,高,7.98,是,4
TK0001657,C001667,O00017735,2025-08-06,安装使用,电话,中,3.2,是,5
TK0001658,C001598,O00017742,2026-02-08,物流咨询,门店,中,15.77,否,4
TK0001659,C000442,O00017753,2026-07-19,物流咨询,门店,低,16.61,否,3
TK0001660,C004476,O00017758,2026-06-12,商品质量,在线客服,中,16.7,否,3
TK0001661,C000802,O00017778,2025-12-09,物流咨询,门店,中,15.39,否,4
TK0001662,C001694,O00017786,2025-11-09,促销规则,门店,高,2.66,是,5
TK0001663,C004817,O00017805,2025-09-24,物流咨询,电话,低,35.82,否,2
TK0001664,C001138,O00017880,2026-01-21,物流咨询,在线客服,紧急,30.52,否,4
TK0001665,C001276,O00017886,2025-11-19,商品质量,门店,中,11.06,否,5
TK0001666,C002250,O00017895,2025-09-24,商品质量,社交媒体,高,24.39,否,4
TK0001667,C002498,O00017896,2026-05-26,促销规则,在线客服,高,29.18,否,3
TK0001668,C004975,O00017899,2026-06-18,物流咨询,门店,低,18.96,否,3
TK0001669,C004660,O00017901,2026-06-02,物流咨询,社交媒体,低,14.85,否,4
TK0001670,C000194,O00017902,2026-03-17,安装使用,门店,低,6.88,是,4
TK0001671,C000857,O00017910,2025-10-13,促销规则,电话,低,4.67,是,4
TK0001672,C004607,O00017932,2026-06-03,物流咨询,电话,中,6.01,是,5
TK0001673,C001006,O00017942,2026-04-05,发票支付,在线客服,中,20.07,否,4
TK0001674,C002917,O00017953,2026-02-26,促销规则,社交媒体,中,8.78,否,4
TK0001675,C000863,O00017957,2025-09-08,促销规则,社交媒体,高,35.21,否,4
TK0001676,C001056,O00017958,2026-02-02,物流咨询,门店,中,4.13,是,4
TK0001677,C002998,O00017959,2025-11-21,发票支付,社交媒体,低,31.44,否,3
TK0001678,C002259,O00017968,2026-02-12,商品质量,电话,中,31.2,否,2
TK0001679,C003119,O00017970,2026-06-09,退换货,在线客服,紧急,6.55,是,4
TK0001680,C004047,O00017985,2025-10-17,物流咨询,门店,低,34.75,否,2
TK0001681,C004776,O00017995,2025-11-14,物流咨询,电话,高,29.97,否,3
TK0001682,C000055,O00017997,2026-02-21,促销规则,社交媒体,低,21.35,否,4
TK0001683,C000475,O00017998,2026-01-13,安装使用,门店,高,34.79,否,3
TK0001684,C001812,O00018005,2026-03-10,退换货,门店,中,2.16,是,5
TK0001685,C003572,O00018012,2026-05-12,安装使用,门店,低,1.45,是,5
TK0001686,C004291,O00018013,2026-07-23,退换货,社交媒体,高,21.89,否,3
TK0001687,C004594,O00018016,2025-11-23,商品质量,在线客服,中,28.82,否,3
TK0001688,C004370,O00018025,2025-12-15,物流咨询,在线客服,中,34.7,否,2
TK0001689,C000727,O00018031,2026-04-10,安装使用,电话,中,16.97,否,4
TK0001690,C002749,O00018046,2025-11-17,物流咨询,在线客服,紧急,22.67,否,3
TK0001691,C002370,O00018048,2026-05-03,退换货,门店,低,8.72,否,5
TK0001692,C000738,O00018053,2026-04-09,促销规则,电话,中,34.09,否,4
TK0001693,C004993,O00018080,2025-11-03,发票支付,社交媒体,低,14.54,否,3
TK0001694,C001469,O00018088,2026-03-01,物流咨询,门店,紧急,13.93,否,3
TK0001695,C003005,O00018095,2026-05-20,退换货,社交媒体,中,21.17,否,4
TK0001696,C003646,O00018118,2026-07-26,促销规则,社交媒体,中,28.2,否,4
TK0001697,C001021,O00018122,2026-06-05,物流咨询,门店,中,8.46,否,5
TK0001698,C001541,O00018135,2026-07-03,促销规则,社交媒体,中,17.11,否,4
TK0001699,C003934,O00018141,2026-06-19,发票支付,门店,紧急,21.71,否,4
TK0001700,C000356,O00018151,2026-03-01,物流咨询,社交媒体,低,4.19,是,5
TK0001701,C003110,O00018156,2025-10-23,安装使用,电话,低,31.76,否,4
TK0001702,C002000,O00018157,2025-10-04,物流咨询,电话,高,33.85,否,2
TK0001703,C003396,O00018189,2025-12-18,商品质量,社交媒体,低,29.84,否,4
TK0001704,C001922,O00018201,2026-07-06,物流咨询,门店,中,5.58,是,5
TK0001705,C001071,O00018211,2025-09-26,物流咨询,在线客服,低,33.3,否,3
TK0001706,C004563,O00018220,2025-12-01,安装使用,电话,高,3.78,是,4
TK0001707,C002863,O00018223,2026-02-26,促销规则,社交媒体,低,26.01,否,4
TK0001708,C001516,O00018237,2026-01-05,物流咨询,电话,中,18.81,否,4
TK0001709,C002571,O00018239,2025-12-26,促销规则,社交媒体,紧急,11.47,否,4
TK0001710,C004490,O00018251,2026-07-21,物流咨询,电话,中,8.46,否,5
TK0001711,C000538,O00018254,2026-04-21,物流咨询,电话,中,14.45,否,5
TK0001712,C004548,O00018261,2026-02-09,物流咨询,社交媒体,中,5.33,是,5
TK0001713,C002923,O00018276,2026-05-03,物流咨询,电话,低,34.73,否,3
TK0001714,C003712,O00018282,2025-08-21,物流咨询,社交媒体,中,30.25,否,2
TK0001715,C000288,O00018310,2026-04-24,物流咨询,社交媒体,中,31.8,否,1
TK0001716,C003820,O00018325,2026-07-16,物流咨询,门店,高,26.59,否,3
TK0001717,C001700,O00018331,2026-05-18,退换货,在线客服,低,1.68,是,4
TK0001718,C002224,O00018334,2026-06-13,退换货,在线客服,中,33.53,否,3
TK0001719,C004012,O00018344,2025-08-06,物流咨询,电话,低,24.15,否,3
TK0001720,C001976,O00018359,2025-10-07,物流咨询,电话,低,21.39,否,4
TK0001721,C004090,O00018362,2026-06-28,退换货,在线客服,中,29.7,否,4
TK0001722,C001413,O00018363,2026-01-08,物流咨询,在线客服,高,17.49,否,4
TK0001723,C000171,O00018367,2026-04-28,物流咨询,门店,中,33.68,否,3
TK0001724,C003772,O00018384,2026-05-05,物流咨询,在线客服,中,33.01,否,2
TK0001725,C001406,O00018396,2026-07-21,物流咨询,在线客服,低,28.87,否,3
TK0001726,C001069,O00018400,2025-12-23,物流咨询,门店,高,1.49,是,4
TK0001727,C001732,O00018405,2025-12-23,安装使用,门店,低,6.57,是,4
TK0001728,C001962,O00018408,2025-11-12,促销规则,电话,紧急,7.81,是,4
TK0001729,C003019,O00018449,2026-07-03,促销规则,门店,中,17.22,否,4
TK0001730,C000970,O00018457,2026-07-01,安装使用,电话,高,11.97,否,4
TK0001731,C000602,O00018463,2026-04-17,商品质量,在线客服,中,24.77,否,4
TK0001732,C000662,O00018471,2026-03-18,商品质量,社交媒体,中,10.85,否,5
TK0001733,C000015,O00018481,2026-06-29,退换货,社交媒体,高,17.21,否,5
TK0001734,C002330,O00018496,2026-06-04,安装使用,电话,低,8.57,否,4
TK0001735,C003930,O00018505,2025-09-21,退换货,社交媒体,低,5.76,是,5
TK0001736,C000262,O00018507,2025-10-08,退换货,门店,低,27.15,否,3
TK0001737,C000363,O00018517,2026-06-30,商品质量,门店,高,19.35,否,4
TK0001738,C001883,O00018527,2026-03-29,发票支付,社交媒体,高,26.35,否,3
TK0001739,C003133,O00018537,2026-01-08,物流咨询,社交媒体,中,32.93,否,2
TK0001740,C003042,O00018548,2026-06-05,退换货,在线客服,低,10.19,否,5
TK0001741,C002549,O00018553,2025-08-30,物流咨询,门店,中,28.02,否,3
TK0001742,C002623,O00018564,2026-03-26,物流咨询,社交媒体,低,14.2,否,4
TK0001743,C003910,O00018583,2025-12-25,物流咨询,电话,中,15.62,否,4
TK0001744,C000862,O00018602,2026-04-14,物流咨询,门店,低,3.92,是,3
TK0001745,C002930,O00018634,2026-05-10,退换货,门店,低,9.49,否,4
TK0001746,C004966,O00018663,2026-02-20,退换货,在线客服,高,19.35,否,3
TK0001747,C000232,O00018669,2025-09-08,商品质量,电话,中,35.91,否,1
TK0001748,C003295,O00018683,2026-01-12,物流咨询,社交媒体,中,34.98,否,2
TK0001749,C000898,O00018698,2026-05-23,商品质量,在线客服,低,31.41,否,3
TK0001750,C003332,O00018704,2025-10-13,商品质量,电话,低,14.67,否,4
TK0001751,C002004,O00018715,2026-07-17,物流咨询,在线客服,高,34.36,否,3
TK0001752,C004863,O00018716,2026-05-31,安装使用,门店,低,20.56,否,4
TK0001753,C000813,O00018723,2026-05-14,物流咨询,社交媒体,高,6.12,是,4
TK0001754,C003138,O00018726,2025-11-18,物流咨询,电话,高,24.99,否,3
TK0001755,C002357,O00018727,2025-12-08,安装使用,电话,低,23.89,否,4
TK0001756,C001016,O00018736,2026-07-31,商品质量,在线客服,高,4.93,是,4
TK0001757,C004754,O00018753,2025-12-23,物流咨询,电话,中,7.84,是,4
TK0001758,C000555,O00018759,2025-12-14,物流咨询,电话,紧急,35.24,否,3
TK0001759,C001255,O00018780,2025-12-10,退换货,社交媒体,高,10.98,否,4
TK0001760,C002440,O00018782,2025-09-06,退换货,在线客服,中,13.72,否,5
TK0001761,C000807,O00018784,2026-01-05,商品质量,在线客服,中,22.03,否,4
TK0001762,C000303,O00018793,2025-08-14,商品质量,在线客服,低,16.42,否,5
TK0001763,C000900,O00018822,2025-10-01,促销规则,在线客服,中,4.49,是,5
TK0001764,C001571,O00018840,2025-10-26,商品质量,社交媒体,中,10.96,否,4
TK0001765,C004690,O00018843,2025-11-14,安装使用,社交媒体,中,17.79,否,5
TK0001766,C000983,O00018849,2026-04-21,促销规则,在线客服,低,23.05,否,4
TK0001767,C002696,O00018870,2026-06-19,安装使用,门店,中,1.62,是,5
TK0001768,C003091,O00018924,2026-06-11,物流咨询,门店,高,24.57,否,2
TK0001769,C002244,O00018926,2025-10-19,安装使用,在线客服,中,13.95,否,3
TK0001770,C002032,O00018932,2026-03-13,物流咨询,在线客服,高,7.31,是,4
TK0001771,C000432,O00018941,2026-05-12,退换货,在线客服,高,28.11,否,2
TK0001772,C002074,O00018943,2026-02-10,促销规则,在线客服,高,15.48,否,4
TK0001773,C000814,O00018952,2025-12-02,物流咨询,社交媒体,中,21.68,否,3
TK0001774,C000852,O00018957,2026-04-13,退换货,社交媒体,中,1.61,是,5
TK0001775,C000857,O00018964,2025-10-04,物流咨询,电话,中,4.56,是,4
TK0001776,C002798,O00018983,2025-11-16,物流咨询,电话,中,22.0,否,3
TK0001777,C002314,O00018995,2026-02-24,物流咨询,在线客服,低,25.93,否,3
TK0001778,C001559,O00019001,2026-04-20,发票支付,门店,高,35.9,否,2
TK0001779,C003933,O00019003,2025-11-29,物流咨询,在线客服,中,26.83,否,3
TK0001780,C001545,O00019010,2025-10-27,商品质量,在线客服,高,8.54,否,4
TK0001781,C001956,O00019015,2026-06-30,物流咨询,在线客服,低,1.57,是,5
TK0001782,C002178,O00019024,2026-02-22,商品质量,门店,低,15.12,否,4
TK0001783,C001089,O00019028,2025-12-29,物流咨询,社交媒体,中,5.93,是,5
TK0001784,C001895,O00019030,2026-07-06,促销规则,社交媒体,中,24.94,否,3
TK0001785,C001410,O00019033,2026-05-22,物流咨询,门店,高,21.45,否,4
TK0001786,C004405,O00019038,2025-08-31,商品质量,电话,高,9.93,否,5
TK0001787,C000865,O00019059,2025-10-06,安装使用,电话,中,22.1,否,4
TK0001788,C001647,O00019079,2025-10-15,退换货,社交媒体,高,16.46,否,4
TK0001789,C003042,O00019082,2026-04-18,退换货,电话,中,35.63,否,2
TK0001790,C000607,O00019085,2026-04-18,退换货,门店,低,4.49,是,4
TK0001791,C001149,O00019087,2025-10-08,商品质量,社交媒体,中,14.6,否,5
TK0001792,C002917,O00019096,2026-06-15,物流咨询,电话,中,31.39,否,3
TK0001793,C003911,O00019107,2026-05-10,物流咨询,电话,高,2.95,是,4
TK0001794,C000146,O00019117,2025-12-04,商品质量,门店,低,5.52,是,4
TK0001795,C000348,O00019119,2025-08-26,物流咨询,社交媒体,低,21.03,否,3
TK0001796,C003664,O00019135,2026-01-07,退换货,在线客服,中,32.4,否,2
TK0001797,C000767,O00019147,2026-05-15,退换货,社交媒体,中,9.24,否,5
TK0001798,C003507,O00019149,2025-11-22,退换货,电话,低,16.33,否,4
TK0001799,C004907,O00019157,2026-04-04,促销规则,在线客服,低,4.53,是,5
TK0001800,C001200,O00019159,2025-09-25,退换货,在线客服,紧急,17.39,否,4
TK0001801,C002195,O00019168,2025-11-16,退换货,门店,中,21.73,否,4
TK0001802,C000636,O00019199,2025-08-23,物流咨询,社交媒体,中,20.32,否,4
TK0001803,C001733,O00019207,2026-01-26,商品质量,在线客服,低,13.28,否,4
TK0001804,C001518,O00019213,2026-04-03,促销规则,门店,中,16.45,否,4
TK0001805,C004653,O00019227,2025-12-30,退换货,在线客服,高,18.07,否,3
TK0001806,C003445,O00019229,2025-08-24,物流咨询,门店,紧急,22.59,否,3
TK0001807,C003363,O00019233,2025-11-18,发票支付,在线客服,中,11.82,否,4
TK0001808,C003448,O00019235,2026-05-30,物流咨询,门店,低,31.28,否,2
TK0001809,C003485,O00019236,2026-01-24,物流咨询,社交媒体,低,35.28,否,3
TK0001810,C001357,O00019248,2026-01-12,安装使用,社交媒体,低,11.84,否,4
TK0001811,C004977,O00019273,2025-12-11,商品质量,电话,低,8.57,否,5
TK0001812,C004391,O00019279,2025-09-16,商品质量,门店,中,13.57,否,4
TK0001813,C003755,O00019290,2025-08-21,发票支付,在线客服,中,12.77,否,5
TK0001814,C003486,O00019307,2025-10-06,物流咨询,在线客服,中,26.41,否,4
TK0001815,C003436,O00019324,2025-12-18,商品质量,门店,中,24.45,否,4
TK0001816,C002692,O00019338,2025-11-14,退换货,电话,中,8.83,否,4
TK0001817,C002852,O00019340,2026-07-25,物流咨询,电话,高,6.41,是,5
TK0001818,C003327,O00019359,2025-09-20,安装使用,社交媒体,中,21.42,否,4
TK0001819,C000360,O00019380,2025-12-03,物流咨询,电话,高,8.3,否,5
TK0001820,C003069,O00019428,2026-03-14,发票支付,在线客服,中,14.48,否,3
TK0001821,C001163,O00019442,2026-02-07,促销规则,在线客服,高,28.16,否,3
TK0001822,C000135,O00019448,2025-12-24,物流咨询,电话,中,13.24,否,4
TK0001823,C001516,O00019458,2025-11-02,促销规则,门店,低,7.06,是,5
TK0001824,C003999,O00019461,2025-12-23,物流咨询,门店,中,3.72,是,3
TK0001825,C002771,O00019465,2026-04-02,商品质量,电话,中,13.29,否,3
TK0001826,C004342,O00019473,2026-05-18,发票支付,在线客服,低,18.52,否,4
TK0001827,C003903,O00019497,2026-02-06,安装使用,门店,高,28.12,否,3
TK0001828,C002841,O00019514,2026-03-12,物流咨询,在线客服,高,28.37,否,3
TK0001829,C002660,O00019519,2025-09-22,物流咨询,电话,中,17.37,否,4
TK0001830,C000233,O00019541,2025-12-11,物流咨询,在线客服,中,3.32,是,4
TK0001831,C002605,O00019549,2026-07-04,促销规则,电话,中,17.54,否,3
TK0001832,C004020,O00019566,2026-05-30,商品质量,在线客服,中,3.76,是,5
TK0001833,C003994,O00019574,2026-05-18,促销规则,社交媒体,中,27.83,否,3
TK0001834,C003687,O00019578,2026-04-19,安装使用,社交媒体,高,5.71,是,5
TK0001835,C003714,O00019592,2026-02-01,商品质量,社交媒体,低,19.47,否,4
TK0001836,C002896,O00019593,2026-03-12,退换货,电话,低,20.24,否,4
TK0001837,C004026,O00019619,2026-05-02,促销规则,电话,紧急,21.11,否,5
TK0001838,C003896,O00019625,2025-12-23,物流咨询,门店,低,30.1,否,2
TK0001839,C003493,O00019630,2026-01-17,退换货,在线客服,低,2.87,是,5
TK0001840,C003577,O00019642,2025-09-19,安装使用,社交媒体,中,1.45,是,4
TK0001841,C000992,O00019660,2026-05-05,物流咨询,社交媒体,中,7.85,是,4
TK0001842,C004460,O00019678,2026-05-21,商品质量,在线客服,低,35.23,否,2
TK0001843,C001357,O00019679,2025-10-17,促销规则,电话,中,5.92,是,5
TK0001844,C004422,O00019682,2026-01-03,退换货,门店,中,16.41,否,4
TK0001845,C001993,O00019683,2025-11-01,商品质量,门店,低,11.26,否,5
TK0001846,C002534,O00019687,2026-06-08,促销规则,在线客服,中,3.16,是,5
TK0001847,C002973,O00019688,2026-04-21,促销规则,在线客服,低,24.67,否,4
TK0001848,C002483,O00019689,2026-01-20,促销规则,电话,中,4.4,是,4
TK0001849,C000146,O00019700,2026-05-16,安装使用,门店,高,13.08,否,5
TK0001850,C002036,O00019703,2026-04-14,商品质量,门店,低,22.24,否,3
TK0001851,C002483,O00019713,2026-01-22,发票支付,门店,高,10.15,否,5
TK0001852,C003928,O00019729,2026-05-17,物流咨询,社交媒体,高,24.91,否,3
TK0001853,C003434,O00019770,2026-06-16,促销规则,在线客服,中,16.15,否,4
TK0001854,C004135,O00019774,2025-12-10,退换货,门店,低,1.46,是,5
TK0001855,C003275,O00019778,2026-05-04,商品质量,社交媒体,中,26.41,否,4
TK0001856,C004289,O00019803,2026-03-11,商品质量,门店,中,26.09,否,3
TK0001857,C003871,O00019816,2026-03-31,安装使用,社交媒体,中,6.24,是,5
TK0001858,C002341,O00019831,2026-04-26,物流咨询,电话,低,25.26,否,4
TK0001859,C001878,O00019837,2026-04-03,安装使用,电话,高,31.84,否,3
TK0001860,C003452,O00019839,2026-01-07,物流咨询,社交媒体,低,25.61,否,3
TK0001861,C001037,O00019889,2025-08-02,促销规则,在线客服,中,7.57,是,4
TK0001862,C000651,O00019896,2026-07-02,退换货,门店,低,7.65,是,5
TK0001863,C001096,O00019931,2025-11-07,商品质量,社交媒体,高,14.27,否,3
TK0001864,C002969,O00019932,2026-02-28,安装使用,电话,中,1.36,是,4
TK0001865,C004487,O00019936,2026-03-26,促销规则,门店,中,22.25,否,4
TK0001866,C002363,O00019973,2025-11-15,发票支付,电话,低,34.53,否,2
TK0001867,C002405,O00019981,2026-04-19,物流咨询,门店,紧急,34.93,否,3
TK0001868,C002376,O00020008,2026-01-18,物流咨询,门店,低,3.74,是,5
TK0001869,C000686,O00020014,2025-11-22,物流咨询,在线客服,高,35.68,否,3
TK0001870,C000269,O00020034,2025-10-29,安装使用,社交媒体,紧急,31.81,否,3
TK0001871,C000226,O00020061,2026-06-10,商品质量,社交媒体,中,9.25,否,5
TK0001872,C004912,O00020082,2026-05-30,退换货,电话,低,3.4,是,5
TK0001873,C001844,O00020094,2025-09-04,商品质量,门店,中,10.65,否,4
TK0001874,C001425,O00020099,2026-07-16,物流咨询,门店,中,20.8,否,3
TK0001875,C002585,O00020124,2025-08-29,商品质量,门店,中,21.64,否,4
TK0001876,C000823,O00020125,2026-01-01,商品质量,在线客服,低,26.72,否,3
TK0001877,C004071,O00020126,2025-11-30,商品质量,门店,中,21.2,否,4
TK0001878,C002748,O00020129,2025-11-08,物流咨询,门店,中,6.57,是,4
TK0001879,C003487,O00020168,2025-12-16,商品质量,电话,中,13.44,否,5
TK0001880,C003590,O00020183,2026-05-08,安装使用,门店,中,29.99,否,3
TK0001881,C001295,O00020194,2025-11-24,商品质量,在线客服,低,21.01,否,4
TK0001882,C004153,O00020206,2025-11-06,促销规则,社交媒体,中,25.1,否,3
TK0001883,C002569,O00020207,2025-09-10,物流咨询,社交媒体,低,8.77,否,5
TK0001884,C000556,O00020214,2026-07-13,物流咨询,在线客服,中,4.11,是,4
TK0001885,C004390,O00020225,2026-01-16,物流咨询,社交媒体,高,28.36,否,4
TK0001886,C002178,O00020240,2026-06-26,物流咨询,电话,低,30.05,否,3
TK0001887,C004576,O00020242,2026-06-06,物流咨询,电话,中,21.39,否,3
TK0001888,C004842,O00020248,2025-09-02,商品质量,门店,高,34.59,否,3
TK0001889,C004667,O00020261,2025-12-18,退换货,门店,高,2.25,是,5
TK0001890,C001499,O00020284,2025-12-04,商品质量,社交媒体,中,20.02,否,4
TK0001891,C003275,O00020309,2026-05-15,物流咨询,社交媒体,中,25.42,否,2
TK0001892,C002534,O00020320,2026-06-10,物流咨询,门店,低,19.81,否,4
TK0001893,C000756,O00020326,2026-04-18,物流咨询,门店,中,4.63,是,5
TK0001894,C002801,O00020331,2026-02-11,退换货,电话,中,1.97,是,5
TK0001895,C001526,O00020385,2026-06-18,退换货,社交媒体,中,18.19,否,3
TK0001896,C001792,O00020386,2026-06-04,退换货,在线客服,高,15.38,否,4
TK0001897,C002506,O00020392,2026-02-05,物流咨询,在线客服,低,1.78,是,5
TK0001898,C001896,O00020393,2026-08-05,商品质量,在线客服,低,11.72,否,4
TK0001899,C000270,O00020406,2026-05-12,发票支付,电话,中,10.7,否,5
TK0001900,C003187,O00020424,2025-11-12,物流咨询,门店,中,9.55,否,5
TK0001901,C001193,O00020435,2026-05-01,安装使用,社交媒体,高,6.49,是,5
TK0001902,C000271,O00020441,2026-06-13,退换货,电话,中,10.94,否,5
TK0001903,C003664,O00020452,2025-08-07,退换货,门店,低,29.04,否,3
TK0001904,C000397,O00020470,2026-05-05,退换货,电话,低,13.18,否,4
TK0001905,C000471,O00020484,2025-09-15,安装使用,门店,中,35.84,否,3
TK0001906,C003104,O00020489,2026-06-03,物流咨询,在线客服,中,29.73,否,3
TK0001907,C004608,O00020500,2025-09-12,促销规则,电话,低,30.7,否,2
TK0001908,C001231,O00020505,2025-12-14,物流咨询,电话,中,30.59,否,2
TK0001909,C001110,O00020553,2025-09-16,物流咨询,电话,中,27.69,否,3
TK0001910,C004492,O00020556,2026-02-26,发票支付,门店,中,10.52,否,5
TK0001911,C004007,O00020562,2026-03-22,促销规则,社交媒体,高,6.87,是,4
TK0001912,C003557,O00020570,2026-06-15,安装使用,在线客服,高,13.99,否,4
TK0001913,C000644,O00020577,2025-08-25,物流咨询,在线客服,中,4.83,是,4
TK0001914,C003216,O00020587,2026-01-22,物流咨询,门店,低,27.07,否,2
TK0001915,C004607,O00020592,2026-07-17,发票支付,社交媒体,低,23.57,否,3
TK0001916,C003911,O00020604,2026-06-19,物流咨询,在线客服,中,27.33,否,3
TK0001917,C002974,O00020610,2025-11-02,退换货,电话,低,28.03,否,3
TK0001918,C003394,O00020623,2025-08-30,商品质量,门店,高,27.01,否,3
TK0001919,C000294,O00020625,2026-02-22,商品质量,在线客服,中,19.93,否,4
TK0001920,C004475,O00020632,2026-03-01,物流咨询,社交媒体,低,24.83,否,3
TK0001921,C000274,O00020636,2026-02-19,促销规则,门店,中,15.07,否,3
TK0001922,C004531,O00020653,2026-04-21,促销规则,在线客服,紧急,31.21,否,3
TK0001923,C001904,O00020662,2026-04-18,促销规则,社交媒体,中,28.33,否,2
TK0001924,C001996,O00020683,2025-08-23,促销规则,电话,低,24.16,否,4
TK0001925,C004349,O00020685,2026-05-24,商品质量,门店,中,27.48,否,4
TK0001926,C002791,O00020698,2026-05-13,物流咨询,门店,低,11.37,否,3
TK0001927,C001392,O00020727,2025-11-15,安装使用,门店,中,20.72,否,4
TK0001928,C002591,O00020730,2025-12-01,发票支付,电话,低,29.55,否,3
TK0001929,C001583,O00020738,2025-08-29,商品质量,门店,低,25.63,否,3
TK0001930,C002710,O00020745,2025-10-13,退换货,电话,低,22.91,否,4
TK0001931,C000731,O00020749,2025-11-24,商品质量,门店,低,29.11,否,3
TK0001932,C004796,O00020787,2026-01-23,安装使用,社交媒体,高,4.16,是,5
TK0001933,C000490,O00020795,2026-01-01,物流咨询,社交媒体,低,19.91,否,4
TK0001934,C002027,O00020808,2026-01-01,商品质量,门店,中,6.31,是,5
TK0001935,C001739,O00020827,2026-03-31,商品质量,电话,低,17.58,否,3
TK0001936,C002251,O00020837,2026-07-09,商品质量,门店,高,31.6,否,2
TK0001937,C003065,O00020843,2026-04-17,发票支付,社交媒体,中,31.02,否,3
TK0001938,C001590,O00020849,2025-10-18,退换货,门店,中,11.15,否,4
TK0001939,C004447,O00020854,2025-12-09,物流咨询,电话,低,2.79,是,5
TK0001940,C001957,O00020855,2026-03-26,物流咨询,门店,中,4.47,是,5
TK0001941,C004520,O00020861,2026-04-25,发票支付,门店,中,27.75,否,3
TK0001942,C004118,O00020872,2026-04-22,安装使用,电话,低,25.73,否,3
TK0001943,C002405,O00020882,2025-08-03,物流咨询,在线客服,低,27.97,否,4
TK0001944,C001835,O00020883,2026-04-14,促销规则,电话,低,11.96,否,4
TK0001945,C003342,O00020890,2026-05-11,发票支付,在线客服,中,9.82,否,4
TK0001946,C000824,O00020906,2025-12-07,退换货,在线客服,中,10.17,否,4
TK0001947,C004433,O00020937,2025-08-30,促销规则,门店,低,33.23,否,4
TK0001948,C002650,O00020960,2025-09-15,商品质量,门店,中,28.23,否,3
TK0001949,C004002,O00020963,2026-07-20,退换货,在线客服,低,2.2,是,5
TK0001950,C003720,O00020970,2026-07-16,退换货,电话,高,9.84,否,5
TK0001951,C003024,O00020978,2026-04-22,退换货,电话,中,16.56,否,4
TK0001952,C002964,O00020988,2026-02-26,促销规则,在线客服,高,16.23,否,5
TK0001953,C003622,O00020993,2026-05-18,物流咨询,在线客服,低,18.99,否,3
TK0001954,C004467,O00020998,2025-12-21,商品质量,电话,中,3.69,是,5
TK0001955,C001653,O00021004,2025-08-17,发票支付,社交媒体,中,22.96,否,3
TK0001956,C000278,O00021005,2025-08-16,安装使用,社交媒体,中,26.98,否,3
TK0001957,C001516,O00021017,2026-02-25,退换货,电话,低,32.16,否,4
TK0001958,C002605,O00021023,2026-02-18,促销规则,社交媒体,中,33.12,否,3
TK0001959,C001638,O00021024,2025-10-08,退换货,在线客服,低,15.54,否,3
TK0001960,C002635,O00021038,2026-02-14,商品质量,在线客服,高,9.67,否,4
TK0001961,C000383,O00021050,2026-06-26,物流咨询,电话,低,1.94,是,4
TK0001962,C003200,O00021051,2025-12-02,退换货,电话,低,17.76,否,4
TK0001963,C003644,O00021061,2025-08-10,商品质量,在线客服,低,30.21,否,4
TK0001964,C001708,O00021065,2026-01-03,物流咨询,社交媒体,高,30.54,否,4
TK0001965,C001528,O00021071,2025-12-20,物流咨询,社交媒体,中,3.47,是,4
TK0001966,C000435,O00021073,2025-08-18,促销规则,在线客服,高,28.8,否,3
TK0001967,C003400,O00021086,2026-02-09,退换货,电话,低,29.22,否,4
TK0001968,C002565,O00021089,2025-08-27,物流咨询,门店,低,31.33,否,3
TK0001969,C003850,O00021119,2025-09-14,物流咨询,在线客服,中,33.11,否,2
TK0001970,C000758,O00021133,2026-06-01,商品质量,电话,紧急,2.48,是,5
TK0001971,C000765,O00021134,2026-05-26,物流咨询,电话,中,14.61,否,4
TK0001972,C000883,O00021149,2025-09-05,物流咨询,电话,中,15.59,否,3
TK0001973,C002852,O00021174,2025-10-21,安装使用,社交媒体,低,23.34,否,3
TK0001974,C000172,O00021179,2025-10-06,商品质量,在线客服,中,19.09,否,4
TK0001975,C000198,O00021191,2026-01-19,退换货,电话,高,35.68,否,4
TK0001976,C003678,O00021195,2026-01-13,安装使用,社交媒体,低,12.06,否,3
TK0001977,C000941,O00021203,2025-08-23,物流咨询,电话,中,15.79,否,4
TK0001978,C000002,O00021205,2025-12-24,促销规则,电话,中,21.78,否,4
TK0001979,C003437,O00021213,2026-07-24,促销规则,社交媒体,低,3.29,是,5
TK0001980,C000378,O00021219,2026-06-26,物流咨询,在线客服,高,23.23,否,3
TK0001981,C002523,O00021235,2026-01-25,退换货,电话,中,16.08,否,4
TK0001982,C002958,O00021248,2026-01-08,促销规则,社交媒体,紧急,12.41,否,4
TK0001983,C004756,O00021256,2026-05-01,发票支付,社交媒体,中,8.1,否,4
TK0001984,C004226,O00021262,2025-08-02,退换货,社交媒体,紧急,25.14,否,3
TK0001985,C000261,O00021283,2026-06-14,发票支付,门店,低,24.29,否,3
TK0001986,C002808,O00021286,2026-01-18,促销规则,门店,中,22.32,否,3
TK0001987,C002248,O00021297,2026-01-18,物流咨询,在线客服,中,2.39,是,4
TK0001988,C004853,O00021321,2026-06-23,物流咨询,门店,低,19.58,否,3
TK0001989,C003875,O00021329,2026-07-17,物流咨询,社交媒体,中,8.2,否,5
TK0001990,C004846,O00021332,2026-03-03,退换货,社交媒体,中,11.57,否,4
TK0001991,C004684,O00021356,2025-09-23,物流咨询,社交媒体,低,9.78,否,5
TK0001992,C000236,O00021358,2026-01-09,退换货,社交媒体,高,26.01,否,2
TK0001993,C002692,O00021369,2026-06-29,退换货,在线客服,低,5.79,是,4
TK0001994,C003876,O00021374,2026-02-01,物流咨询,在线客服,中,22.68,否,3
TK0001995,C003525,O00021377,2026-07-21,退换货,门店,中,28.44,否,3
TK0001996,C004344,O00021384,2026-04-13,物流咨询,在线客服,中,2.63,是,5
TK0001997,C004522,O00021387,2026-03-13,促销规则,门店,中,33.6,否,3
TK0001998,C002984,O00021415,2026-03-11,退换货,门店,高,31.97,否,3
TK0001999,C001071,O00021427,2026-05-22,促销规则,门店,中,8.29,否,4
TK0002000,C002832,O00021446,2025-12-18,促销规则,门店,高,27.41,否,3
TK0002001,C004219,O00021456,2026-02-03,促销规则,在线客服,低,32.27,否,3
TK0002002,C001425,O00021460,2025-08-23,物流咨询,电话,中,13.08,否,4
TK0002003,C001970,O00021478,2026-01-10,物流咨询,门店,低,15.74,否,5
TK0002004,C004991,O00021503,2026-07-21,商品质量,社交媒体,低,3.02,是,5
TK0002005,C003269,O00021523,2026-02-07,物流咨询,门店,中,20.77,否,3
TK0002006,C004271,O00021537,2026-03-04,物流咨询,在线客服,中,17.09,否,4
TK0002007,C001776,O00021573,2026-03-11,物流咨询,在线客服,低,34.23,否,1
TK0002008,C000873,O00021576,2025-12-20,商品质量,电话,高,24.75,否,4
TK0002009,C000928,O00021593,2026-03-24,退换货,电话,低,35.14,否,4
TK0002010,C000077,O00021611,2025-11-02,物流咨询,门店,中,33.14,否,3
TK0002011,C000485,O00021637,2026-03-10,物流咨询,电话,低,30.07,否,3
TK0002012,C000791,O00021638,2026-04-01,促销规则,门店,中,8.71,否,4
TK0002013,C001642,O00021642,2025-10-25,促销规则,社交媒体,低,2.71,是,5
TK0002014,C004061,O00021649,2026-03-12,物流咨询,在线客服,中,10.04,否,5
TK0002015,C001444,O00021671,2025-11-10,退换货,门店,低,1.63,是,5
TK0002016,C003662,O00021681,2026-06-28,安装使用,门店,中,31.62,否,4
TK0002017,C003864,O00021684,2025-12-21,物流咨询,电话,高,9.77,否,4
TK0002018,C003890,O00021685,2026-06-10,发票支付,电话,高,23.4,否,4
TK0002019,C000325,O00021686,2026-04-17,物流咨询,社交媒体,低,8.59,否,4
TK0002020,C001595,O00021717,2026-02-08,商品质量,门店,中,11.33,否,4
TK0002021,C000208,O00021728,2026-03-08,安装使用,在线客服,中,14.02,否,4
TK0002022,C002178,O00021736,2025-08-27,物流咨询,电话,中,35.05,否,2
TK0002023,C002032,O00021744,2026-05-23,发票支付,社交媒体,高,16.27,否,5
TK0002024,C000035,O00021770,2026-07-30,商品质量,电话,中,2.09,是,5
TK0002025,C003313,O00021779,2026-02-22,商品质量,电话,中,3.38,是,5
TK0002026,C002409,O00021817,2026-01-24,退换货,在线客服,中,23.94,否,3
TK0002027,C002603,O00021825,2026-02-03,物流咨询,社交媒体,高,28.75,否,4
TK0002028,C001483,O00021829,2025-12-28,物流咨询,电话,高,12.38,否,4
TK0002029,C003417,O00021833,2026-05-15,商品质量,在线客服,中,23.41,否,4
TK0002030,C004469,O00021841,2026-06-26,物流咨询,电话,中,2.34,是,5
TK0002031,C004834,O00021858,2026-08-03,安装使用,在线客服,中,12.47,否,5
TK0002032,C003470,O00021863,2025-10-03,退换货,门店,中,2.38,是,5
TK0002033,C000920,O00021868,2026-01-08,物流咨询,门店,中,9.55,否,4
TK0002034,C001094,O00021879,2026-04-19,发票支付,门店,低,5.28,是,4
TK0002035,C001364,O00021909,2026-04-24,商品质量,在线客服,低,25.52,否,4
TK0002036,C003328,O00021946,2026-05-05,发票支付,在线客服,中,17.32,否,3
TK0002037,C004458,O00021951,2026-03-12,物流咨询,电话,高,2.27,是,5
TK0002038,C003547,O00021957,2026-04-07,退换货,社交媒体,高,5.45,是,4
TK0002039,C001748,O00021968,2026-05-04,商品质量,电话,中,31.21,否,4
TK0002040,C004671,O00021982,2025-10-27,退换货,电话,紧急,20.19,否,4
TK0002041,C000923,O00021985,2026-05-21,促销规则,在线客服,紧急,20.07,否,4
TK0002042,C003171,O00021986,2025-10-16,退换货,在线客服,高,18.73,否,3
TK0002043,C003114,O00021990,2025-11-30,安装使用,门店,高,25.95,否,3
TK0002044,C002944,O00022006,2026-05-22,物流咨询,在线客服,中,3.62,是,5
TK0002045,C001287,O00022021,2026-01-18,促销规则,电话,中,34.39,否,2
TK0002046,C002468,O00022034,2026-03-21,物流咨询,门店,低,30.85,否,4
TK0002047,C004963,O00022040,2026-07-16,促销规则,电话,中,25.09,否,3
TK0002048,C002921,O00022047,2026-06-04,促销规则,在线客服,低,2.49,是,4
TK0002049,C003279,O00022067,2025-12-11,退换货,门店,低,20.83,否,3
TK0002050,C002340,O00022070,2026-02-08,安装使用,在线客服,低,16.04,否,3
TK0002051,C004772,O00022073,2026-03-01,商品质量,门店,中,10.58,否,5
TK0002052,C003860,O00022080,2025-08-12,退换货,在线客服,中,22.54,否,4
TK0002053,C003880,O00022090,2025-09-27,促销规则,社交媒体,中,14.21,否,4
TK0002054,C003320,O00022091,2026-03-11,物流咨询,社交媒体,高,10.81,否,4
TK0002055,C004955,O00022095,2025-08-10,物流咨询,门店,中,31.26,否,4
TK0002056,C004832,O00022117,2026-03-26,促销规则,社交媒体,中,4.1,是,5
TK0002057,C003288,O00022124,2026-03-08,安装使用,在线客服,低,23.68,否,4
TK0002058,C004691,O00022136,2026-03-23,商品质量,电话,紧急,32.58,否,2
TK0002059,C000413,O00022152,2026-05-12,物流咨询,门店,高,5.33,是,4
TK0002060,C001984,O00022154,2025-09-02,安装使用,在线客服,中,18.03,否,3
TK0002061,C001929,O00022164,2025-12-01,商品质量,电话,紧急,20.88,否,4
TK0002062,C002507,O00022170,2025-09-22,物流咨询,电话,低,27.89,否,4
TK0002063,C003746,O00022183,2026-06-20,商品质量,在线客服,高,31.78,否,3
TK0002064,C000724,O00022188,2025-12-24,物流咨询,门店,中,2.28,是,5
TK0002065,C004436,O00022197,2025-10-08,安装使用,社交媒体,紧急,27.28,否,3
TK0002066,C000536,O00022220,2025-08-21,商品质量,电话,低,29.81,否,4
TK0002067,C001843,O00022230,2025-09-23,促销规则,在线客服,低,17.33,否,4
TK0002068,C004386,O00022239,2026-02-18,物流咨询,在线客服,低,21.94,否,4
TK0002069,C000541,O00022245,2026-07-06,物流咨询,在线客服,中,29.17,否,3
TK0002070,C000431,O00022251,2025-11-11,促销规则,电话,低,24.25,否,4
TK0002071,C002999,O00022288,2025-10-10,商品质量,电话,低,34.33,否,3
TK0002072,C003812,O00022291,2026-06-03,促销规则,电话,中,20.67,否,3
TK0002073,C004725,O00022302,2025-09-29,安装使用,电话,高,34.77,否,3
TK0002074,C003733,O00022310,2026-05-17,退换货,在线客服,低,27.63,否,3
TK0002075,C000236,O00022313,2026-01-16,安装使用,门店,高,8.12,否,4
TK0002076,C000315,O00022326,2025-08-23,退换货,社交媒体,中,23.68,否,3
TK0002077,C003691,O00022335,2026-07-15,商品质量,在线客服,低,25.4,否,3
TK0002078,C000766,O00022345,2025-09-23,物流咨询,门店,中,33.3,否,2
TK0002079,C003949,O00022349,2025-09-11,物流咨询,在线客服,中,11.16,否,4
TK0002080,C001025,O00022351,2026-07-04,促销规则,门店,中,24.16,否,3
TK0002081,C004892,O00022354,2026-06-10,物流咨询,社交媒体,中,35.98,否,4
TK0002082,C001079,O00022357,2025-08-29,促销规则,在线客服,中,34.82,否,3
TK0002083,C002274,O00022376,2026-05-21,物流咨询,社交媒体,低,17.84,否,3
TK0002084,C004060,O00022418,2025-12-14,物流咨询,电话,低,23.6,否,3
TK0002085,C004920,O00022423,2026-05-18,安装使用,电话,高,22.52,否,3
TK0002086,C001329,O00022442,2025-09-13,促销规则,在线客服,低,6.13,是,4
TK0002087,C002988,O00022456,2025-11-23,物流咨询,社交媒体,中,33.05,否,2
TK0002088,C003389,O00022470,2025-11-29,商品质量,电话,中,25.58,否,3
TK0002089,C003042,O00022519,2026-07-19,促销规则,门店,中,18.02,否,5
TK0002090,C003079,O00022536,2025-09-25,物流咨询,在线客服,低,18.25,否,4
TK0002091,C002684,O00022549,2026-01-01,退换货,社交媒体,中,20.58,否,3
TK0002092,C000315,O00022558,2026-01-04,促销规则,在线客服,高,19.17,否,4
TK0002093,C001038,O00022564,2026-01-04,安装使用,电话,低,28.77,否,4
TK0002094,C002302,O00022574,2025-10-19,商品质量,电话,中,9.84,否,4
TK0002095,C003786,O00022587,2025-12-24,安装使用,社交媒体,高,16.6,否,4
TK0002096,C002172,O00022610,2025-11-27,物流咨询,在线客服,低,27.39,否,3
TK0002097,C004808,O00022628,2026-04-28,物流咨询,门店,中,30.5,否,3
TK0002098,C001107,O00022642,2026-02-20,物流咨询,门店,中,28.03,否,3
TK0002099,C002127,O00022651,2026-05-27,商品质量,社交媒体,中,1.42,是,5
TK0002100,C004381,O00022674,2026-06-27,退换货,门店,低,19.38,否,4
TK0002101,C002698,O00022675,2026-05-22,物流咨询,门店,中,4.32,是,5
TK0002102,C000815,O00022676,2025-09-07,物流咨询,社交媒体,高,11.85,否,4
TK0002103,C001750,O00022678,2025-12-06,促销规则,社交媒体,低,18.99,否,4
TK0002104,C004309,O00022680,2026-05-24,促销规则,社交媒体,中,2.8,是,5
TK0002105,C000699,O00022703,2025-10-07,促销规则,电话,中,21.35,否,4
TK0002106,C001320,O00022708,2026-08-09,物流咨询,在线客服,低,23.03,否,3
TK0002107,C000103,O00022728,2025-11-13,商品质量,在线客服,中,27.02,否,3
TK0002108,C001735,O00022777,2026-04-17,物流咨询,电话,低,5.03,是,5
TK0002109,C004208,O00022779,2026-05-28,商品质量,电话,中,6.81,是,4
TK0002110,C001828,O00022781,2025-10-11,商品质量,社交媒体,低,6.24,是,5
TK0002111,C001181,O00022787,2025-11-07,安装使用,社交媒体,低,22.28,否,4
TK0002112,C000617,O00022790,2026-05-29,促销规则,在线客服,中,24.04,否,3
TK0002113,C000989,O00022798,2025-11-24,促销规则,电话,中,30.29,否,3
TK0002114,C003932,O00022826,2025-09-20,物流咨询,门店,低,15.17,否,4
TK0002115,C001168,O00022842,2026-05-14,商品质量,电话,低,4.3,是,4
TK0002116,C003839,O00022861,2025-10-23,安装使用,在线客服,高,9.52,否,4
TK0002117,C001499,O00022872,2026-05-15,商品质量,电话,低,25.62,否,4
TK0002118,C002649,O00022878,2026-06-08,促销规则,在线客服,高,12.39,否,4
TK0002119,C002855,O00022879,2025-11-30,安装使用,门店,低,24.53,否,4
TK0002120,C000845,O00022902,2026-05-01,退换货,电话,中,33.23,否,3
TK0002121,C000972,O00022924,2025-09-14,商品质量,门店,高,7.31,是,5
TK0002122,C000746,O00022930,2025-10-23,物流咨询,电话,中,25.09,否,2
TK0002123,C003426,O00022938,2025-11-09,安装使用,社交媒体,低,30.97,否,4
TK0002124,C004019,O00022944,2026-07-14,商品质量,社交媒体,中,28.56,否,4
TK0002125,C004348,O00022954,2026-05-06,物流咨询,电话,中,26.5,否,3
TK0002126,C000054,O00022974,2025-11-15,商品质量,门店,低,9.98,否,4
TK0002127,C003081,O00022978,2026-02-24,退换货,社交媒体,低,1.61,是,5
TK0002128,C001282,O00023034,2025-10-06,退换货,社交媒体,中,20.63,否,5
TK0002129,C002283,O00023038,2026-05-03,物流咨询,电话,高,14.64,否,3
TK0002130,C001588,O00023044,2025-11-29,商品质量,社交媒体,紧急,5.63,是,5
TK0002131,C002261,O00023073,2026-05-01,物流咨询,社交媒体,低,32.43,否,3
TK0002132,C004095,O00023087,2025-08-19,促销规则,在线客服,中,19.99,否,3
TK0002133,C000838,O00023098,2026-06-07,安装使用,社交媒体,低,8.76,否,4
TK0002134,C003254,O00023106,2026-01-07,安装使用,电话,低,32.75,否,3
TK0002135,C004323,O00023111,2026-03-03,商品质量,在线客服,低,25.43,否,4
TK0002136,C003711,O00023117,2025-09-02,商品质量,社交媒体,中,25.3,否,4
TK0002137,C000067,O00023120,2026-07-13,退换货,门店,中,7.01,是,4
TK0002138,C002242,O00023188,2025-09-26,促销规则,在线客服,高,35.69,否,3
TK0002139,C000344,O00023198,2026-06-12,物流咨询,电话,低,35.39,否,2
TK0002140,C003874,O00023209,2025-09-22,安装使用,在线客服,中,4.47,是,4
TK0002141,C001188,O00023223,2025-11-05,促销规则,在线客服,中,13.18,否,4
TK0002142,C000309,O00023230,2025-09-05,安装使用,在线客服,中,31.95,否,2
TK0002143,C002767,O00023233,2026-07-11,促销规则,在线客服,低,34.16,否,4
TK0002144,C004043,O00023242,2026-02-26,物流咨询,门店,高,13.83,否,4
TK0002145,C001267,O00023243,2026-05-16,商品质量,电话,中,15.76,否,5
TK0002146,C001525,O00023254,2026-03-04,商品质量,门店,紧急,33.79,否,3
TK0002147,C000292,O00023257,2025-11-11,发票支付,在线客服,中,25.17,否,3
TK0002148,C003053,O00023279,2026-05-17,安装使用,社交媒体,高,32.84,否,3
TK0002149,C003984,O00023284,2026-05-27,物流咨询,社交媒体,中,24.12,否,3
TK0002150,C003001,O00023298,2026-08-03,商品质量,在线客服,高,7.66,是,5
TK0002151,C003334,O00023311,2026-06-01,退换货,在线客服,中,4.07,是,4
TK0002152,C000045,O00023319,2025-11-30,物流咨询,社交媒体,中,32.89,否,2
TK0002153,C002392,O00023320,2025-12-20,发票支付,社交媒体,中,2.51,是,4
TK0002154,C004809,O00023354,2025-10-26,发票支付,门店,高,6.41,是,4
TK0002155,C003365,O00023381,2026-07-27,退换货,在线客服,紧急,21.71,否,4
TK0002156,C002808,O00023410,2025-10-02,退换货,社交媒体,紧急,24.89,否,4
TK0002157,C003283,O00023418,2025-12-03,物流咨询,门店,中,6.3,是,4
TK0002158,C003421,O00023422,2025-08-26,物流咨询,电话,中,2.77,是,4
TK0002159,C003416,O00023426,2025-11-16,物流咨询,电话,低,33.04,否,3
TK0002160,C002719,O00023433,2026-06-09,退换货,社交媒体,中,22.72,否,4
TK0002161,C004978,O00023445,2025-10-27,商品质量,电话,中,26.97,否,4
TK0002162,C001741,O00023450,2026-04-03,商品质量,电话,低,23.05,否,3
TK0002163,C000451,O00023462,2025-12-27,商品质量,社交媒体,高,20.75,否,2
TK0002164,C004004,O00023487,2026-01-29,物流咨询,在线客服,低,22.06,否,3
TK0002165,C000111,O00023490,2026-06-25,促销规则,门店,中,10.63,否,5
TK0002166,C003753,O00023498,2025-12-02,物流咨询,社交媒体,中,24.0,否,4
TK0002167,C004333,O00023511,2026-01-13,促销规则,在线客服,中,31.29,否,3
TK0002168,C001661,O00023512,2026-03-15,商品质量,门店,低,1.88,是,5
TK0002169,C002932,O00023538,2025-11-08,商品质量,在线客服,低,3.79,是,5
TK0002170,C004531,O00023543,2026-01-20,退换货,社交媒体,中,3.05,是,4
TK0002171,C004789,O00023546,2025-11-07,物流咨询,电话,中,29.56,否,2
TK0002172,C000692,O00023567,2026-01-06,物流咨询,在线客服,低,25.36,否,4
TK0002173,C003833,O00023569,2026-07-27,发票支付,门店,低,21.19,否,3
TK0002174,C001684,O00023583,2026-03-10,物流咨询,门店,中,9.49,否,5
TK0002175,C001204,O00023590,2025-08-02,退换货,在线客服,低,12.84,否,4
TK0002176,C002128,O00023594,2025-12-27,商品质量,门店,低,26.4,否,2
TK0002177,C001354,O00023595,2026-05-28,物流咨询,门店,高,7.33,是,5
TK0002178,C004732,O00023598,2026-01-20,促销规则,门店,低,19.15,否,3
TK0002179,C000771,O00023640,2026-07-26,发票支付,电话,低,5.96,是,5
TK0002180,C003776,O00023651,2025-12-11,促销规则,社交媒体,高,28.73,否,3
TK0002181,C003862,O00023653,2026-04-21,安装使用,在线客服,中,6.71,是,5
TK0002182,C004428,O00023689,2025-10-24,物流咨询,在线客服,中,11.6,否,4
TK0002183,C004655,O00023697,2026-02-15,退换货,电话,中,7.55,是,5
TK0002184,C001484,O00023746,2025-11-16,安装使用,门店,中,10.19,否,4
TK0002185,C002496,O00023758,2025-12-21,安装使用,电话,中,21.0,否,3
TK0002186,C004655,O00023799,2026-03-24,商品质量,电话,中,24.43,否,3
TK0002187,C000201,O00023803,2026-06-19,商品质量,门店,高,32.45,否,2
TK0002188,C002864,O00023807,2026-01-16,促销规则,电话,高,20.93,否,3
TK0002189,C000975,O00023824,2026-04-09,退换货,电话,低,7.18,是,5
TK0002190,C002005,O00023857,2025-11-12,退换货,在线客服,低,14.11,否,4
TK0002191,C003096,O00023871,2025-11-07,物流咨询,门店,中,22.3,否,3
TK0002192,C003938,O00023882,2026-03-18,退换货,在线客服,中,20.08,否,4
TK0002193,C003857,O00023916,2025-12-01,安装使用,社交媒体,低,3.51,是,5
TK0002194,C001804,O00023917,2025-12-17,物流咨询,门店,高,3.88,是,4
TK0002195,C002686,O00023972,2026-07-07,安装使用,电话,紧急,11.89,否,4
TK0002196,C001454,O00023991,2025-12-22,物流咨询,在线客服,中,16.02,否,3
TK0002197,C001580,O00023993,2026-07-30,发票支付,社交媒体,低,24.11,否,4
TK0002198,C004238,O00024037,2026-06-15,促销规则,在线客服,低,26.08,否,3
TK0002199,C002534,O00024053,2026-03-09,商品质量,电话,低,5.46,是,4
TK0002200,C000850,O00024056,2025-11-13,物流咨询,电话,高,28.22,否,3
TK0002201,C002856,O00024083,2026-04-04,物流咨询,社交媒体,低,31.07,否,2
TK0002202,C000651,O00024120,2026-07-25,促销规则,门店,中,12.91,否,5
TK0002203,C002894,O00024130,2026-01-15,发票支付,电话,紧急,35.93,否,3
TK0002204,C002226,O00024134,2026-06-24,商品质量,在线客服,中,28.34,否,3
TK0002205,C001415,O00024138,2025-12-21,商品质量,电话,中,2.95,是,4
TK0002206,C003649,O00024157,2026-04-09,退换货,社交媒体,低,23.29,否,4
TK0002207,C004950,O00024171,2025-11-28,退换货,门店,中,7.54,是,5
TK0002208,C001007,O00024172,2026-05-13,促销规则,在线客服,低,35.8,否,3
TK0002209,C003103,O00024177,2026-02-26,物流咨询,社交媒体,中,29.13,否,3
TK0002210,C003166,O00024178,2025-12-14,物流咨询,在线客服,中,19.78,否,4
TK0002211,C004908,O00024184,2026-07-10,商品质量,在线客服,低,14.2,否,4
TK0002212,C004535,O00024193,2026-07-08,退换货,社交媒体,高,34.83,否,2
TK0002213,C003459,O00024207,2026-02-20,物流咨询,社交媒体,中,8.47,否,4
TK0002214,C004331,O00024209,2026-06-05,商品质量,门店,低,33.71,否,3
TK0002215,C001557,O00024212,2025-10-04,安装使用,门店,中,34.45,否,3
TK0002216,C001844,O00024216,2026-06-23,物流咨询,门店,中,15.37,否,4
TK0002217,C001291,O00024225,2025-10-25,物流咨询,在线客服,高,23.15,否,3
TK0002218,C004364,O00024241,2025-12-14,退换货,电话,紧急,18.48,否,4
TK0002219,C004673,O00024260,2025-10-31,物流咨询,电话,中,35.74,否,3
TK0002220,C000776,O00024286,2025-09-04,商品质量,在线客服,低,26.35,否,3
TK0002221,C003818,O00024290,2026-02-04,退换货,门店,中,22.12,否,4
TK0002222,C001878,O00024293,2026-02-16,商品质量,电话,低,3.97,是,5
TK0002223,C000572,O00024315,2026-06-27,物流咨询,门店,中,15.93,否,4
TK0002224,C000268,O00024324,2025-11-13,物流咨询,社交媒体,中,7.56,是,5
TK0002225,C004715,O00024329,2026-04-20,商品质量,社交媒体,低,2.93,是,5
TK0002226,C002092,O00024339,2025-12-01,安装使用,门店,中,35.51,否,3
TK0002227,C001463,O00024341,2026-03-29,物流咨询,门店,中,32.18,否,2
TK0002228,C001090,O00024351,2025-10-12,退换货,在线客服,中,32.89,否,3
TK0002229,C001722,O00024359,2025-08-14,发票支付,在线客服,高,4.21,是,4
TK0002230,C001068,O00024361,2025-10-04,物流咨询,门店,低,13.44,否,5
TK0002231,C004785,O00024366,2026-01-06,发票支付,社交媒体,中,23.4,否,2
TK0002232,C001894,O00024384,2025-11-03,物流咨询,在线客服,低,5.54,是,4
TK0002233,C002896,O00024386,2026-02-17,物流咨询,社交媒体,中,35.68,否,2
TK0002234,C003266,O00024408,2026-05-29,物流咨询,电话,低,27.7,否,4
TK0002235,C000793,O00024426,2026-04-29,物流咨询,电话,低,6.57,是,5
TK0002236,C001670,O00024435,2026-03-08,退换货,门店,高,13.09,否,4
TK0002237,C001211,O00024440,2026-01-20,退换货,社交媒体,中,4.8,是,5
TK0002238,C004114,O00024461,2025-12-13,物流咨询,社交媒体,高,35.26,否,3
TK0002239,C001522,O00024462,2026-05-20,物流咨询,社交媒体,低,10.57,否,5
TK0002240,C003222,O00024479,2026-05-30,发票支付,社交媒体,高,27.16,否,4
TK0002241,C000147,O00024496,2025-09-16,安装使用,在线客服,中,14.76,否,4
TK0002242,C004797,O00024498,2026-05-16,商品质量,门店,高,10.31,否,4
TK0002243,C002707,O00024508,2025-12-06,物流咨询,社交媒体,低,3.64,是,5
TK0002244,C004489,O00024518,2026-01-24,物流咨询,门店,低,32.41,否,2
TK0002245,C001889,O00024532,2026-04-17,促销规则,门店,中,8.04,否,5
TK0002246,C004745,O00024535,2026-07-05,物流咨询,门店,低,11.49,否,4
TK0002247,C000218,O00024539,2026-04-12,物流咨询,在线客服,低,15.52,否,5
TK0002248,C001288,O00024555,2025-10-01,退换货,门店,低,30.27,否,3
TK0002249,C004374,O00024556,2025-08-28,安装使用,电话,低,17.2,否,4
TK0002250,C003610,O00024581,2026-04-12,安装使用,电话,低,18.39,否,4
TK0002251,C003262,O00024587,2026-01-04,促销规则,门店,低,17.26,否,5
TK0002252,C000038,O00024591,2026-01-25,退换货,门店,中,19.43,否,4
TK0002253,C002104,O00024594,2026-05-14,安装使用,门店,中,19.02,否,4
TK0002254,C003325,O00024596,2025-12-15,安装使用,电话,中,24.57,否,4
TK0002255,C004401,O00024597,2026-04-25,物流咨询,在线客服,高,26.89,否,3
TK0002256,C001425,O00024605,2026-07-13,退换货,电话,低,8.38,否,5
TK0002257,C000491,O00024621,2026-06-27,商品质量,门店,中,22.31,否,4
TK0002258,C001640,O00024628,2026-05-15,退换货,门店,高,16.59,否,4
TK0002259,C000591,O00024647,2026-05-30,促销规则,在线客服,低,14.32,否,4
TK0002260,C000337,O00024650,2025-09-18,退换货,社交媒体,中,10.15,否,4
TK0002261,C001179,O00024658,2025-12-17,物流咨询,社交媒体,低,25.82,否,2
TK0002262,C004352,O00024693,2025-09-12,物流咨询,在线客服,低,1.74,是,5
TK0002263,C001515,O00024703,2026-01-24,发票支付,社交媒体,中,11.12,否,5
TK0002264,C000534,O00024704,2026-02-27,物流咨询,电话,中,24.98,否,3
TK0002265,C001645,O00024714,2026-07-19,物流咨询,在线客服,中,29.68,否,3
TK0002266,C003896,O00024732,2025-12-08,物流咨询,电话,低,31.0,否,3
TK0002267,C003558,O00024753,2026-06-23,安装使用,电话,低,33.84,否,3
TK0002268,C004865,O00024762,2026-06-24,商品质量,电话,低,24.92,否,3
TK0002269,C000638,O00024769,2025-10-13,商品质量,在线客服,低,2.28,是,5
TK0002270,C001902,O00024794,2026-03-06,促销规则,门店,中,16.19,否,4
TK0002271,C001456,O00024813,2026-03-11,商品质量,门店,低,32.26,否,4
TK0002272,C003337,O00024829,2026-05-21,物流咨询,电话,中,15.97,否,3
TK0002273,C001462,O00024831,2025-12-18,退换货,电话,中,8.12,否,4
TK0002274,C002239,O00024855,2025-11-23,物流咨询,在线客服,低,26.55,否,4
TK0002275,C000375,O00024858,2025-11-01,发票支付,社交媒体,低,4.04,是,5
TK0002276,C001377,O00024888,2026-03-04,退换货,门店,中,17.21,否,5
TK0002277,C002521,O00024899,2026-05-26,退换货,电话,中,3.31,是,4
TK0002278,C003241,O00024910,2025-11-24,商品质量,电话,紧急,27.83,否,4
TK0002279,C002295,O00024912,2025-12-04,物流咨询,社交媒体,中,28.69,否,4
TK0002280,C000745,O00024921,2025-11-12,安装使用,电话,中,22.26,否,4
TK0002281,C002307,O00024925,2026-02-15,物流咨询,门店,中,20.24,否,3
TK0002282,C004435,O00024932,2025-10-08,物流咨询,在线客服,中,28.87,否,3
TK0002283,C004611,O00024933,2026-03-17,商品质量,门店,高,1.71,是,5
TK0002284,C004048,O00024970,2026-04-16,发票支付,在线客服,高,31.66,否,3
TK0002285,C001369,O00024974,2026-02-03,安装使用,电话,中,26.35,否,4
TK0002286,C002460,O00024976,2026-04-03,物流咨询,社交媒体,低,35.71,否,2
TK0002287,C002200,O00024993,2025-09-10,物流咨询,在线客服,中,1.95,是,5
TK0002288,C004949,O00024994,2026-02-05,商品质量,门店,中,8.18,否,3
TK0002289,C004713,O00025004,2026-04-18,物流咨询,在线客服,低,22.48,否,4
TK0002290,C002434,O00025021,2026-02-04,商品质量,门店,中,16.25,否,5
TK0002291,C002784,O00025089,2025-12-19,退换货,门店,紧急,7.34,是,5
TK0002292,C000867,O00025092,2026-04-23,安装使用,门店,高,29.57,否,3
TK0002293,C001941,O00025096,2026-03-03,安装使用,在线客服,中,28.53,否,3
TK0002294,C000710,O00025098,2026-01-10,发票支付,社交媒体,低,23.92,否,3
TK0002295,C004435,O00025127,2026-06-20,物流咨询,社交媒体,低,8.87,否,5
TK0002296,C000112,O00025131,2025-08-16,商品质量,门店,高,34.05,否,3
TK0002297,C003858,O00025132,2026-02-10,物流咨询,社交媒体,高,3.37,是,5
TK0002298,C004538,O00025150,2026-05-10,安装使用,在线客服,中,33.67,否,3
TK0002299,C000903,O00025173,2025-11-28,物流咨询,在线客服,中,32.3,否,3
TK0002300,C003791,O00025187,2025-08-14,商品质量,在线客服,中,18.19,否,3
TK0002301,C003609,O00025188,2026-04-20,物流咨询,社交媒体,中,22.35,否,3
TK0002302,C003166,O00025206,2026-05-20,退换货,在线客服,中,3.68,是,5
TK0002303,C003084,O00025208,2025-09-18,退换货,门店,低,14.41,否,3
TK0002304,C004545,O00025211,2025-11-09,退换货,电话,高,32.82,否,4
TK0002305,C001204,O00025215,2026-02-18,物流咨询,电话,高,19.0,否,4
TK0002306,C002970,O00025239,2026-01-12,安装使用,社交媒体,高,2.78,是,5
TK0002307,C004847,O00025248,2025-12-03,商品质量,在线客服,低,26.63,否,3
TK0002308,C002336,O00025249,2026-03-23,物流咨询,门店,中,3.85,是,5
TK0002309,C004069,O00025258,2025-09-28,促销规则,电话,中,12.81,否,3
TK0002310,C004535,O00025304,2026-01-21,促销规则,门店,低,21.14,否,4
TK0002311,C000726,O00025338,2026-06-27,物流咨询,社交媒体,低,25.73,否,4
TK0002312,C003256,O00025347,2026-06-21,促销规则,电话,紧急,11.7,否,5
TK0002313,C003400,O00025377,2025-11-28,退换货,门店,高,13.15,否,4
TK0002314,C000173,O00025382,2025-10-19,物流咨询,电话,中,35.33,否,2
TK0002315,C001565,O00025386,2025-10-14,物流咨询,电话,低,9.51,否,4
TK0002316,C004675,O00025392,2025-12-28,促销规则,在线客服,高,34.0,否,3
TK0002317,C004723,O00025394,2025-09-20,退换货,在线客服,中,29.34,否,3
TK0002318,C004739,O00025397,2026-05-06,退换货,门店,中,19.34,否,4
TK0002319,C003194,O00025407,2025-11-11,退换货,在线客服,低,29.73,否,3
TK0002320,C004329,O00025411,2026-05-10,促销规则,社交媒体,紧急,17.67,否,4
TK0002321,C000918,O00025423,2026-04-13,安装使用,电话,中,27.7,否,4
TK0002322,C004523,O00025429,2026-01-30,商品质量,电话,低,34.23,否,3
TK0002323,C003238,O00025441,2026-01-07,物流咨询,门店,高,3.08,是,5
TK0002324,C000333,O00025445,2025-12-21,发票支付,电话,中,6.22,是,4
TK0002325,C003300,O00025454,2026-05-19,商品质量,门店,中,27.6,否,4
TK0002326,C002122,O00025456,2026-04-06,促销规则,门店,中,5.77,是,4
TK0002327,C001528,O00025465,2026-07-30,促销规则,在线客服,中,5.22,是,5
TK0002328,C001759,O00025499,2026-01-07,退换货,电话,高,9.21,否,4
TK0002329,C004243,O00025510,2025-09-10,促销规则,在线客服,中,27.73,否,3
TK0002330,C004625,O00025520,2026-05-24,物流咨询,门店,中,7.28,是,4
TK0002331,C004199,O00025549,2026-02-25,物流咨询,门店,低,3.37,是,4
TK0002332,C002508,O00025587,2026-04-17,物流咨询,社交媒体,低,11.48,否,4
TK0002333,C004811,O00025603,2025-11-29,物流咨询,社交媒体,中,7.39,是,4
TK0002334,C004889,O00025604,2025-09-14,发票支付,电话,低,3.57,是,5
TK0002335,C003597,O00025615,2026-07-11,商品质量,电话,中,18.13,否,4
TK0002336,C002966,O00025636,2026-05-24,安装使用,社交媒体,高,16.17,否,4
TK0002337,C000722,O00025643,2026-02-22,促销规则,电话,低,25.51,否,3
TK0002338,C001990,O00025646,2026-01-01,物流咨询,社交媒体,中,16.68,否,3
TK0002339,C000103,O00025672,2025-11-06,促销规则,在线客服,中,12.48,否,3
TK0002340,C000836,O00025685,2026-04-13,安装使用,在线客服,高,31.34,否,3
TK0002341,C003041,O00025766,2026-07-27,物流咨询,在线客服,低,5.4,是,4
TK0002342,C000778,O00025792,2025-12-09,物流咨询,在线客服,中,14.87,否,3
TK0002343,C003016,O00025804,2026-04-26,物流咨询,门店,低,2.51,是,4
TK0002344,C002204,O00025807,2026-04-06,物流咨询,门店,低,4.82,是,4
TK0002345,C004318,O00025821,2026-03-15,促销规则,电话,低,12.27,否,4
TK0002346,C001213,O00025840,2026-04-07,退换货,电话,中,25.27,否,3
TK0002347,C000639,O00025843,2026-01-19,物流咨询,门店,中,19.71,否,3
TK0002348,C004029,O00025858,2026-03-27,物流咨询,电话,低,33.23,否,3
TK0002349,C001004,O00025869,2026-03-26,物流咨询,社交媒体,紧急,2.7,是,5
TK0002350,C001764,O00025896,2026-05-20,商品质量,在线客服,中,13.84,否,4
TK0002351,C003522,O00025906,2026-01-25,安装使用,在线客服,低,24.98,否,3
TK0002352,C000798,O00025947,2025-10-27,商品质量,电话,中,4.49,是,4
TK0002353,C004526,O00025972,2025-10-07,物流咨询,门店,中,14.0,否,4
TK0002354,C004899,O00026030,2026-04-14,安装使用,社交媒体,中,35.15,否,3
TK0002355,C003662,O00026058,2026-02-24,物流咨询,电话,低,22.47,否,4
TK0002356,C001207,O00026059,2026-01-28,商品质量,电话,高,3.06,是,4
TK0002357,C004028,O00026098,2025-11-08,物流咨询,门店,高,21.31,否,3
TK0002358,C003766,O00026107,2026-01-21,物流咨询,电话,低,29.66,否,2
TK0002359,C000971,O00026136,2026-01-06,物流咨询,电话,高,11.15,否,5
TK0002360,C001270,O00026153,2026-04-22,物流咨询,电话,中,5.78,是,5
TK0002361,C004923,O00026155,2026-01-17,物流咨询,在线客服,中,7.92,是,5
TK0002362,C000732,O00026164,2025-10-17,商品质量,在线客服,低,24.33,否,4
TK0002363,C002734,O00026176,2025-11-21,安装使用,电话,低,34.8,否,2
TK0002364,C002127,O00026188,2025-12-20,退换货,社交媒体,低,20.04,否,3
TK0002365,C000335,O00026195,2025-12-09,商品质量,社交媒体,高,13.75,否,3
TK0002366,C002859,O00026233,2026-01-28,安装使用,在线客服,中,15.93,否,4
TK0002367,C000212,O00026234,2025-10-02,物流咨询,社交媒体,高,10.02,否,4
TK0002368,C004848,O00026243,2026-05-14,商品质量,电话,低,30.68,否,3
TK0002369,C004056,O00026250,2026-01-05,退换货,在线客服,中,24.87,否,4
TK0002370,C001383,O00026251,2026-07-12,促销规则,门店,高,24.23,否,3
TK0002371,C003154,O00026268,2025-08-28,物流咨询,在线客服,中,30.78,否,4
TK0002372,C002578,O00026272,2025-11-12,商品质量,门店,高,29.36,否,2
TK0002373,C002200,O00026285,2025-12-22,退换货,门店,高,29.08,否,2
TK0002374,C004977,O00026294,2026-04-11,物流咨询,社交媒体,中,7.28,是,3
TK0002375,C004864,O00026312,2026-04-29,促销规则,社交媒体,低,6.47,是,4
TK0002376,C003754,O00026329,2026-02-25,物流咨询,社交媒体,中,6.95,是,5
TK0002377,C002373,O00026390,2026-02-27,物流咨询,电话,中,9.03,否,4
TK0002378,C004815,O00026393,2025-10-05,物流咨询,在线客服,中,19.25,否,3
TK0002379,C004504,O00026396,2026-02-17,商品质量,在线客服,中,32.38,否,4
TK0002380,C003368,O00026441,2026-01-13,物流咨询,在线客服,中,10.75,否,5
TK0002381,C004232,O00026455,2026-02-23,物流咨询,在线客服,高,16.7,否,4
TK0002382,C001143,O00026489,2025-09-22,发票支付,在线客服,低,5.86,是,5
TK0002383,C003754,O00026494,2026-05-17,促销规则,门店,高,9.72,否,5
TK0002384,C000480,O00026495,2026-01-26,退换货,门店,高,8.15,否,4
TK0002385,C000739,O00026498,2025-10-13,物流咨询,社交媒体,中,21.69,否,4
TK0002386,C003984,O00026499,2026-03-26,退换货,门店,高,5.1,是,5
TK0002387,C004416,O00026503,2025-12-31,退换货,门店,中,1.69,是,5
TK0002388,C003708,O00026505,2026-05-24,退换货,电话,中,28.7,否,3
TK0002389,C002349,O00026508,2025-12-22,商品质量,在线客服,低,16.48,否,4
TK0002390,C000435,O00026525,2026-02-03,退换货,电话,低,7.43,是,5
TK0002391,C000747,O00026539,2026-05-30,物流咨询,电话,高,17.52,否,4
TK0002392,C002141,O00026541,2025-10-05,发票支付,社交媒体,低,33.04,否,3
TK0002393,C004074,O00026573,2026-03-30,促销规则,电话,中,13.18,否,4
TK0002394,C003093,O00026614,2026-03-13,促销规则,在线客服,低,8.0,是,5
TK0002395,C000506,O00026617,2026-06-17,发票支付,门店,中,1.03,是,5
TK0002396,C001110,O00026623,2025-11-18,退换货,电话,中,22.79,否,4
TK0002397,C004677,O00026624,2026-06-16,物流咨询,门店,中,25.4,否,2
TK0002398,C002450,O00026630,2026-03-11,安装使用,电话,中,3.5,是,5
TK0002399,C004309,O00026632,2026-01-03,物流咨询,电话,中,27.77,否,3
TK0002400,C003674,O00026650,2026-04-15,安装使用,社交媒体,高,2.33,是,5
TK0002401,C000502,O00026651,2026-04-27,物流咨询,电话,中,16.07,否,5
TK0002402,C001628,O00026674,2025-12-12,安装使用,门店,中,17.48,否,3
TK0002403,C003642,O00026701,2026-05-16,退换货,门店,中,27.07,否,2
TK0002404,C003498,O00026716,2026-04-05,物流咨询,在线客服,中,7.71,是,4
TK0002405,C003920,O00026718,2025-09-16,商品质量,在线客服,低,3.25,是,5
TK0002406,C000470,O00026737,2025-11-28,安装使用,社交媒体,中,5.36,是,5
TK0002407,C001341,O00026744,2025-10-29,物流咨询,在线客服,中,30.41,否,3
TK0002408,C001016,O00026752,2026-03-08,商品质量,社交媒体,中,25.23,否,4
TK0002409,C001316,O00026756,2026-03-10,物流咨询,门店,中,4.1,是,5
TK0002410,C003211,O00026757,2026-05-25,商品质量,门店,高,12.54,否,4
TK0002411,C004345,O00026773,2026-04-11,发票支付,门店,中,32.94,否,3
TK0002412,C003294,O00026776,2026-01-09,商品质量,在线客服,中,21.67,否,4
TK0002413,C003230,O00026802,2025-10-20,商品质量,电话,紧急,18.73,否,3
TK0002414,C003933,O00026825,2025-08-26,物流咨询,在线客服,低,19.73,否,4
TK0002415,C002232,O00026827,2026-02-16,物流咨询,社交媒体,低,14.14,否,4
TK0002416,C001767,O00026846,2025-11-22,商品质量,在线客服,中,5.59,是,5
TK0002417,C001356,O00026857,2026-02-28,物流咨询,在线客服,高,10.02,否,5
TK0002418,C003314,O00026862,2026-05-22,商品质量,社交媒体,低,21.26,否,4
TK0002419,C000440,O00026875,2025-11-29,物流咨询,在线客服,高,24.97,否,3
TK0002420,C003275,O00026879,2025-11-24,商品质量,门店,中,18.28,否,4
TK0002421,C000357,O00026904,2025-12-25,发票支付,在线客服,低,1.78,是,5
TK0002422,C003444,O00026911,2026-07-07,促销规则,电话,低,31.42,否,4
TK0002423,C004880,O00026916,2025-09-02,促销规则,在线客服,中,10.98,否,4
TK0002424,C002574,O00026924,2025-12-29,物流咨询,在线客服,中,22.11,否,3
TK0002425,C001928,O00026930,2025-12-27,退换货,门店,中,26.88,否,2
TK0002426,C003178,O00026948,2026-03-17,物流咨询,社交媒体,中,13.07,否,3
TK0002427,C003080,O00026950,2026-04-08,促销规则,社交媒体,高,6.01,是,5
TK0002428,C001150,O00026952,2026-07-01,发票支付,在线客服,中,29.69,否,4
TK0002429,C000748,O00026955,2026-07-04,物流咨询,社交媒体,中,1.88,是,5
TK0002430,C000752,O00026965,2025-12-19,安装使用,社交媒体,低,17.89,否,4
TK0002431,C003758,O00026969,2025-12-26,物流咨询,在线客服,高,5.15,是,4
TK0002432,C004822,O00026971,2025-12-15,商品质量,社交媒体,高,22.93,否,3
TK0002433,C001586,O00026981,2026-02-21,发票支付,门店,中,35.9,否,3
TK0002434,C004940,O00026983,2026-06-21,促销规则,在线客服,高,28.04,否,3
TK0002435,C002239,O00027021,2025-08-17,促销规则,电话,低,1.82,是,5
TK0002436,C004553,O00027046,2026-06-13,退换货,在线客服,低,18.41,否,4
TK0002437,C003983,O00027048,2025-10-10,物流咨询,门店,高,30.4,否,3
TK0002438,C003956,O00027054,2025-11-22,发票支付,在线客服,中,17.17,否,4
TK0002439,C001460,O00027056,2026-04-30,促销规则,在线客服,低,10.98,否,5
TK0002440,C001038,O00027076,2026-06-23,物流咨询,门店,低,32.68,否,3
TK0002441,C002755,O00027078,2026-01-31,安装使用,社交媒体,中,23.16,否,3
TK0002442,C004930,O00027085,2026-05-09,安装使用,电话,中,28.13,否,4
TK0002443,C000028,O00027087,2025-11-27,退换货,电话,中,31.6,否,2
TK0002444,C002633,O00027089,2025-10-09,促销规则,社交媒体,中,14.75,否,5
TK0002445,C002003,O00027092,2025-11-02,物流咨询,门店,中,25.97,否,3
TK0002446,C002630,O00027108,2026-07-19,促销规则,门店,中,4.5,是,5
TK0002447,C004925,O00027111,2026-01-16,退换货,社交媒体,紧急,15.53,否,3
TK0002448,C003285,O00027115,2025-12-11,商品质量,电话,中,30.62,否,3
TK0002449,C000884,O00027121,2026-04-13,退换货,门店,紧急,26.56,否,3
TK0002450,C001278,O00027129,2025-08-25,物流咨询,电话,高,30.98,否,3
TK0002451,C001396,O00027146,2025-08-29,物流咨询,社交媒体,低,17.41,否,4
TK0002452,C003376,O00027161,2026-07-18,退换货,电话,低,35.36,否,3
TK0002453,C001439,O00027165,2026-04-12,物流咨询,门店,中,27.04,否,3
TK0002454,C002814,O00027179,2026-08-04,发票支付,电话,高,13.05,否,4
TK0002455,C000631,O00027182,2025-12-05,商品质量,电话,中,4.83,是,5
TK0002456,C000492,O00027184,2026-02-28,商品质量,社交媒体,高,17.13,否,4
TK0002457,C000484,O00027213,2026-02-06,物流咨询,门店,中,27.7,否,3
TK0002458,C000277,O00027222,2026-06-29,发票支付,社交媒体,高,25.49,否,3
TK0002459,C002906,O00027234,2025-12-08,退换货,在线客服,低,31.14,否,3
TK0002460,C003040,O00027236,2026-05-14,商品质量,在线客服,低,34.73,否,3
TK0002461,C002615,O00027254,2025-12-13,物流咨询,在线客服,低,28.78,否,3
TK0002462,C003218,O00027268,2025-09-10,物流咨询,电话,低,32.09,否,3
TK0002463,C001954,O00027270,2026-07-03,物流咨询,在线客服,低,21.95,否,4
TK0002464,C003968,O00027303,2026-03-29,商品质量,门店,中,19.22,否,4
TK0002465,C001464,O00027324,2025-08-13,物流咨询,电话,中,17.94,否,3
TK0002466,C004235,O00027332,2026-02-12,物流咨询,在线客服,低,32.58,否,3
TK0002467,C004056,O00027358,2025-12-27,发票支付,社交媒体,低,20.85,否,4
TK0002468,C001155,O00027367,2025-11-23,物流咨询,社交媒体,高,2.97,是,5
TK0002469,C004416,O00027372,2026-06-19,安装使用,门店,高,7.46,是,5
TK0002470,C001923,O00027397,2026-07-27,商品质量,电话,中,20.86,否,3
TK0002471,C002985,O00027398,2026-03-24,商品质量,社交媒体,低,20.08,否,3
TK0002472,C002915,O00027402,2026-04-18,退换货,在线客服,中,28.53,否,3
TK0002473,C002337,O00027405,2026-04-01,促销规则,社交媒体,高,3.79,是,4
TK0002474,C000220,O00027409,2025-08-21,发票支付,在线客服,中,7.67,是,4
TK0002475,C002953,O00027418,2026-04-24,商品质量,在线客服,中,8.52,否,5
TK0002476,C002744,O00027419,2025-09-01,促销规则,门店,中,21.35,否,4
TK0002477,C002109,O00027420,2026-05-08,物流咨询,门店,高,5.51,是,4
TK0002478,C001485,O00027422,2025-11-28,发票支付,门店,低,3.74,是,4
TK0002479,C001572,O00027449,2025-10-28,发票支付,社交媒体,低,12.35,否,4
TK0002480,C002380,O00027492,2025-12-11,促销规则,社交媒体,中,26.56,否,3
TK0002481,C004765,O00027499,2025-12-30,安装使用,门店,高,20.78,否,5
TK0002482,C004197,O00027523,2026-06-20,商品质量,电话,中,2.71,是,5
TK0002483,C004622,O00027531,2026-04-15,发票支付,社交媒体,紧急,16.22,否,4
TK0002484,C003977,O00027533,2026-07-18,发票支付,电话,中,29.51,否,4
TK0002485,C002948,O00027565,2026-05-03,安装使用,电话,低,33.09,否,2
TK0002486,C001430,O00027602,2025-08-20,退换货,在线客服,中,31.72,否,3
TK0002487,C003870,O00027610,2025-08-19,商品质量,在线客服,低,2.73,是,5
TK0002488,C002777,O00027614,2025-12-27,物流咨询,在线客服,中,25.42,否,2
TK0002489,C004799,O00027621,2026-07-15,商品质量,门店,低,17.57,否,4
TK0002490,C000507,O00027641,2025-12-27,物流咨询,社交媒体,低,3.82,是,5
TK0002491,C000467,O00027656,2026-04-10,物流咨询,在线客服,低,6.04,是,5
TK0002492,C003353,O00027682,2026-02-08,商品质量,在线客服,高,8.67,否,5
TK0002493,C002044,O00027689,2026-04-16,物流咨询,门店,低,35.13,否,2
TK0002494,C003987,O00027697,2025-08-17,物流咨询,社交媒体,低,1.72,是,4
TK0002495,C004051,O00027698,2026-04-16,物流咨询,社交媒体,高,3.35,是,5
TK0002496,C003518,O00027715,2025-10-10,安装使用,在线客服,中,5.98,是,4
TK0002497,C000485,O00027716,2026-01-28,促销规则,社交媒体,高,35.09,否,3
TK0002498,C001190,O00027753,2026-03-12,物流咨询,社交媒体,低,5.42,是,5
TK0002499,C001118,O00027762,2026-08-02,商品质量,社交媒体,中,26.44,否,3
TK0002500,C000631,O00027779,2025-10-20,物流咨询,社交媒体,低,3.82,是,4
TK0002501,C001953,O00027785,2026-01-08,安装使用,社交媒体,中,3.17,是,4
TK0002502,C000551,O00027792,2026-01-09,物流咨询,在线客服,低,10.45,否,4
TK0002503,C004604,O00027804,2025-09-22,物流咨询,社交媒体,中,19.39,否,4
TK0002504,C003208,O00027818,2026-01-23,物流咨询,电话,低,30.25,否,3
TK0002505,C002121,O00027823,2026-07-11,促销规则,社交媒体,低,27.08,否,3
TK0002506,C000521,O00027841,2025-09-12,促销规则,门店,中,6.87,是,5
TK0002507,C004047,O00027848,2025-11-02,物流咨询,社交媒体,低,4.56,是,5
TK0002508,C002755,O00027854,2025-10-14,退换货,电话,高,26.02,否,4
TK0002509,C001633,O00027874,2026-06-13,商品质量,电话,高,1.21,是,5
TK0002510,C003634,O00027905,2025-08-19,物流咨询,门店,中,7.4,是,5
TK0002511,C004417,O00027906,2025-09-07,促销规则,电话,低,20.42,否,4
TK0002512,C001910,O00027908,2025-11-21,物流咨询,社交媒体,中,2.4,是,4
TK0002513,C002035,O00027913,2025-12-14,退换货,社交媒体,高,2.5,是,4
TK0002514,C000807,O00027931,2025-09-19,商品质量,在线客服,低,6.44,是,5
TK0002515,C000276,O00027933,2026-04-02,发票支付,门店,低,17.22,否,4
TK0002516,C001711,O00027940,2026-01-02,促销规则,门店,中,33.69,否,3
TK0002517,C000072,O00027959,2026-02-25,退换货,社交媒体,低,28.12,否,4
TK0002518,C001620,O00027966,2026-05-11,物流咨询,电话,低,22.83,否,3
TK0002519,C001011,O00028007,2026-01-17,商品质量,社交媒体,中,13.71,否,4
TK0002520,C001923,O00028011,2026-04-25,商品质量,电话,高,32.69,否,3
TK0002521,C001925,O00028035,2025-09-23,促销规则,门店,低,30.9,否,3
TK0002522,C001373,O00028044,2025-12-22,物流咨询,门店,中,27.6,否,4
TK0002523,C000372,O00028045,2026-03-09,商品质量,社交媒体,高,20.86,否,3
TK0002524,C002619,O00028051,2025-11-05,安装使用,门店,低,11.72,否,4
TK0002525,C004839,O00028069,2025-10-25,商品质量,门店,低,15.81,否,4
TK0002526,C004191,O00028074,2025-12-13,安装使用,门店,高,23.23,否,2
TK0002527,C000812,O00028078,2026-01-25,促销规则,社交媒体,中,5.13,是,4
TK0002528,C002125,O00028081,2026-06-09,商品质量,门店,低,30.75,否,3
TK0002529,C002619,O00028113,2026-04-18,安装使用,门店,中,1.69,是,4
TK0002530,C003476,O00028120,2025-11-01,退换货,社交媒体,低,30.99,否,3
TK0002531,C004981,O00028155,2025-09-12,退换货,社交媒体,中,21.07,否,4
TK0002532,C003170,O00028177,2026-05-27,商品质量,在线客服,紧急,30.48,否,4
TK0002533,C001749,O00028179,2026-02-11,安装使用,社交媒体,低,18.68,否,5
TK0002534,C000189,O00028188,2025-10-07,物流咨询,电话,低,23.1,否,3
TK0002535,C004080,O00028209,2026-05-11,安装使用,在线客服,中,30.31,否,4
TK0002536,C002102,O00028210,2026-05-18,物流咨询,社交媒体,低,20.01,否,3
TK0002537,C001997,O00028213,2026-02-26,促销规则,社交媒体,中,4.52,是,5
TK0002538,C002845,O00028228,2026-03-13,物流咨询,电话,中,6.66,是,5
TK0002539,C002173,O00028235,2026-05-12,安装使用,社交媒体,高,17.44,否,4
TK0002540,C001490,O00028246,2025-10-05,退换货,电话,低,3.11,是,4
TK0002541,C000990,O00028249,2025-12-17,物流咨询,电话,中,4.58,是,3
TK0002542,C002133,O00028260,2025-08-07,商品质量,电话,中,20.88,否,4
TK0002543,C000749,O00028278,2026-01-29,退换货,电话,低,13.99,否,4
TK0002544,C001371,O00028294,2025-11-16,商品质量,门店,中,27.16,否,4
TK0002545,C002084,O00028295,2026-03-30,物流咨询,电话,中,4.13,是,5
TK0002546,C003046,O00028303,2026-04-16,安装使用,在线客服,紧急,19.99,否,5
TK0002547,C003296,O00028330,2025-12-28,物流咨询,社交媒体,高,29.87,否,3
TK0002548,C001199,O00028347,2026-03-11,安装使用,电话,中,32.53,否,3
TK0002549,C001926,O00028349,2026-05-22,退换货,电话,中,7.93,是,5
TK0002550,C000871,O00028364,2025-11-26,商品质量,门店,中,25.41,否,4
TK0002551,C002464,O00028373,2026-07-12,发票支付,在线客服,中,34.63,否,3
TK0002552,C000634,O00028376,2025-09-08,退换货,门店,中,10.49,否,3
TK0002553,C000993,O00028377,2025-09-24,退换货,在线客服,低,32.72,否,2
TK0002554,C004331,O00028382,2025-09-18,促销规则,社交媒体,紧急,5.6,是,5
TK0002555,C003229,O00028398,2026-02-28,商品质量,电话,高,30.89,否,3
TK0002556,C000793,O00028427,2025-11-30,商品质量,电话,中,16.24,否,5
TK0002557,C000700,O00028445,2025-11-23,商品质量,电话,低,28.86,否,2
TK0002558,C002948,O00028460,2026-06-20,物流咨询,门店,高,17.23,否,4
TK0002559,C003546,O00028466,2026-01-23,物流咨询,门店,中,12.17,否,4
TK0002560,C001566,O00028475,2026-02-27,退换货,门店,中,24.48,否,3
TK0002561,C003036,O00028476,2025-12-05,物流咨询,电话,低,29.88,否,2
TK0002562,C000102,O00028482,2025-11-23,促销规则,社交媒体,紧急,5.94,是,5
TK0002563,C003270,O00028483,2025-10-11,物流咨询,门店,紧急,22.73,否,3
TK0002564,C003515,O00028502,2026-04-08,物流咨询,门店,中,32.87,否,4
TK0002565,C002429,O00028503,2026-07-09,退换货,社交媒体,高,24.79,否,3
TK0002566,C003592,O00028504,2026-03-27,安装使用,门店,中,19.5,否,3
TK0002567,C000233,O00028511,2025-10-23,物流咨询,门店,中,6.68,是,3
TK0002568,C002371,O00028513,2026-06-22,物流咨询,在线客服,高,19.93,否,5
TK0002569,C003408,O00028535,2026-02-13,物流咨询,门店,低,28.83,否,3
TK0002570,C002247,O00028537,2025-08-08,促销规则,在线客服,中,11.85,否,5
TK0002571,C002680,O00028540,2025-11-27,物流咨询,电话,中,3.15,是,4
TK0002572,C000660,O00028554,2025-11-14,促销规则,社交媒体,低,13.35,否,4
TK0002573,C004293,O00028563,2025-08-14,物流咨询,在线客服,中,2.93,是,5
TK0002574,C004602,O00028564,2026-07-10,发票支付,在线客服,紧急,21.52,否,4
TK0002575,C002015,O00028574,2025-09-21,发票支付,社交媒体,中,35.49,否,2
TK0002576,C002485,O00028577,2026-05-17,物流咨询,电话,低,34.69,否,4
TK0002577,C001807,O00028582,2026-05-14,物流咨询,在线客服,紧急,27.63,否,2
TK0002578,C002612,O00028592,2025-10-20,商品质量,门店,高,3.12,是,5
TK0002579,C000891,O00028642,2026-02-15,物流咨询,社交媒体,低,2.23,是,5
TK0002580,C000982,O00028661,2026-01-19,安装使用,在线客服,中,9.66,否,4
TK0002581,C000189,O00028690,2025-11-26,退换货,社交媒体,中,25.39,否,4
TK0002582,C002107,O00028695,2025-09-26,商品质量,社交媒体,低,9.79,否,5
TK0002583,C003712,O00028706,2025-12-04,促销规则,社交媒体,高,15.66,否,3
TK0002584,C003620,O00028713,2025-10-06,物流咨询,社交媒体,高,9.18,否,4
TK0002585,C004448,O00028726,2025-10-08,退换货,社交媒体,高,34.74,否,3
TK0002586,C000214,O00028747,2026-07-03,促销规则,在线客服,低,1.62,是,5
TK0002587,C004380,O00028748,2025-10-29,物流咨询,电话,中,18.93,否,3
TK0002588,C002563,O00028757,2026-03-07,安装使用,电话,中,25.25,否,3
TK0002589,C001506,O00028762,2025-09-06,退换货,在线客服,低,11.72,否,5
TK0002590,C004298,O00028763,2026-03-06,退换货,社交媒体,高,10.79,否,4
TK0002591,C004366,O00028764,2025-11-03,物流咨询,电话,高,34.02,否,3
TK0002592,C000510,O00028768,2025-11-30,退换货,社交媒体,高,22.48,否,4
TK0002593,C003352,O00028783,2025-12-24,物流咨询,电话,中,9.05,否,4
TK0002594,C002501,O00028796,2026-05-16,商品质量,在线客服,高,8.64,否,5
TK0002595,C002059,O00028799,2026-02-19,退换货,门店,高,30.85,否,3
TK0002596,C000281,O00028808,2026-04-13,安装使用,在线客服,低,35.98,否,3
TK0002597,C000955,O00028815,2026-04-09,发票支付,社交媒体,中,13.41,否,4
TK0002598,C004434,O00028817,2025-10-22,发票支付,电话,中,6.27,是,4
TK0002599,C000389,O00028821,2026-06-11,商品质量,在线客服,中,27.58,否,2
TK0002600,C003122,O00028823,2026-01-09,商品质量,在线客服,低,23.99,否,4
TK0002601,C004136,O00028829,2025-09-15,物流咨询,电话,中,7.73,是,4
TK0002602,C001039,O00028859,2025-11-03,退换货,电话,中,33.42,否,3
TK0002603,C000032,O00028869,2026-06-02,商品质量,社交媒体,中,24.98,否,3
TK0002604,C001680,O00028871,2025-08-06,物流咨询,电话,高,21.27,否,4
TK0002605,C004427,O00028911,2025-12-27,物流咨询,电话,低,27.79,否,3
TK0002606,C000441,O00028929,2026-07-15,促销规则,电话,高,10.75,否,5
TK0002607,C001045,O00028937,2025-09-08,安装使用,门店,低,5.51,是,4
TK0002608,C000064,O00028963,2025-12-29,促销规则,社交媒体,高,24.03,否,4
TK0002609,C004394,O00028973,2026-05-05,物流咨询,社交媒体,中,9.69,否,4
TK0002610,C002324,O00028976,2026-01-12,退换货,电话,中,18.39,否,4
TK0002611,C001968,O00029001,2025-10-30,物流咨询,电话,中,21.67,否,3
TK0002612,C000326,O00029004,2025-09-30,促销规则,社交媒体,中,14.24,否,3
TK0002613,C003202,O00029015,2026-03-07,商品质量,电话,中,19.2,否,3
TK0002614,C003825,O00029016,2026-01-16,发票支付,在线客服,中,29.76,否,3
TK0002615,C002575,O00029035,2025-09-07,退换货,社交媒体,中,2.35,是,5
TK0002616,C000799,O00029074,2026-05-24,发票支付,社交媒体,中,27.79,否,3
TK0002617,C001834,O00029089,2025-12-13,物流咨询,在线客服,高,34.17,否,2
TK0002618,C003554,O00029096,2025-12-12,物流咨询,在线客服,中,10.52,否,4
TK0002619,C003274,O00029100,2026-07-24,商品质量,电话,低,3.43,是,5
TK0002620,C004300,O00029106,2026-03-15,安装使用,在线客服,低,8.99,否,5
TK0002621,C000412,O00029112,2026-06-26,物流咨询,社交媒体,高,16.34,否,4
TK0002622,C004858,O00029121,2026-03-18,安装使用,电话,低,32.04,否,3
TK0002623,C001941,O00029126,2026-05-14,促销规则,在线客服,中,4.49,是,4
TK0002624,C000828,O00029140,2026-05-14,商品质量,社交媒体,中,26.44,否,3
TK0002625,C003050,O00029142,2025-11-04,物流咨询,门店,低,7.92,是,5
TK0002626,C002757,O00029144,2026-06-07,物流咨询,在线客服,中,30.0,否,3
TK0002627,C001151,O00029154,2025-12-05,物流咨询,社交媒体,中,25.12,否,4
TK0002628,C004578,O00029157,2026-03-08,安装使用,社交媒体,低,12.56,否,4
TK0002629,C004172,O00029165,2025-09-01,发票支付,社交媒体,高,1.09,是,4
TK0002630,C003568,O00029170,2026-02-09,安装使用,在线客服,低,35.76,否,2
TK0002631,C001346,O00029177,2025-12-19,安装使用,门店,中,14.33,否,4
TK0002632,C000119,O00029193,2026-04-27,物流咨询,在线客服,中,18.54,否,3
TK0002633,C004321,O00029201,2025-12-19,物流咨询,电话,中,13.31,否,4
TK0002634,C004127,O00029204,2026-06-18,物流咨询,电话,中,2.93,是,5
TK0002635,C002294,O00029206,2026-06-01,商品质量,社交媒体,低,2.1,是,4
TK0002636,C001534,O00029209,2025-12-19,商品质量,社交媒体,低,14.63,否,4
TK0002637,C004386,O00029236,2025-11-23,物流咨询,电话,高,10.44,否,4
TK0002638,C001555,O00029243,2026-06-06,退换货,在线客服,中,12.59,否,4
TK0002639,C004174,O00029265,2026-05-19,商品质量,电话,高,6.12,是,5
TK0002640,C004713,O00029279,2026-03-25,退换货,在线客服,中,17.32,否,5
TK0002641,C002895,O00029292,2025-12-20,退换货,门店,低,28.3,否,4
TK0002642,C003562,O00029305,2026-02-18,商品质量,门店,高,30.85,否,2
TK0002643,C001506,O00029323,2026-02-08,退换货,电话,中,10.48,否,5
TK0002644,C001452,O00029334,2025-09-11,安装使用,社交媒体,中,29.62,否,3
TK0002645,C001711,O00029336,2026-06-16,物流咨询,社交媒体,高,9.72,否,5
TK0002646,C002875,O00029347,2025-12-21,退换货,在线客服,低,19.1,否,4
TK0002647,C002729,O00029366,2026-03-11,退换货,门店,低,33.91,否,3
TK0002648,C003636,O00029367,2026-05-28,发票支付,在线客服,低,8.53,否,5
TK0002649,C003506,O00029369,2026-01-14,安装使用,门店,中,28.51,否,3
TK0002650,C001557,O00029377,2025-11-22,商品质量,门店,低,4.57,是,5
TK0002651,C000432,O00029394,2026-05-05,安装使用,在线客服,高,19.22,否,4
TK0002652,C003331,O00029403,2026-05-05,物流咨询,门店,中,35.09,否,3
TK0002653,C004293,O00029419,2026-04-30,物流咨询,在线客服,低,14.85,否,4
TK0002654,C000633,O00029423,2026-01-13,商品质量,在线客服,高,20.01,否,4
TK0002655,C000973,O00029430,2025-09-03,商品质量,在线客服,低,8.93,否,4
TK0002656,C000858,O00029444,2025-08-15,安装使用,电话,低,2.68,是,5
TK0002657,C000540,O00029445,2025-08-17,发票支付,社交媒体,低,31.91,否,2
TK0002658,C000670,O00029451,2026-02-28,退换货,门店,低,3.52,是,3
TK0002659,C002128,O00029483,2026-02-18,物流咨询,电话,紧急,24.94,否,4
TK0002660,C001878,O00029484,2025-09-04,退换货,社交媒体,中,15.62,否,4
TK0002661,C002996,O00029500,2026-05-25,物流咨询,在线客服,中,22.55,否,4
TK0002662,C003061,O00029501,2026-03-04,商品质量,电话,高,17.17,否,4
TK0002663,C003339,O00029513,2025-08-16,物流咨询,在线客服,低,1.72,是,5
TK0002664,C001087,O00029527,2025-11-29,物流咨询,门店,中,1.09,是,4
TK0002665,C004520,O00029551,2025-12-02,物流咨询,在线客服,中,4.78,是,5
TK0002666,C003410,O00029553,2025-10-12,物流咨询,社交媒体,中,25.15,否,3
TK0002667,C000228,O00029572,2025-09-21,商品质量,在线客服,中,3.42,是,5
TK0002668,C000977,O00029578,2025-12-02,退换货,门店,低,20.3,否,4
TK0002669,C002274,O00029581,2026-06-05,商品质量,电话,中,1.04,是,5
TK0002670,C001687,O00029613,2026-02-03,物流咨询,电话,中,27.63,否,3
TK0002671,C000045,O00029622,2026-06-28,商品质量,门店,高,9.74,否,5
TK0002672,C002444,O00029655,2025-09-16,退换货,门店,低,16.35,否,4
TK0002673,C002531,O00029670,2026-06-24,退换货,在线客服,中,32.09,否,2
TK0002674,C001881,O00029688,2025-11-14,物流咨询,社交媒体,低,31.59,否,3
TK0002675,C001304,O00029696,2025-08-26,商品质量,在线客服,中,33.72,否,2
TK0002676,C002928,O00029715,2026-06-16,退换货,电话,高,22.1,否,3
TK0002677,C001127,O00029729,2025-09-11,促销规则,社交媒体,低,17.47,否,4
TK0002678,C002019,O00029738,2026-01-29,安装使用,电话,中,24.28,否,4
TK0002679,C000094,O00029746,2025-08-19,物流咨询,社交媒体,中,33.15,否,3
TK0002680,C004943,O00029753,2026-06-04,物流咨询,社交媒体,低,2.07,是,5
TK0002681,C002750,O00029768,2025-08-22,发票支付,门店,高,35.42,否,3
TK0002682,C001067,O00029796,2026-01-09,物流咨询,社交媒体,高,12.44,否,5
TK0002683,C004427,O00029821,2025-09-03,物流咨询,社交媒体,中,23.76,否,3
TK0002684,C001231,O00029826,2026-06-27,促销规则,在线客服,高,18.75,否,4
TK0002685,C004862,O00029831,2026-04-04,物流咨询,门店,高,18.03,否,4
TK0002686,C003190,O00029832,2026-07-26,物流咨询,电话,中,17.79,否,4
TK0002687,C001109,O00029839,2025-12-10,商品质量,在线客服,低,12.87,否,4
TK0002688,C002900,O00029848,2026-02-22,物流咨询,社交媒体,中,7.8,是,5
TK0002689,C004953,O00029856,2025-09-19,安装使用,社交媒体,中,10.65,否,4
TK0002690,C004064,O00029865,2026-02-24,安装使用,在线客服,紧急,20.23,否,4
TK0002691,C001147,O00029884,2026-07-13,安装使用,电话,低,13.77,否,5
TK0002692,C003884,O00029893,2026-03-09,退换货,电话,中,5.5,是,4
TK0002693,C001137,O00029900,2025-11-25,安装使用,门店,中,32.84,否,3
TK0002694,C003713,O00029901,2026-01-11,安装使用,门店,低,7.06,是,5
TK0002695,C000735,O00029914,2026-03-15,促销规则,电话,高,16.97,否,4
TK0002696,C004779,O00029928,2026-07-21,商品质量,电话,中,21.1,否,3
TK0002697,C001362,O00029935,2026-07-17,商品质量,门店,中,16.47,否,4
TK0002698,C004543,O00029944,2026-03-29,促销规则,在线客服,中,9.2,否,5
TK0002699,C002056,O00029947,2025-10-22,物流咨询,电话,高,22.35,否,3
TK0002700,C000787,O00029968,2026-01-16,退换货,门店,中,16.4,否,4
TK0002701,C004001,O00029970,2025-10-09,物流咨询,门店,低,34.63,否,2
TK0002702,C004240,O00029982,2026-05-21,物流咨询,社交媒体,中,12.33,否,4
TK0002703,C003797,O00029986,2025-08-04,物流咨询,门店,高,21.26,否,4
TK0002704,C000437,O00029989,2026-06-26,促销规则,社交媒体,低,13.14,否,3
TK0002705,C002749,O00029995,2025-10-31,物流咨询,电话,中,16.68,否,4
TK0002706,C004416,O00030005,2025-11-26,物流咨询,门店,中,10.28,否,4
TK0002707,C001129,O00030009,2025-11-06,安装使用,社交媒体,中,4.8,是,5
TK0002708,C002941,O00030016,2026-02-09,物流咨询,在线客服,中,31.23,否,3
TK0002709,C001173,O00030027,2026-02-07,退换货,在线客服,中,20.33,否,4
TK0002710,C003002,O00030033,2026-03-04,商品质量,电话,中,34.57,否,3
TK0002711,C004559,O00030040,2026-05-16,物流咨询,电话,中,11.89,否,4
TK0002712,C004870,O00030045,2026-01-24,商品质量,在线客服,高,23.1,否,3
TK0002713,C002053,O00030047,2026-03-19,发票支付,门店,中,32.86,否,3
TK0002714,C000878,O00030054,2026-02-07,安装使用,在线客服,低,3.08,是,4
TK0002715,C000550,O00030056,2025-11-03,发票支付,在线客服,高,4.8,是,4
TK0002716,C001712,O00030059,2026-03-02,物流咨询,在线客服,高,17.82,否,4
TK0002717,C000039,O00030065,2026-08-02,退换货,社交媒体,低,29.41,否,2
TK0002718,C002075,O00030067,2026-08-02,物流咨询,门店,中,17.67,否,4
TK0002719,C001805,O00030107,2025-10-13,商品质量,在线客服,高,16.59,否,4
TK0002720,C000824,O00030133,2026-07-12,物流咨询,电话,中,6.64,是,4
TK0002721,C000932,O00030136,2026-06-10,安装使用,门店,中,3.65,是,4
TK0002722,C001433,O00030142,2025-09-04,退换货,门店,中,5.65,是,5
TK0002723,C004981,O00030166,2025-09-20,商品质量,电话,中,1.91,是,5
TK0002724,C002312,O00030167,2026-03-21,促销规则,在线客服,中,28.8,否,3
TK0002725,C000397,O00030171,2026-04-05,商品质量,电话,高,26.23,否,3
TK0002726,C000783,O00030196,2025-12-20,安装使用,电话,低,22.71,否,4
TK0002727,C003779,O00030204,2025-09-30,商品质量,社交媒体,低,1.25,是,5
TK0002728,C002531,O00030216,2026-01-05,物流咨询,门店,中,24.08,否,2
TK0002729,C002117,O00030234,2026-04-01,物流咨询,门店,中,23.29,否,3
TK0002730,C002121,O00030251,2026-07-23,物流咨询,社交媒体,中,9.92,否,5
TK0002731,C004589,O00030263,2026-04-25,物流咨询,电话,高,21.72,否,4
TK0002732,C000135,O00030266,2026-02-09,物流咨询,门店,紧急,25.26,否,2
TK0002733,C001728,O00030275,2025-12-29,物流咨询,社交媒体,中,16.28,否,4
TK0002734,C000298,O00030282,2025-09-07,商品质量,在线客服,中,12.94,否,5
TK0002735,C002430,O00030288,2025-09-07,退换货,社交媒体,中,8.11,否,5
TK0002736,C001795,O00030304,2026-03-19,物流咨询,门店,中,13.72,否,4
TK0002737,C001835,O00030308,2026-03-26,物流咨询,电话,低,18.0,否,4
TK0002738,C004221,O00030312,2026-05-09,退换货,电话,中,11.49,否,3
TK0002739,C000676,O00030335,2025-10-11,退换货,社交媒体,高,12.09,否,5
TK0002740,C002943,O00030363,2025-11-21,促销规则,电话,中,16.59,否,4
TK0002741,C002793,O00030370,2026-01-04,物流咨询,门店,低,28.3,否,3
TK0002742,C003678,O00030390,2026-01-04,安装使用,社交媒体,中,14.99,否,5
TK0002743,C003445,O00030394,2025-12-06,物流咨询,在线客服,中,23.13,否,2
TK0002744,C004383,O00030404,2026-06-29,物流咨询,在线客服,中,25.22,否,3
TK0002745,C002430,O00030441,2026-01-02,退换货,门店,中,9.94,否,4
TK0002746,C003705,O00030451,2026-03-19,物流咨询,门店,中,27.04,否,3
TK0002747,C004332,O00030478,2026-05-27,促销规则,在线客服,中,21.16,否,3
TK0002748,C003056,O00030486,2026-05-20,物流咨询,门店,高,19.54,否,3
TK0002749,C004363,O00030527,2025-09-24,促销规则,在线客服,低,14.26,否,4
TK0002750,C003237,O00030529,2026-03-20,安装使用,在线客服,高,3.69,是,4
TK0002751,C003531,O00030537,2025-08-14,促销规则,门店,中,8.17,否,4
TK0002752,C003775,O00030551,2026-06-15,促销规则,社交媒体,高,27.29,否,3
TK0002753,C004616,O00030566,2025-08-22,物流咨询,电话,中,22.63,否,3
TK0002754,C001415,O00030601,2026-04-03,安装使用,门店,低,14.49,否,5
TK0002755,C003230,O00030608,2026-01-06,商品质量,电话,低,8.36,否,4
TK0002756,C003936,O00030612,2026-08-04,促销规则,电话,紧急,30.62,否,3
TK0002757,C004413,O00030614,2025-10-19,物流咨询,门店,中,6.97,是,4
TK0002758,C004509,O00030618,2026-02-10,退换货,电话,低,21.39,否,3
TK0002759,C003560,O00030621,2025-08-01,物流咨询,社交媒体,低,30.24,否,2
TK0002760,C000263,O00030639,2025-12-02,促销规则,社交媒体,中,29.79,否,3
TK0002761,C000832,O00030663,2025-12-21,安装使用,门店,中,22.15,否,3
TK0002762,C001420,O00030666,2026-06-12,商品质量,社交媒体,低,18.75,否,4
TK0002763,C002531,O00030679,2025-12-15,物流咨询,电话,中,25.82,否,3
TK0002764,C000442,O00030718,2026-01-16,商品质量,门店,中,35.1,否,2
TK0002765,C002488,O00030768,2026-05-13,物流咨询,门店,低,13.07,否,4
TK0002766,C000284,O00030769,2026-01-30,商品质量,电话,高,3.52,是,5
TK0002767,C000243,O00030776,2026-05-05,物流咨询,电话,中,29.0,否,2
TK0002768,C004755,O00030781,2025-12-18,物流咨询,门店,中,23.21,否,4
TK0002769,C001763,O00030782,2025-12-29,物流咨询,电话,中,27.09,否,3
TK0002770,C004477,O00030792,2025-12-02,退换货,电话,低,12.46,否,4
TK0002771,C002871,O00030794,2025-08-13,商品质量,在线客服,低,2.77,是,4
TK0002772,C001959,O00030795,2026-04-22,发票支付,在线客服,紧急,19.39,否,4
TK0002773,C002789,O00030818,2026-04-14,安装使用,电话,中,35.16,否,2
TK0002774,C003775,O00030819,2026-07-08,物流咨询,门店,中,9.46,否,4
TK0002775,C002571,O00030837,2025-09-11,促销规则,门店,中,27.45,否,3
TK0002776,C002007,O00030844,2026-03-28,商品质量,门店,高,26.12,否,4
TK0002777,C003503,O00030855,2026-06-27,安装使用,电话,中,16.76,否,4
TK0002778,C004193,O00030861,2025-11-03,物流咨询,在线客服,低,31.37,否,2
TK0002779,C004165,O00030874,2026-07-23,安装使用,社交媒体,中,18.48,否,4
TK0002780,C001673,O00030877,2026-07-30,安装使用,门店,高,10.18,否,5
TK0002781,C001436,O00030879,2025-12-12,商品质量,电话,中,14.73,否,5
TK0002782,C002274,O00030884,2025-10-15,物流咨询,门店,中,33.08,否,3
TK0002783,C002770,O00030892,2026-01-31,商品质量,在线客服,低,22.87,否,3
TK0002784,C003562,O00030915,2025-11-28,退换货,电话,低,17.46,否,4
TK0002785,C003145,O00030921,2026-06-14,商品质量,门店,高,17.1,否,4
TK0002786,C000092,O00030925,2025-11-07,安装使用,电话,高,31.36,否,2
TK0002787,C002802,O00030949,2025-08-11,商品质量,在线客服,中,35.29,否,3
TK0002788,C001050,O00030966,2025-11-21,物流咨询,在线客服,中,7.23,是,5
TK0002789,C004156,O00030973,2025-10-24,商品质量,社交媒体,高,13.11,否,5
TK0002790,C002941,O00030978,2026-05-13,物流咨询,门店,高,25.28,否,4
TK0002791,C002047,O00030989,2026-05-18,退换货,电话,低,14.86,否,4
TK0002792,C004432,O00030999,2026-06-03,物流咨询,门店,高,35.54,否,3
TK0002793,C001311,O00031002,2025-12-25,商品质量,社交媒体,中,14.83,否,4
TK0002794,C004178,O00031034,2025-10-17,安装使用,门店,中,23.23,否,3
TK0002795,C003811,O00031063,2025-09-02,商品质量,在线客服,中,33.91,否,2
TK0002796,C000349,O00031069,2026-01-06,发票支付,电话,低,11.84,否,4
TK0002797,C002606,O00031078,2026-02-16,退换货,电话,中,24.61,否,4
TK0002798,C001638,O00031083,2026-01-26,退换货,社交媒体,低,3.34,是,4
TK0002799,C003301,O00031132,2026-01-30,物流咨询,门店,中,32.16,否,2
TK0002800,C004695,O00031136,2025-09-03,发票支付,在线客服,中,24.1,否,4
TK0002801,C004213,O00031137,2025-12-26,物流咨询,在线客服,低,8.7,否,3
TK0002802,C004404,O00031144,2025-12-28,安装使用,在线客服,高,13.93,否,4
TK0002803,C002978,O00031166,2026-06-19,退换货,在线客服,紧急,4.49,是,5
TK0002804,C003606,O00031212,2025-11-02,退换货,门店,低,12.47,否,3
TK0002805,C002428,O00031220,2026-01-19,安装使用,社交媒体,高,29.27,否,4
TK0002806,C000318,O00031223,2025-11-30,商品质量,电话,高,33.93,否,3
TK0002807,C003781,O00031254,2026-01-07,物流咨询,社交媒体,中,14.03,否,4
TK0002808,C002500,O00031256,2026-06-05,发票支付,社交媒体,中,20.59,否,3
TK0002809,C002469,O00031257,2026-06-01,物流咨询,电话,中,19.67,否,3
TK0002810,C002125,O00031261,2026-02-16,物流咨询,电话,中,5.65,是,4
TK0002811,C002946,O00031272,2026-05-16,物流咨询,在线客服,中,7.44,是,4
TK0002812,C001034,O00031275,2025-09-16,商品质量,在线客服,中,29.49,否,4
TK0002813,C004329,O00031282,2025-11-14,商品质量,在线客服,低,17.66,否,4
TK0002814,C002790,O00031289,2026-06-08,促销规则,门店,中,13.4,否,5
TK0002815,C003646,O00031292,2025-12-10,物流咨询,在线客服,低,5.6,是,4
TK0002816,C000339,O00031293,2025-10-17,物流咨询,在线客服,中,10.61,否,4
TK0002817,C002020,O00031299,2025-09-30,促销规则,门店,高,11.86,否,4
TK0002818,C000724,O00031317,2025-11-23,物流咨询,在线客服,低,19.63,否,4
TK0002819,C004605,O00031326,2026-01-05,促销规则,社交媒体,中,6.88,是,4
TK0002820,C000174,O00031329,2026-01-30,退换货,门店,低,35.31,否,3
TK0002821,C001370,O00031338,2026-06-06,促销规则,社交媒体,中,18.02,否,4
TK0002822,C000457,O00031362,2025-11-11,商品质量,在线客服,低,31.87,否,4
TK0002823,C000357,O00031371,2026-02-22,安装使用,门店,中,16.54,否,3
TK0002824,C000185,O00031372,2026-01-27,安装使用,在线客服,低,24.87,否,3
TK0002825,C003018,O00031373,2026-06-21,安装使用,门店,中,15.8,否,3
TK0002826,C003333,O00031394,2025-11-14,安装使用,电话,高,13.37,否,4
TK0002827,C004532,O00031398,2026-05-20,退换货,电话,低,25.52,否,3
TK0002828,C003423,O00031399,2026-07-26,安装使用,门店,高,33.69,否,4
TK0002829,C002135,O00031415,2026-04-28,物流咨询,在线客服,低,6.61,是,5
TK0002830,C003706,O00031429,2026-03-06,物流咨询,在线客服,低,33.16,否,3
TK0002831,C001748,O00031439,2025-11-12,退换货,电话,低,1.77,是,5
TK0002832,C004382,O00031443,2026-04-28,促销规则,门店,高,27.73,否,4
TK0002833,C004604,O00031447,2025-12-24,物流咨询,门店,低,25.25,否,3
TK0002834,C001517,O00031450,2026-02-20,物流咨询,社交媒体,中,16.53,否,3
TK0002835,C000671,O00031473,2025-11-11,安装使用,在线客服,高,21.3,否,4
TK0002836,C002237,O00031485,2026-05-10,物流咨询,社交媒体,低,28.85,否,3
TK0002837,C003210,O00031490,2025-12-19,物流咨询,在线客服,中,17.84,否,4
TK0002838,C001625,O00031491,2025-08-25,物流咨询,在线客服,低,7.75,是,4
TK0002839,C000551,O00031492,2025-11-29,促销规则,在线客服,低,30.55,否,3
TK0002840,C003434,O00031519,2026-07-07,退换货,电话,中,4.2,是,5
TK0002841,C001162,O00031520,2025-10-21,发票支付,在线客服,中,10.76,否,4
TK0002842,C000689,O00031579,2025-11-23,物流咨询,社交媒体,中,28.19,否,2
TK0002843,C002797,O00031585,2025-08-08,物流咨询,电话,中,30.78,否,2
TK0002844,C000658,O00031589,2025-12-20,退换货,门店,中,27.19,否,4
TK0002845,C002861,O00031590,2026-03-06,物流咨询,在线客服,紧急,3.08,是,5
TK0002846,C003248,O00031594,2026-01-09,物流咨询,社交媒体,低,13.84,否,5
TK0002847,C002310,O00031614,2025-11-12,物流咨询,门店,低,4.77,是,5
TK0002848,C001535,O00031617,2026-07-07,物流咨询,电话,低,29.01,否,3
TK0002849,C003462,O00031622,2026-06-21,物流咨询,门店,低,2.79,是,4
TK0002850,C001376,O00031635,2026-05-17,物流咨询,门店,中,1.58,是,5
TK0002851,C002653,O00031636,2026-01-02,安装使用,在线客服,中,10.61,否,4
TK0002852,C000592,O00031640,2025-11-28,物流咨询,电话,中,24.22,否,3
TK0002853,C002791,O00031645,2026-05-30,商品质量,社交媒体,低,25.71,否,3
TK0002854,C003312,O00031660,2025-09-06,物流咨询,门店,低,22.14,否,4
TK0002855,C002550,O00031663,2025-12-31,促销规则,在线客服,中,15.1,否,5
TK0002856,C003573,O00031666,2026-04-05,物流咨询,门店,中,21.29,否,3
TK0002857,C003356,O00031674,2026-05-13,促销规则,在线客服,高,24.47,否,3
TK0002858,C004206,O00031682,2025-09-10,物流咨询,门店,高,16.75,否,4
TK0002859,C004626,O00031701,2026-06-09,物流咨询,社交媒体,高,25.03,否,2
TK0002860,C003704,O00031719,2026-03-10,退换货,电话,中,32.49,否,3
TK0002861,C003504,O00031733,2026-04-22,商品质量,门店,紧急,34.61,否,3
TK0002862,C004509,O00031743,2025-12-09,物流咨询,电话,中,1.39,是,5
TK0002863,C001072,O00031748,2026-05-23,退换货,电话,高,17.91,否,4
TK0002864,C000794,O00031763,2026-05-18,商品质量,电话,中,2.19,是,5
TK0002865,C003958,O00031765,2026-05-31,物流咨询,门店,低,19.24,否,4
TK0002866,C004798,O00031775,2026-02-19,物流咨询,电话,中,16.57,否,3
TK0002867,C004795,O00031786,2025-12-21,安装使用,社交媒体,中,5.93,是,5
TK0002868,C002329,O00031794,2026-05-26,物流咨询,在线客服,低,31.8,否,3
TK0002869,C004791,O00031807,2026-04-11,物流咨询,门店,中,8.09,否,5
TK0002870,C004980,O00031822,2025-10-29,物流咨询,社交媒体,低,19.52,否,3
TK0002871,C000419,O00031824,2025-12-19,退换货,社交媒体,中,16.77,否,4
TK0002872,C000478,O00031831,2026-02-02,促销规则,电话,低,33.35,否,4
TK0002873,C002776,O00031833,2026-07-25,物流咨询,在线客服,中,24.94,否,3
TK0002874,C000716,O00031836,2026-07-19,促销规则,社交媒体,低,4.69,是,5
TK0002875,C001225,O00031837,2026-03-22,商品质量,电话,高,24.37,否,2
TK0002876,C002451,O00031841,2026-02-11,促销规则,电话,低,12.84,否,4
TK0002877,C003528,O00031856,2025-09-23,物流咨询,在线客服,中,18.48,否,4
TK0002878,C002761,O00031858,2026-03-05,退换货,门店,中,35.64,否,3
TK0002879,C002199,O00031866,2025-09-16,物流咨询,社交媒体,低,9.36,否,4
TK0002880,C000483,O00031871,2025-08-30,物流咨询,社交媒体,中,6.13,是,5
TK0002881,C001703,O00031872,2025-12-21,安装使用,社交媒体,中,18.0,否,5
TK0002882,C003783,O00031876,2026-05-12,促销规则,电话,低,6.32,是,5
TK0002883,C000887,O00031888,2026-06-08,促销规则,在线客服,高,35.33,否,3
TK0002884,C001273,O00031889,2026-06-10,物流咨询,门店,低,7.75,是,4
TK0002885,C001050,O00031911,2026-04-20,物流咨询,在线客服,低,30.91,否,3
TK0002886,C001424,O00031914,2025-09-01,退换货,门店,紧急,4.86,是,4
TK0002887,C000327,O00031917,2026-04-06,物流咨询,门店,紧急,33.04,否,4
TK0002888,C002491,O00031921,2025-08-29,物流咨询,社交媒体,中,14.78,否,4
TK0002889,C000334,O00031926,2026-02-15,物流咨询,电话,紧急,9.33,否,4
TK0002890,C001083,O00031927,2026-01-12,退换货,社交媒体,高,20.39,否,5
TK0002891,C003003,O00031941,2025-12-08,发票支付,社交媒体,中,29.8,否,2
TK0002892,C004610,O00031946,2026-05-19,物流咨询,电话,低,2.38,是,5
TK0002893,C002293,O00031956,2026-05-10,退换货,门店,中,3.3,是,4
TK0002894,C003776,O00031966,2026-02-02,安装使用,社交媒体,低,12.89,否,4
TK0002895,C002024,O00031967,2026-05-21,商品质量,电话,中,31.63,否,3
TK0002896,C000213,O00031979,2025-08-04,安装使用,在线客服,高,13.27,否,4
TK0002897,C003910,O00031997,2025-09-05,促销规则,在线客服,紧急,33.95,否,3
TK0002898,C000274,O00031999,2025-12-23,物流咨询,在线客服,低,9.85,否,4
TK0002899,C003584,O00032015,2026-07-11,安装使用,社交媒体,低,3.95,是,5
TK0002900,C004593,O00032017,2026-06-11,物流咨询,门店,中,30.74,否,3
TK0002901,C002748,O00032056,2026-05-23,商品质量,在线客服,低,26.07,否,3
TK0002902,C003300,O00032060,2025-08-30,安装使用,门店,中,3.36,是,5
TK0002903,C002403,O00032073,2026-03-25,退换货,门店,中,19.46,否,3
TK0002904,C004393,O00032097,2026-04-28,物流咨询,在线客服,中,28.34,否,3
TK0002905,C001654,O00032104,2025-09-14,商品质量,社交媒体,高,6.49,是,5
TK0002906,C004868,O00032105,2025-12-31,商品质量,社交媒体,高,8.37,否,5
TK0002907,C001277,O00032110,2026-04-13,安装使用,门店,高,17.26,否,4
TK0002908,C004608,O00032119,2026-03-01,物流咨询,电话,低,25.93,否,3
TK0002909,C000997,O00032123,2026-07-14,物流咨询,社交媒体,中,3.16,是,4
TK0002910,C003393,O00032141,2025-11-04,安装使用,门店,低,18.13,否,4
TK0002911,C000775,O00032143,2026-04-11,退换货,在线客服,中,29.15,否,3
TK0002912,C004495,O00032160,2026-04-24,安装使用,电话,低,31.64,否,3
TK0002913,C003837,O00032164,2025-11-28,物流咨询,门店,紧急,28.8,否,4
TK0002914,C002520,O00032166,2026-01-25,退换货,社交媒体,中,11.84,否,4
TK0002915,C003182,O00032182,2026-03-03,物流咨询,在线客服,中,32.77,否,2
TK0002916,C001286,O00032184,2026-06-29,物流咨询,电话,低,22.96,否,3
TK0002917,C001812,O00032201,2026-07-13,安装使用,在线客服,高,29.43,否,3
TK0002918,C002689,O00032207,2026-02-13,促销规则,电话,高,29.91,否,3
TK0002919,C002932,O00032242,2025-09-03,物流咨询,电话,中,28.42,否,4
TK0002920,C000890,O00032255,2026-01-13,退换货,门店,中,29.47,否,4
TK0002921,C003880,O00032259,2026-04-05,退换货,社交媒体,中,13.98,否,5
TK0002922,C000668,O00032281,2026-08-03,商品质量,电话,低,21.18,否,4
TK0002923,C002126,O00032308,2025-12-09,安装使用,在线客服,低,35.39,否,4
TK0002924,C003742,O00032309,2025-10-29,发票支付,社交媒体,高,32.89,否,2
TK0002925,C002385,O00032323,2026-02-18,商品质量,在线客服,高,19.09,否,4
TK0002926,C004058,O00032346,2026-06-28,商品质量,门店,中,30.01,否,3
TK0002927,C000424,O00032363,2025-11-10,物流咨询,门店,中,15.68,否,3
TK0002928,C004273,O00032369,2025-10-26,促销规则,在线客服,高,1.99,是,4
TK0002929,C000199,O00032374,2026-04-19,促销规则,在线客服,高,29.22,否,2
TK0002930,C004577,O00032377,2025-09-28,发票支付,社交媒体,高,21.93,否,4
TK0002931,C000916,O00032379,2025-09-12,退换货,电话,低,3.94,是,5
TK0002932,C004879,O00032385,2026-05-08,商品质量,在线客服,中,29.24,否,3
TK0002933,C002624,O00032397,2025-12-02,促销规则,电话,中,4.76,是,5
TK0002934,C002232,O00032403,2026-01-04,物流咨询,门店,高,16.45,否,4
TK0002935,C000552,O00032405,2026-07-27,发票支付,社交媒体,中,12.43,否,4
TK0002936,C004874,O00032409,2026-06-20,物流咨询,在线客服,低,10.99,否,5
TK0002937,C004556,O00032410,2025-08-30,发票支付,电话,中,9.94,否,4
TK0002938,C004606,O00032423,2026-07-23,安装使用,门店,低,22.99,否,4
TK0002939,C004595,O00032434,2025-12-24,退换货,门店,高,13.92,否,4
TK0002940,C001230,O00032451,2025-12-22,退换货,门店,中,17.31,否,4
TK0002941,C004502,O00032461,2025-11-09,退换货,门店,低,8.19,否,5
TK0002942,C002359,O00032466,2026-03-18,商品质量,社交媒体,中,14.35,否,3
TK0002943,C003301,O00032467,2025-12-19,物流咨询,电话,低,16.05,否,4
TK0002944,C003571,O00032471,2026-01-30,发票支付,电话,中,33.11,否,3
TK0002945,C001439,O00032487,2026-01-26,物流咨询,社交媒体,高,29.73,否,2
TK0002946,C000160,O00032501,2025-11-08,退换货,在线客服,紧急,28.04,否,4
TK0002947,C000549,O00032508,2026-04-13,物流咨询,电话,中,28.74,否,3
TK0002948,C003416,O00032521,2025-11-19,物流咨询,社交媒体,低,31.63,否,2
TK0002949,C001327,O00032531,2026-03-30,物流咨询,电话,高,21.81,否,4
TK0002950,C002496,O00032538,2025-12-23,物流咨询,社交媒体,中,4.09,是,5
TK0002951,C000270,O00032548,2026-04-24,物流咨询,在线客服,中,13.14,否,4
TK0002952,C001661,O00032552,2026-01-07,物流咨询,电话,低,6.32,是,4
TK0002953,C002014,O00032562,2026-02-14,物流咨询,门店,低,33.35,否,2
TK0002954,C001230,O00032565,2026-05-03,促销规则,电话,高,5.31,是,4
TK0002955,C001829,O00032589,2026-01-28,商品质量,门店,中,11.47,否,4
TK0002956,C003862,O00032593,2025-12-05,商品质量,门店,中,3.41,是,5
TK0002957,C000850,O00032598,2025-11-21,商品质量,在线客服,中,13.58,否,4
TK0002958,C004997,O00032604,2026-02-24,退换货,社交媒体,中,25.06,否,3
TK0002959,C002163,O00032605,2026-03-18,促销规则,社交媒体,中,2.85,是,5
TK0002960,C003003,O00032612,2025-08-18,商品质量,在线客服,高,11.94,否,4
TK0002961,C000319,O00032613,2025-11-29,退换货,在线客服,高,20.89,否,4
TK0002962,C002722,O00032621,2026-01-07,安装使用,门店,中,32.93,否,2
TK0002963,C004952,O00032625,2026-07-23,退换货,电话,高,28.86,否,3
TK0002964,C003024,O00032631,2026-02-23,物流咨询,社交媒体,高,29.28,否,2
TK0002965,C000260,O00032689,2025-10-17,促销规则,电话,低,17.15,否,4
TK0002966,C001156,O00032697,2025-11-13,商品质量,社交媒体,低,16.18,否,4
TK0002967,C004670,O00032702,2025-08-22,退换货,电话,中,17.8,否,4
TK0002968,C001189,O00032711,2026-02-17,物流咨询,在线客服,中,23.23,否,3
TK0002969,C002459,O00032715,2026-04-17,商品质量,在线客服,中,33.5,否,3
TK0002970,C002411,O00032722,2026-05-04,物流咨询,电话,高,31.05,否,3
TK0002971,C002607,O00032724,2026-07-29,退换货,在线客服,中,3.62,是,4
TK0002972,C002977,O00032732,2025-08-02,物流咨询,在线客服,紧急,23.98,否,3
TK0002973,C004879,O00032741,2026-06-22,物流咨询,社交媒体,中,31.82,否,3
TK0002974,C003482,O00032749,2025-10-23,商品质量,门店,中,8.95,否,4
TK0002975,C001868,O00032750,2025-10-11,退换货,门店,低,5.06,是,5
TK0002976,C001598,O00032753,2026-04-11,安装使用,门店,低,9.15,否,4
TK0002977,C001471,O00032771,2026-03-28,退换货,电话,高,8.89,否,5
TK0002978,C004906,O00032772,2026-01-09,发票支付,门店,低,18.97,否,3
TK0002979,C003458,O00032778,2025-11-04,促销规则,门店,低,32.68,否,4
TK0002980,C000214,O00032813,2026-04-09,物流咨询,在线客服,低,32.22,否,3
TK0002981,C002450,O00032816,2026-07-11,促销规则,电话,低,35.89,否,2
TK0002982,C004117,O00032820,2025-08-16,安装使用,在线客服,低,18.69,否,4
TK0002983,C004717,O00032821,2026-01-17,发票支付,电话,低,22.34,否,4
TK0002984,C002056,O00032827,2025-11-24,安装使用,在线客服,中,22.37,否,4
TK0002985,C002251,O00032828,2026-01-02,物流咨询,在线客服,中,13.63,否,5
TK0002986,C003687,O00032838,2026-08-08,物流咨询,在线客服,低,31.98,否,2
TK0002987,C001851,O00032839,2026-01-30,商品质量,社交媒体,中,4.16,是,5
TK0002988,C000647,O00032846,2026-04-11,退换货,电话,中,22.99,否,4
TK0002989,C002054,O00032861,2026-05-04,物流咨询,电话,低,14.28,否,4
TK0002990,C000024,O00032862,2026-06-17,发票支付,社交媒体,高,8.18,否,5
TK0002991,C004118,O00032863,2025-12-26,退换货,门店,低,33.35,否,2
TK0002992,C000095,O00032870,2026-06-27,促销规则,在线客服,中,22.22,否,3
TK0002993,C002399,O00032895,2026-03-29,物流咨询,社交媒体,低,1.67,是,5
TK0002994,C000030,O00032901,2026-03-06,安装使用,社交媒体,中,16.74,否,5
TK0002995,C002929,O00032907,2026-04-29,商品质量,社交媒体,高,28.91,否,3
TK0002996,C002459,O00032937,2025-11-12,促销规则,社交媒体,中,21.85,否,3
TK0002997,C001891,O00032967,2026-04-22,物流咨询,门店,低,2.4,是,5
TK0002998,C004040,O00032976,2026-01-06,商品质量,电话,低,27.43,否,3
TK0002999,C000110,O00032985,2025-12-02,物流咨询,电话,低,34.03,否,2
TK0003000,C004317,O00033000,2025-12-11,物流咨询,门店,中,10.13,否,5
TK0003001,C004753,O00033001,2026-01-09,物流咨询,在线客服,中,24.82,否,3
TK0003002,C000864,O00033019,2025-12-25,商品质量,在线客服,中,15.89,否,4
TK0003003,C001732,O00033040,2026-07-21,发票支付,电话,低,32.9,否,3
TK0003004,C000402,O00033051,2026-06-14,物流咨询,门店,中,16.55,否,4
TK0003005,C004547,O00033058,2025-12-27,安装使用,社交媒体,低,33.68,否,3
TK0003006,C004522,O00033062,2025-12-25,商品质量,门店,中,10.21,否,4
TK0003007,C000971,O00033067,2026-04-12,退换货,门店,低,28.1,否,3
TK0003008,C004019,O00033095,2026-05-29,商品质量,在线客服,低,32.27,否,3
TK0003009,C004078,O00033096,2026-07-14,物流咨询,在线客服,低,13.9,否,4
TK0003010,C003589,O00033112,2026-06-08,商品质量,社交媒体,中,10.32,否,3
TK0003011,C000215,O00033113,2025-10-27,商品质量,门店,低,14.49,否,4
TK0003012,C001875,O00033120,2026-06-02,退换货,在线客服,高,31.48,否,2
TK0003013,C003728,O00033140,2026-02-09,物流咨询,电话,中,19.48,否,3
TK0003014,C004005,O00033143,2026-07-07,促销规则,在线客服,中,25.45,否,4
TK0003015,C004990,O00033153,2026-07-17,商品质量,门店,中,1.91,是,5
TK0003016,C002504,O00033166,2025-12-18,安装使用,社交媒体,高,28.86,否,3
TK0003017,C003739,O00033183,2026-01-23,物流咨询,电话,中,1.67,是,4
TK0003018,C000147,O00033187,2026-01-26,安装使用,在线客服,中,12.76,否,4
TK0003019,C004708,O00033193,2025-12-07,商品质量,电话,中,2.46,是,5
TK0003020,C000192,O00033195,2026-06-14,退换货,在线客服,低,18.63,否,3
TK0003021,C004577,O00033202,2026-07-19,退换货,社交媒体,中,27.56,否,3
TK0003022,C003309,O00033212,2025-10-11,物流咨询,在线客服,中,31.93,否,3
TK0003023,C004724,O00033214,2025-12-08,安装使用,门店,高,6.72,是,5
TK0003024,C004607,O00033221,2025-12-01,物流咨询,社交媒体,高,4.97,是,3
TK0003025,C000432,O00033229,2026-04-03,商品质量,电话,低,1.86,是,5
TK0003026,C003737,O00033238,2026-04-08,物流咨询,社交媒体,高,19.48,否,3
TK0003027,C003990,O00033241,2025-12-05,促销规则,门店,高,9.56,否,5
TK0003028,C003225,O00033250,2026-02-22,商品质量,在线客服,低,18.32,否,4
TK0003029,C002503,O00033254,2026-03-07,退换货,社交媒体,高,21.33,否,4
TK0003030,C004142,O00033259,2026-07-29,促销规则,门店,低,7.59,是,5
TK0003031,C001521,O00033280,2026-04-04,商品质量,在线客服,中,20.29,否,2
TK0003032,C001983,O00033297,2025-10-23,商品质量,电话,低,19.64,否,4
TK0003033,C003802,O00033310,2025-09-07,物流咨询,门店,中,35.23,否,2
TK0003034,C004966,O00033325,2026-08-01,商品质量,社交媒体,低,34.02,否,2
TK0003035,C001044,O00033338,2026-05-08,安装使用,电话,紧急,23.18,否,4
TK0003036,C002330,O00033376,2025-12-17,商品质量,门店,低,6.28,是,5
TK0003037,C004098,O00033385,2026-01-06,发票支付,社交媒体,低,19.91,否,4
TK0003038,C000352,O00033406,2026-02-24,安装使用,电话,中,3.38,是,5
TK0003039,C002646,O00033408,2025-12-07,退换货,在线客服,低,18.74,否,4
TK0003040,C002650,O00033418,2025-12-05,退换货,社交媒体,中,23.83,否,4
TK0003041,C001594,O00033419,2025-11-07,物流咨询,电话,中,33.92,否,2
TK0003042,C001976,O00033421,2026-04-16,物流咨询,在线客服,中,24.55,否,4
TK0003043,C002812,O00033426,2025-11-29,发票支付,社交媒体,低,14.09,否,3
TK0003044,C004123,O00033430,2026-04-04,安装使用,门店,中,8.43,否,4
TK0003045,C002386,O00033437,2026-05-30,物流咨询,电话,中,9.8,否,4
TK0003046,C002228,O00033438,2025-11-05,促销规则,门店,中,31.22,否,3
TK0003047,C004316,O00033446,2026-04-26,促销规则,在线客服,中,9.05,否,4
TK0003048,C000652,O00033466,2026-05-28,商品质量,在线客服,低,35.93,否,3
TK0003049,C003044,O00033471,2026-02-10,安装使用,电话,中,26.68,否,3
TK0003050,C000455,O00033505,2026-07-21,退换货,社交媒体,低,25.58,否,3
TK0003051,C001239,O00033516,2026-01-01,物流咨询,电话,中,3.43,是,4
TK0003052,C002007,O00033527,2025-11-09,商品质量,电话,中,7.75,是,4
TK0003053,C002450,O00033540,2026-05-23,安装使用,社交媒体,中,23.81,否,3
TK0003054,C004779,O00033556,2026-01-08,物流咨询,社交媒体,低,17.27,否,3
TK0003055,C002154,O00033568,2026-04-18,物流咨询,在线客服,中,25.97,否,4
TK0003056,C004271,O00033571,2025-09-11,退换货,社交媒体,中,24.44,否,4
TK0003057,C001222,O00033577,2026-06-16,物流咨询,门店,中,12.54,否,5
TK0003058,C003522,O00033581,2025-12-01,发票支付,在线客服,低,20.71,否,4
TK0003059,C004958,O00033582,2025-09-13,促销规则,在线客服,紧急,30.41,否,3
TK0003060,C001232,O00033609,2025-09-17,商品质量,电话,高,18.32,否,4
TK0003061,C003045,O00033630,2025-12-22,商品质量,社交媒体,低,7.61,是,5
TK0003062,C004975,O00033631,2026-06-12,促销规则,门店,低,32.85,否,3
TK0003063,C002665,O00033636,2025-11-23,促销规则,在线客服,中,18.39,否,4
TK0003064,C000313,O00033640,2026-05-12,商品质量,在线客服,中,35.27,否,4
TK0003065,C000382,O00033669,2026-07-24,退换货,社交媒体,低,10.32,否,4
TK0003066,C003668,O00033674,2026-01-21,物流咨询,门店,高,23.08,否,3
TK0003067,C003838,O00033678,2025-08-21,物流咨询,电话,中,25.33,否,3
TK0003068,C002685,O00033686,2025-12-23,商品质量,门店,高,23.69,否,4
TK0003069,C001592,O00033698,2025-08-29,物流咨询,门店,中,19.32,否,4
TK0003070,C002278,O00033704,2025-10-03,物流咨询,社交媒体,中,26.83,否,2
TK0003071,C003054,O00033705,2026-04-14,商品质量,电话,中,35.97,否,2
TK0003072,C001284,O00033713,2025-09-29,商品质量,在线客服,低,1.54,是,5
TK0003073,C001253,O00033719,2025-11-06,物流咨询,社交媒体,高,8.47,否,4
TK0003074,C004957,O00033724,2026-05-20,物流咨询,电话,低,13.97,否,5
TK0003075,C000006,O00033733,2025-12-16,物流咨询,社交媒体,中,28.83,否,2
TK0003076,C002247,O00033774,2025-11-17,安装使用,社交媒体,高,10.57,否,4
TK0003077,C002190,O00033785,2026-03-21,商品质量,电话,中,34.56,否,4
TK0003078,C004130,O00033820,2025-10-19,商品质量,门店,中,6.79,是,5
TK0003079,C001678,O00033821,2026-01-26,商品质量,电话,中,21.64,否,4
TK0003080,C001696,O00033822,2026-02-09,安装使用,在线客服,中,23.42,否,4
TK0003081,C004173,O00033825,2025-10-12,安装使用,门店,高,10.6,否,4
TK0003082,C004470,O00033850,2025-10-17,商品质量,在线客服,中,31.51,否,3
TK0003083,C002861,O00033855,2025-11-19,物流咨询,在线客服,紧急,10.11,否,4
TK0003084,C002771,O00033859,2026-07-14,商品质量,社交媒体,紧急,35.73,否,3
TK0003085,C003351,O00033864,2026-06-03,物流咨询,社交媒体,低,19.78,否,4
TK0003086,C003149,O00033872,2025-12-02,安装使用,电话,中,32.91,否,4
TK0003087,C002724,O00033876,2026-03-01,促销规则,电话,低,1.44,是,4
TK0003088,C004077,O00033885,2025-12-28,发票支付,门店,高,35.06,否,2
TK0003089,C003511,O00033887,2026-06-28,物流咨询,在线客服,高,27.96,否,3
TK0003090,C003027,O00033895,2026-02-16,物流咨询,电话,中,13.04,否,3
TK0003091,C003137,O00033902,2026-05-03,物流咨询,社交媒体,中,21.06,否,3
TK0003092,C000974,O00033919,2026-07-03,安装使用,门店,紧急,12.29,否,4
TK0003093,C003755,O00033922,2025-11-23,物流咨询,社交媒体,高,31.29,否,2
TK0003094,C004832,O00033951,2025-12-10,退换货,门店,低,1.71,是,4
TK0003095,C000315,O00033954,2025-12-07,安装使用,门店,低,4.88,是,5
TK0003096,C002708,O00033955,2026-05-05,退换货,电话,紧急,6.07,是,5
TK0003097,C001476,O00033967,2025-11-26,发票支付,门店,低,9.24,否,5
TK0003098,C003330,O00033978,2026-06-26,安装使用,社交媒体,中,26.07,否,4
TK0003099,C001062,O00034007,2025-12-28,物流咨询,电话,中,19.17,否,3
TK0003100,C002024,O00034017,2025-12-15,发票支付,社交媒体,中,20.04,否,4
TK0003101,C004104,O00034039,2025-08-21,物流咨询,在线客服,高,28.11,否,3
TK0003102,C002250,O00034062,2026-05-31,商品质量,在线客服,中,33.47,否,3
TK0003103,C000879,O00034064,2026-03-12,促销规则,社交媒体,低,31.4,否,3
TK0003104,C001979,O00034096,2025-12-25,发票支付,电话,高,13.09,否,5
TK0003105,C003560,O00034121,2026-06-18,商品质量,在线客服,中,1.75,是,5
TK0003106,C002367,O00034124,2026-08-04,物流咨询,电话,中,5.22,是,4
TK0003107,C003062,O00034125,2025-09-29,物流咨询,社交媒体,低,5.17,是,5
TK0003108,C003907,O00034141,2026-06-05,安装使用,电话,低,30.21,否,3
TK0003109,C000441,O00034142,2025-12-28,物流咨询,社交媒体,低,10.67,否,3
TK0003110,C001254,O00034156,2025-09-07,商品质量,电话,高,13.07,否,5
TK0003111,C001473,O00034167,2026-04-22,商品质量,社交媒体,中,11.24,否,4
TK0003112,C004283,O00034168,2026-06-16,物流咨询,门店,低,25.72,否,3
TK0003113,C001373,O00034169,2025-08-10,物流咨询,在线客服,中,1.5,是,5
TK0003114,C003579,O00034194,2025-09-22,物流咨询,社交媒体,低,30.17,否,3
TK0003115,C003499,O00034212,2026-02-02,物流咨询,门店,中,16.84,否,4
TK0003116,C000266,O00034218,2025-09-13,安装使用,电话,高,8.07,否,5
TK0003117,C002806,O00034229,2026-01-28,商品质量,在线客服,中,31.31,否,3
TK0003118,C001848,O00034254,2026-01-17,物流咨询,电话,低,22.01,否,3
TK0003119,C000281,O00034264,2025-08-15,安装使用,社交媒体,中,17.94,否,4
TK0003120,C003191,O00034272,2026-05-05,发票支付,社交媒体,低,34.18,否,4
TK0003121,C004262,O00034302,2026-05-10,退换货,在线客服,低,35.16,否,3
TK0003122,C000572,O00034310,2025-09-23,物流咨询,社交媒体,中,30.32,否,2
TK0003123,C001141,O00034311,2025-10-05,物流咨询,在线客服,中,32.93,否,4
TK0003124,C004725,O00034316,2025-09-21,安装使用,社交媒体,高,25.21,否,3
TK0003125,C003524,O00034323,2026-04-15,安装使用,门店,中,11.5,否,5
TK0003126,C003623,O00034341,2026-05-27,商品质量,门店,紧急,17.78,否,3
TK0003127,C003238,O00034342,2026-06-01,退换货,在线客服,高,13.82,否,5
TK0003128,C001024,O00034393,2026-01-20,促销规则,电话,中,29.66,否,3
TK0003129,C002356,O00034394,2026-04-17,安装使用,在线客服,中,25.62,否,4
TK0003130,C002876,O00034401,2026-03-15,物流咨询,在线客服,中,4.29,是,4
TK0003131,C002764,O00034402,2025-10-04,商品质量,门店,中,8.2,否,5
TK0003132,C003994,O00034403,2026-06-11,安装使用,门店,中,6.36,是,4
TK0003133,C002753,O00034408,2026-06-21,物流咨询,门店,高,23.19,否,4
TK0003134,C003080,O00034414,2026-02-21,物流咨询,在线客服,中,25.23,否,2
TK0003135,C004788,O00034451,2026-05-01,商品质量,电话,高,20.72,否,4
TK0003136,C004186,O00034455,2026-06-02,物流咨询,社交媒体,中,15.21,否,4
TK0003137,C000626,O00034485,2025-09-14,促销规则,电话,低,9.9,否,4
TK0003138,C002885,O00034490,2026-02-02,商品质量,门店,低,31.51,否,4
TK0003139,C004449,O00034500,2025-09-27,物流咨询,在线客服,低,21.78,否,3
TK0003140,C003739,O00034563,2026-01-31,退换货,在线客服,中,23.72,否,3
TK0003141,C003534,O00034581,2026-07-04,商品质量,在线客服,紧急,31.42,否,3
TK0003142,C001488,O00034587,2026-04-28,物流咨询,门店,中,17.38,否,3
TK0003143,C002962,O00034604,2025-09-02,商品质量,社交媒体,中,23.75,否,4
TK0003144,C002168,O00034606,2026-03-06,物流咨询,在线客服,低,32.07,否,2
TK0003145,C004819,O00034609,2026-07-30,退换货,电话,中,23.12,否,4
TK0003146,C000035,O00034616,2025-10-17,物流咨询,社交媒体,中,9.76,否,5
TK0003147,C003681,O00034628,2025-11-18,物流咨询,电话,中,21.23,否,4
TK0003148,C003397,O00034629,2025-08-23,物流咨询,门店,低,32.67,否,3
TK0003149,C003910,O00034634,2025-11-20,促销规则,门店,低,31.17,否,2
TK0003150,C001235,O00034647,2025-12-27,物流咨询,社交媒体,中,3.82,是,4
TK0003151,C001045,O00034649,2026-07-16,物流咨询,门店,低,18.26,否,4
TK0003152,C000614,O00034650,2026-07-22,物流咨询,电话,高,2.2,是,5
TK0003153,C004907,O00034678,2025-10-12,物流咨询,门店,高,29.16,否,2
TK0003154,C000282,O00034684,2025-08-12,退换货,在线客服,低,6.85,是,5
TK0003155,C004864,O00034710,2025-11-28,安装使用,门店,中,18.08,否,4
TK0003156,C000632,O00034714,2026-05-14,安装使用,电话,高,31.84,否,3
TK0003157,C003518,O00034721,2026-02-23,退换货,门店,低,27.83,否,3
TK0003158,C001524,O00034723,2025-09-23,商品质量,门店,高,9.93,否,4
TK0003159,C001646,O00034736,2026-05-28,物流咨询,在线客服,高,16.41,否,3
TK0003160,C004700,O00034742,2025-10-14,退换货,电话,中,26.4,否,2
TK0003161,C004177,O00034752,2025-11-11,促销规则,门店,低,18.2,否,4
TK0003162,C001382,O00034760,2026-06-11,物流咨询,电话,中,20.81,否,2
TK0003163,C000771,O00034765,2026-03-28,促销规则,社交媒体,低,1.51,是,4
TK0003164,C003851,O00034767,2025-10-28,促销规则,电话,低,27.19,否,3
TK0003165,C002787,O00034794,2025-11-21,发票支付,电话,低,1.37,是,5
TK0003166,C002426,O00034816,2025-12-29,安装使用,电话,低,17.34,否,4
TK0003167,C003665,O00034830,2026-08-06,退换货,在线客服,紧急,6.53,是,5
TK0003168,C001665,O00034846,2026-02-09,安装使用,电话,中,4.49,是,5
TK0003169,C002563,O00034858,2026-05-20,商品质量,社交媒体,紧急,22.27,否,3
TK0003170,C004139,O00034862,2025-09-08,物流咨询,社交媒体,中,35.51,否,2
TK0003171,C002258,O00034885,2026-05-09,物流咨询,在线客服,低,6.07,是,4
TK0003172,C002125,O00034887,2026-01-14,促销规则,社交媒体,高,11.55,否,5
TK0003173,C003627,O00034894,2026-04-25,物流咨询,电话,中,10.48,否,3
TK0003174,C003206,O00034914,2026-04-17,物流咨询,门店,中,8.92,否,4
TK0003175,C003722,O00034928,2025-12-22,促销规则,门店,中,16.44,否,4
TK0003176,C000735,O00034940,2025-10-25,安装使用,电话,高,5.04,是,4
TK0003177,C002881,O00034979,2025-11-16,促销规则,社交媒体,低,23.34,否,4
TK0003178,C004649,O00034985,2026-01-15,安装使用,门店,高,8.4,否,5
TK0003179,C003411,O00034991,2025-11-26,商品质量,门店,低,3.28,是,5
TK0003180,C000030,O00034992,2026-05-24,退换货,电话,中,18.58,否,3
TK0003181,C002424,O00034999,2025-12-22,退换货,社交媒体,中,14.81,否,5
TK0003182,C001302,O00035000,2026-01-22,商品质量,社交媒体,低,24.56,否,4
TK0003183,C002269,O00035007,2026-04-16,发票支付,在线客服,中,1.07,是,5
TK0003184,C003846,O00035019,2026-01-19,发票支付,电话,低,15.91,否,5
TK0003185,C004588,O00035026,2025-11-04,物流咨询,门店,中,1.34,是,5
TK0003186,C003247,O00035029,2025-11-15,物流咨询,门店,低,3.57,是,5
TK0003187,C004404,O00035041,2025-10-13,物流咨询,在线客服,紧急,4.12,是,5
TK0003188,C001832,O00035049,2025-12-19,退换货,在线客服,中,31.99,否,2
TK0003189,C004731,O00035053,2026-06-19,退换货,在线客服,中,27.54,否,3
TK0003190,C002749,O00035059,2025-08-27,安装使用,电话,低,1.35,是,5
TK0003191,C004049,O00035060,2026-02-20,物流咨询,门店,中,28.05,否,3
TK0003192,C004823,O00035062,2026-01-25,商品质量,社交媒体,低,1.16,是,4
TK0003193,C003201,O00035074,2025-10-05,退换货,门店,中,23.5,否,4
TK0003194,C003028,O00035078,2025-10-16,物流咨询,社交媒体,中,12.06,否,4
TK0003195,C000416,O00035081,2025-10-04,发票支付,社交媒体,中,34.84,否,3
TK0003196,C003467,O00035083,2026-01-09,促销规则,社交媒体,低,26.27,否,2
TK0003197,C002099,O00035097,2026-03-12,物流咨询,在线客服,高,34.69,否,2
TK0003198,C000640,O00035103,2026-03-25,促销规则,门店,中,23.53,否,4
TK0003199,C000089,O00035121,2025-08-08,退换货,电话,高,17.8,否,4
TK0003200,C004304,O00035123,2025-12-03,发票支付,电话,中,26.32,否,3
TK0003201,C001781,O00035128,2025-08-06,商品质量,在线客服,高,29.55,否,2
TK0003202,C002689,O00035141,2025-11-05,物流咨询,电话,低,3.81,是,4
TK0003203,C002248,O00035144,2026-06-19,商品质量,电话,中,28.35,否,4
TK0003204,C002762,O00035155,2026-06-09,商品质量,电话,高,31.65,否,3
TK0003205,C003184,O00035164,2026-06-17,物流咨询,在线客服,低,4.52,是,5
TK0003206,C002647,O00035166,2025-10-26,物流咨询,电话,高,17.73,否,4
TK0003207,C003544,O00035173,2025-10-17,退换货,电话,中,8.74,否,4
TK0003208,C004930,O00035181,2026-03-31,物流咨询,电话,中,19.75,否,4
TK0003209,C001250,O00035199,2026-07-15,商品质量,社交媒体,高,23.91,否,4
TK0003210,C001423,O00035208,2026-01-02,退换货,在线客服,高,14.37,否,4
TK0003211,C000513,O00035221,2026-07-05,退换货,电话,中,11.74,否,4
TK0003212,C004357,O00035229,2025-08-28,物流咨询,社交媒体,低,15.63,否,3
TK0003213,C003926,O00035232,2026-03-06,物流咨询,门店,高,18.4,否,4
TK0003214,C000614,O00035263,2025-10-17,安装使用,电话,低,20.07,否,4
TK0003215,C003819,O00035266,2026-08-02,促销规则,在线客服,高,7.12,是,5
TK0003216,C003066,O00035275,2025-10-13,退换货,门店,低,12.99,否,5
TK0003217,C004530,O00035289,2025-12-09,退换货,电话,中,28.36,否,3
TK0003218,C002694,O00035291,2026-01-07,物流咨询,门店,中,33.33,否,3
TK0003219,C002772,O00035294,2025-08-10,安装使用,在线客服,高,6.14,是,5
TK0003220,C000012,O00035299,2025-10-22,物流咨询,社交媒体,低,32.94,否,3
TK0003221,C001287,O00035321,2026-07-05,物流咨询,门店,低,6.35,是,5
TK0003222,C001542,O00035323,2026-02-08,物流咨询,在线客服,中,13.07,否,4
TK0003223,C001078,O00035334,2025-10-08,安装使用,门店,中,28.04,否,3
TK0003224,C004533,O00035335,2025-09-16,商品质量,在线客服,高,24.2,否,4
TK0003225,C002903,O00035355,2026-05-06,物流咨询,电话,高,27.01,否,3
TK0003226,C000583,O00035357,2026-06-17,退换货,社交媒体,中,2.86,是,5
TK0003227,C001140,O00035372,2026-05-31,安装使用,电话,低,21.67,否,3
TK0003228,C000345,O00035380,2025-08-22,物流咨询,门店,中,16.65,否,3
TK0003229,C003966,O00035382,2026-01-11,安装使用,电话,高,19.87,否,2
TK0003230,C003911,O00035386,2025-11-07,物流咨询,社交媒体,高,1.34,是,5
TK0003231,C000122,O00035406,2026-06-04,安装使用,在线客服,高,35.91,否,2
TK0003232,C003551,O00035409,2026-06-22,商品质量,在线客服,紧急,30.78,否,3
TK0003233,C001369,O00035411,2026-08-06,商品质量,门店,中,3.59,是,4
TK0003234,C001212,O00035414,2025-08-04,退换货,电话,中,25.59,否,4
TK0003235,C004954,O00035446,2026-05-22,商品质量,社交媒体,高,24.96,否,3
TK0003236,C002502,O00035476,2026-06-01,发票支付,电话,中,29.17,否,4
TK0003237,C002555,O00035493,2026-03-22,物流咨询,在线客服,低,1.78,是,4
TK0003238,C003618,O00035523,2025-09-12,物流咨询,门店,低,27.87,否,3
TK0003239,C004886,O00035537,2025-10-14,物流咨询,社交媒体,中,25.91,否,4
TK0003240,C004699,O00035540,2025-11-14,物流咨询,电话,中,33.57,否,3
TK0003241,C004509,O00035541,2026-04-07,物流咨询,电话,紧急,17.79,否,3
TK0003242,C000865,O00035547,2025-08-15,商品质量,在线客服,中,23.8,否,4
TK0003243,C002954,O00035548,2026-05-31,物流咨询,门店,低,27.15,否,3
TK0003244,C001987,O00035550,2026-04-24,物流咨询,电话,高,23.59,否,3
TK0003245,C001360,O00035552,2025-09-08,物流咨询,电话,高,22.84,否,4
TK0003246,C001796,O00035560,2026-07-17,促销规则,门店,低,3.61,是,4
TK0003247,C002004,O00035564,2026-04-23,商品质量,门店,中,10.17,否,5
TK0003248,C000400,O00035581,2025-10-28,促销规则,在线客服,低,16.86,否,4
TK0003249,C002810,O00035594,2026-01-21,商品质量,社交媒体,低,29.23,否,3
TK0003250,C004815,O00035596,2025-09-18,物流咨询,在线客服,高,28.79,否,3
TK0003251,C004366,O00035597,2025-11-07,退换货,社交媒体,紧急,11.96,否,4
TK0003252,C002508,O00035622,2026-05-05,物流咨询,门店,低,29.19,否,3
TK0003253,C000180,O00035631,2025-08-27,物流咨询,在线客服,高,10.16,否,3
TK0003254,C000164,O00035633,2025-11-05,安装使用,电话,低,23.92,否,4
TK0003255,C002307,O00035634,2026-04-13,物流咨询,门店,高,9.34,否,4
TK0003256,C002876,O00035644,2025-11-20,安装使用,电话,中,21.39,否,4
TK0003257,C004126,O00035655,2025-10-21,退换货,在线客服,低,6.51,是,5
TK0003258,C002210,O00035662,2026-07-14,物流咨询,门店,中,26.29,否,4
TK0003259,C002314,O00035670,2025-08-29,安装使用,电话,高,23.62,否,4
TK0003260,C004141,O00035674,2026-06-20,商品质量,电话,中,12.26,否,4
TK0003261,C003794,O00035690,2026-02-03,发票支付,社交媒体,中,35.97,否,3
TK0003262,C002504,O00035693,2025-11-03,退换货,社交媒体,低,28.5,否,3
TK0003263,C003017,O00035715,2026-05-08,安装使用,在线客服,低,6.37,是,4
TK0003264,C002274,O00035724,2026-03-22,物流咨询,社交媒体,高,20.75,否,4
TK0003265,C003497,O00035725,2025-10-01,商品质量,在线客服,紧急,7.16,是,4
TK0003266,C000237,O00035730,2026-05-19,物流咨询,在线客服,紧急,4.64,是,4
TK0003267,C003567,O00035780,2026-05-28,物流咨询,社交媒体,中,29.33,否,3
TK0003268,C004407,O00035822,2026-06-04,退换货,门店,低,34.62,否,2
TK0003269,C003928,O00035840,2026-06-18,安装使用,电话,中,24.8,否,3
TK0003270,C000072,O00035844,2026-01-28,安装使用,电话,中,29.06,否,3
TK0003271,C002490,O00035849,2026-02-09,物流咨询,电话,高,31.81,否,2
TK0003272,C003222,O00035855,2026-07-15,安装使用,电话,中,12.86,否,4
TK0003273,C004100,O00035876,2026-05-19,商品质量,社交媒体,中,19.7,否,3
TK0003274,C002947,O00035890,2026-07-13,物流咨询,社交媒体,高,25.25,否,3
TK0003275,C000699,O00035892,2025-11-20,物流咨询,在线客服,中,14.95,否,4
TK0003276,C001986,O00035896,2025-12-14,物流咨询,电话,中,32.57,否,4
TK0003277,C003521,O00035913,2025-11-16,物流咨询,电话,低,23.02,否,3
TK0003278,C004449,O00035937,2026-06-23,商品质量,门店,低,13.43,否,4
TK0003279,C002626,O00035955,2026-05-22,促销规则,门店,低,25.04,否,2
TK0003280,C002685,O00035968,2025-08-12,物流咨询,电话,中,28.0,否,4
TK0003281,C004326,O00035988,2026-07-26,物流咨询,电话,中,13.27,否,4
TK0003282,C002398,O00035991,2026-03-18,安装使用,社交媒体,低,7.38,是,5
TK0003283,C001770,O00035997,2026-01-08,物流咨询,社交媒体,紧急,17.42,否,3
TK0003284,C001509,O00036008,2026-06-25,物流咨询,在线客服,高,27.26,否,2
TK0003285,C003519,O00036022,2026-03-27,退换货,电话,低,32.41,否,4
TK0003286,C004013,O00036030,2025-09-22,安装使用,电话,高,26.43,否,4
TK0003287,C001838,O00036032,2026-05-02,物流咨询,社交媒体,高,13.72,否,4
TK0003288,C003169,O00036038,2025-12-12,退换货,门店,高,29.88,否,3
TK0003289,C003008,O00036056,2026-02-24,物流咨询,社交媒体,低,24.86,否,4
TK0003290,C003388,O00036065,2026-02-21,商品质量,社交媒体,高,4.89,是,4
TK0003291,C000646,O00036093,2026-06-05,安装使用,电话,高,21.91,否,4
TK0003292,C002776,O00036094,2025-09-08,退换货,门店,中,9.34,否,4
TK0003293,C002678,O00036096,2026-02-18,退换货,门店,中,32.71,否,2
TK0003294,C004272,O00036112,2025-11-14,退换货,社交媒体,低,23.81,否,4
TK0003295,C000519,O00036132,2025-11-15,物流咨询,社交媒体,低,24.19,否,4
TK0003296,C004417,O00036141,2026-02-05,物流咨询,门店,高,29.49,否,2
TK0003297,C004792,O00036143,2026-02-28,退换货,电话,中,34.65,否,3
TK0003298,C000658,O00036145,2026-06-07,商品质量,在线客服,高,22.8,否,3
TK0003299,C001628,O00036154,2025-12-01,安装使用,电话,中,14.69,否,3
TK0003300,C003229,O00036161,2025-11-04,退换货,门店,中,23.92,否,4
TK0003301,C000861,O00036218,2026-06-26,物流咨询,在线客服,中,2.12,是,5
TK0003302,C003469,O00036221,2026-01-02,商品质量,电话,低,9.03,否,5
TK0003303,C002466,O00036254,2025-09-16,促销规则,在线客服,中,6.34,是,4
TK0003304,C004235,O00036263,2025-12-11,商品质量,在线客服,中,14.3,否,4
TK0003305,C003916,O00036269,2026-05-26,安装使用,在线客服,高,35.92,否,2
TK0003306,C000822,O00036291,2026-02-18,物流咨询,在线客服,低,9.68,否,5
TK0003307,C001865,O00036301,2026-03-28,物流咨询,电话,低,12.92,否,4
TK0003308,C004576,O00036302,2026-04-23,物流咨询,社交媒体,中,9.1,否,5
TK0003309,C000113,O00036313,2026-08-03,退换货,社交媒体,低,1.72,是,5
TK0003310,C003922,O00036315,2025-09-01,退换货,在线客服,中,30.41,否,4
TK0003311,C000485,O00036318,2025-09-24,物流咨询,门店,高,15.58,否,4
TK0003312,C003264,O00036329,2026-01-04,安装使用,在线客服,低,30.7,否,3
TK0003313,C003538,O00036332,2026-03-10,物流咨询,在线客服,低,8.74,否,3
TK0003314,C000124,O00036333,2026-04-17,商品质量,电话,中,31.32,否,3
TK0003315,C003349,O00036334,2026-02-12,物流咨询,在线客服,高,21.87,否,4
TK0003316,C002802,O00036346,2026-01-30,商品质量,门店,中,9.34,否,5
TK0003317,C002232,O00036353,2026-01-30,促销规则,电话,中,33.78,否,3
TK0003318,C003368,O00036367,2026-01-31,商品质量,门店,低,23.42,否,4
TK0003319,C002153,O00036379,2025-09-28,发票支付,社交媒体,低,3.82,是,4
TK0003320,C001951,O00036400,2026-05-25,物流咨询,门店,低,8.94,否,3
TK0003321,C002039,O00036420,2026-04-21,商品质量,在线客服,高,13.98,否,4
TK0003322,C000856,O00036431,2026-01-22,商品质量,在线客服,紧急,23.99,否,3
TK0003323,C001956,O00036438,2026-02-20,促销规则,门店,低,26.88,否,4
TK0003324,C000414,O00036446,2026-04-28,商品质量,电话,高,25.77,否,3
TK0003325,C003538,O00036464,2026-05-10,物流咨询,在线客服,中,9.97,否,4
TK0003326,C003125,O00036475,2025-08-31,退换货,在线客服,中,18.04,否,3
TK0003327,C004204,O00036496,2026-01-05,物流咨询,电话,高,25.96,否,3
TK0003328,C004103,O00036500,2025-12-14,安装使用,社交媒体,低,21.22,否,3
TK0003329,C002352,O00036509,2026-01-18,商品质量,社交媒体,低,10.83,否,4
TK0003330,C002344,O00036520,2025-10-20,商品质量,门店,低,20.63,否,4
TK0003331,C001749,O00036544,2025-08-17,安装使用,电话,中,8.93,否,5
TK0003332,C001481,O00036571,2026-06-21,退换货,电话,低,33.06,否,4
TK0003333,C004773,O00036584,2025-09-20,安装使用,社交媒体,低,18.81,否,4
TK0003334,C004709,O00036628,2026-02-22,物流咨询,门店,低,21.91,否,4
TK0003335,C000255,O00036645,2025-08-24,物流咨询,社交媒体,中,29.91,否,4
TK0003336,C004951,O00036653,2025-11-12,促销规则,在线客服,中,23.3,否,3
TK0003337,C004453,O00036664,2025-10-13,退换货,门店,低,27.81,否,3
TK0003338,C002007,O00036704,2025-10-26,商品质量,电话,中,20.19,否,4
TK0003339,C001453,O00036710,2025-12-20,促销规则,电话,中,30.15,否,4
TK0003340,C004502,O00036712,2025-09-02,商品质量,在线客服,中,28.51,否,3
TK0003341,C004941,O00036716,2026-05-07,商品质量,门店,低,17.67,否,4
TK0003342,C002868,O00036718,2026-06-29,促销规则,电话,高,11.06,否,4
TK0003343,C004890,O00036719,2026-04-13,促销规则,社交媒体,中,35.73,否,3
TK0003344,C003601,O00036720,2025-12-24,商品质量,电话,中,30.05,否,4
TK0003345,C002501,O00036733,2025-10-18,安装使用,电话,高,4.28,是,5
TK0003346,C002553,O00036750,2026-01-04,安装使用,电话,中,7.93,是,3
TK0003347,C000934,O00036756,2025-11-22,发票支付,社交媒体,中,35.78,否,3
TK0003348,C004249,O00036763,2026-05-18,商品质量,在线客服,高,4.88,是,5
TK0003349,C002806,O00036777,2026-02-15,发票支付,在线客服,紧急,27.15,否,4
TK0003350,C003087,O00036778,2026-02-26,安装使用,电话,中,33.63,否,3
TK0003351,C000455,O00036791,2026-01-20,商品质量,电话,高,34.31,否,2
TK0003352,C000219,O00036798,2026-04-19,安装使用,社交媒体,低,18.19,否,4
TK0003353,C004981,O00036815,2025-09-28,安装使用,门店,低,25.84,否,3
TK0003354,C004248,O00036836,2025-09-18,退换货,门店,高,30.25,否,2
TK0003355,C001878,O00036843,2026-03-05,发票支付,门店,中,6.59,是,5
TK0003356,C002078,O00036847,2026-03-27,促销规则,门店,低,4.76,是,5
TK0003357,C002260,O00036864,2026-06-04,安装使用,门店,中,24.36,否,3
TK0003358,C001959,O00036878,2026-07-29,退换货,电话,高,28.9,否,4
TK0003359,C000209,O00036884,2025-12-28,安装使用,门店,低,7.3,是,4
TK0003360,C003497,O00036911,2026-02-14,物流咨询,社交媒体,低,29.27,否,3
TK0003361,C004459,O00036940,2026-07-20,发票支付,社交媒体,中,25.45,否,2
TK0003362,C001543,O00036944,2025-12-28,促销规则,在线客服,中,12.73,否,4
TK0003363,C001838,O00036950,2026-05-11,促销规则,电话,中,32.71,否,3
TK0003364,C000036,O00036969,2025-09-01,商品质量,电话,中,30.32,否,3
TK0003365,C001285,O00036972,2025-12-29,商品质量,在线客服,高,29.21,否,3
TK0003366,C003736,O00036983,2025-10-25,商品质量,电话,中,13.91,否,4
TK0003367,C002682,O00036984,2026-03-07,促销规则,社交媒体,高,16.66,否,4
TK0003368,C002873,O00036992,2026-08-07,发票支付,门店,高,9.78,否,4
TK0003369,C003961,O00037002,2025-08-06,物流咨询,社交媒体,中,34.91,否,2
TK0003370,C002466,O00037016,2026-04-12,退换货,门店,低,6.48,是,5
TK0003371,C002598,O00037021,2025-12-09,物流咨询,在线客服,高,23.56,否,2
TK0003372,C004090,O00037027,2025-11-21,退换货,社交媒体,高,33.04,否,3
TK0003373,C003735,O00037028,2026-03-11,商品质量,门店,低,13.08,否,4
TK0003374,C000903,O00037031,2026-02-27,物流咨询,在线客服,高,34.84,否,3
TK0003375,C000090,O00037033,2025-11-28,商品质量,社交媒体,中,17.22,否,3
TK0003376,C002592,O00037052,2026-05-25,物流咨询,电话,中,14.1,否,4
TK0003377,C003692,O00037074,2026-06-26,商品质量,在线客服,低,25.94,否,3
TK0003378,C001996,O00037080,2026-03-19,安装使用,电话,紧急,2.98,是,5
TK0003379,C004652,O00037086,2026-04-27,物流咨询,社交媒体,低,5.42,是,5
TK0003380,C003904,O00037092,2025-12-25,物流咨询,电话,紧急,35.94,否,3
TK0003381,C003843,O00037105,2025-11-07,退换货,电话,中,35.02,否,3
TK0003382,C003416,O00037111,2026-03-02,物流咨询,社交媒体,低,14.23,否,5
TK0003383,C002730,O00037115,2026-05-11,商品质量,在线客服,高,1.62,是,5
TK0003384,C000254,O00037122,2026-06-26,物流咨询,门店,低,10.84,否,5
TK0003385,C001930,O00037123,2025-12-06,发票支付,在线客服,中,2.66,是,5
TK0003386,C003729,O00037130,2026-01-15,商品质量,门店,高,8.84,否,4
TK0003387,C002248,O00037143,2026-03-07,发票支付,社交媒体,低,3.18,是,5
TK0003388,C003807,O00037149,2026-03-18,物流咨询,社交媒体,中,6.66,是,3
TK0003389,C002689,O00037153,2026-05-29,商品质量,门店,中,35.31,否,3
TK0003390,C001612,O00037160,2026-01-29,退换货,社交媒体,中,5.28,是,4
TK0003391,C000687,O00037178,2026-01-31,物流咨询,电话,中,32.99,否,2
TK0003392,C000271,O00037198,2026-07-13,物流咨询,门店,中,12.2,否,3
TK0003393,C000986,O00037217,2026-01-26,商品质量,在线客服,紧急,34.28,否,2
TK0003394,C001775,O00037226,2025-09-12,安装使用,门店,低,20.93,否,4
TK0003395,C002721,O00037237,2026-05-24,商品质量,电话,高,4.68,是,5
TK0003396,C004508,O00037246,2026-05-23,商品质量,电话,紧急,24.88,否,4
TK0003397,C002512,O00037270,2026-08-05,物流咨询,社交媒体,高,19.44,否,3
TK0003398,C004664,O00037278,2026-02-23,退换货,社交媒体,中,21.29,否,4
TK0003399,C004785,O00037284,2025-11-01,退换货,在线客服,低,8.38,否,5
TK0003400,C003906,O00037293,2026-05-25,物流咨询,门店,低,1.81,是,5
TK0003401,C002435,O00037301,2026-05-08,物流咨询,在线客服,低,19.37,否,3
TK0003402,C004962,O00037302,2025-11-08,物流咨询,门店,低,13.14,否,3
TK0003403,C001830,O00037303,2026-03-10,物流咨询,门店,低,6.18,是,5
TK0003404,C003821,O00037304,2026-07-15,发票支付,社交媒体,高,10.3,否,5
TK0003405,C004160,O00037317,2025-12-25,安装使用,社交媒体,低,23.12,否,3
TK0003406,C004979,O00037323,2026-04-08,商品质量,在线客服,低,22.58,否,4
TK0003407,C004185,O00037326,2026-07-14,促销规则,门店,中,33.11,否,3
TK0003408,C000573,O00037333,2025-10-15,商品质量,门店,中,26.45,否,4
TK0003409,C003874,O00037335,2025-08-20,退换货,在线客服,中,14.38,否,3
TK0003410,C000179,O00037337,2025-12-10,促销规则,在线客服,中,19.73,否,2
TK0003411,C001277,O00037344,2025-10-20,安装使用,社交媒体,高,22.11,否,3
TK0003412,C000902,O00037352,2026-05-15,商品质量,电话,中,12.45,否,4
TK0003413,C003095,O00037360,2026-03-09,物流咨询,在线客服,高,16.55,否,5
TK0003414,C001575,O00037365,2025-12-17,促销规则,社交媒体,低,4.95,是,5
TK0003415,C000163,O00037374,2025-12-16,促销规则,电话,中,32.3,否,3
TK0003416,C003851,O00037375,2026-03-16,退换货,社交媒体,低,24.84,否,4
TK0003417,C000703,O00037389,2026-03-06,物流咨询,社交媒体,低,7.23,是,4
TK0003418,C002635,O00037394,2026-02-25,物流咨询,在线客服,低,11.24,否,4
TK0003419,C001345,O00037395,2026-05-12,物流咨询,门店,中,12.99,否,3
TK0003420,C001482,O00037399,2025-09-15,退换货,在线客服,紧急,11.37,否,4
TK0003421,C002208,O00037408,2026-07-21,商品质量,社交媒体,低,18.75,否,4
TK0003422,C002479,O00037419,2025-10-08,商品质量,社交媒体,低,11.89,否,5
TK0003423,C003302,O00037421,2025-09-07,发票支付,门店,中,26.61,否,3
TK0003424,C001603,O00037422,2025-12-27,商品质量,在线客服,低,21.06,否,4
TK0003425,C002293,O00037448,2026-04-28,退换货,门店,低,23.17,否,3
TK0003426,C004426,O00037456,2025-10-20,商品质量,在线客服,中,12.47,否,4
TK0003427,C004687,O00037479,2026-04-12,退换货,社交媒体,低,33.19,否,2
TK0003428,C001295,O00037491,2026-07-16,安装使用,在线客服,中,9.29,否,5
TK0003429,C003808,O00037499,2026-06-18,商品质量,社交媒体,高,1.6,是,5
TK0003430,C000725,O00037501,2026-04-23,物流咨询,电话,中,8.78,否,5
TK0003431,C000047,O00037506,2025-09-02,商品质量,在线客服,高,6.82,是,5
TK0003432,C003858,O00037509,2025-12-13,安装使用,门店,低,21.11,否,3
TK0003433,C001546,O00037513,2026-02-17,物流咨询,门店,高,20.66,否,3
TK0003434,C003232,O00037540,2025-09-27,物流咨询,社交媒体,高,19.23,否,4
TK0003435,C004474,O00037541,2026-02-22,发票支付,电话,低,16.42,否,5
TK0003436,C003708,O00037542,2026-03-06,物流咨询,在线客服,中,30.56,否,2
TK0003437,C002568,O00037562,2026-06-07,退换货,门店,中,12.45,否,3
TK0003438,C002136,O00037572,2025-11-27,物流咨询,门店,中,23.33,否,3
TK0003439,C001730,O00037573,2026-07-17,物流咨询,在线客服,中,17.6,否,4
TK0003440,C004061,O00037583,2026-05-18,安装使用,在线客服,高,9.93,否,4
TK0003441,C003634,O00037586,2026-03-18,物流咨询,在线客服,高,17.83,否,4
TK0003442,C000928,O00037588,2026-05-28,物流咨询,在线客服,低,22.25,否,2
TK0003443,C000380,O00037597,2026-06-04,物流咨询,电话,低,30.95,否,3
TK0003444,C002163,O00037642,2026-03-12,物流咨询,社交媒体,高,7.31,是,4
TK0003445,C003436,O00037661,2026-02-25,商品质量,电话,中,19.59,否,4
TK0003446,C004158,O00037675,2026-06-09,物流咨询,电话,低,24.89,否,3
TK0003447,C003060,O00037696,2026-01-12,商品质量,在线客服,低,27.2,否,3
TK0003448,C001043,O00037705,2026-08-08,物流咨询,社交媒体,低,12.64,否,4
TK0003449,C000252,O00037708,2025-10-13,安装使用,在线客服,中,5.56,是,5
TK0003450,C002414,O00037728,2025-08-12,商品质量,在线客服,低,5.73,是,5
TK0003451,C000941,O00037739,2026-03-29,物流咨询,在线客服,低,7.81,是,3
TK0003452,C001320,O00037767,2026-04-24,安装使用,门店,紧急,11.7,否,4
TK0003453,C001746,O00037806,2025-10-05,物流咨询,在线客服,中,22.06,否,4
TK0003454,C004656,O00037812,2026-06-13,商品质量,在线客服,低,31.46,否,2
TK0003455,C000298,O00037822,2025-11-23,促销规则,电话,高,17.08,否,4
TK0003456,C002819,O00037830,2025-09-29,物流咨询,门店,高,34.36,否,2
TK0003457,C004988,O00037864,2025-09-30,商品质量,门店,中,10.58,否,4
TK0003458,C001882,O00037866,2025-12-21,安装使用,社交媒体,中,17.1,否,4
TK0003459,C003714,O00037870,2025-12-08,物流咨询,在线客服,中,33.24,否,3
TK0003460,C002460,O00037882,2025-11-15,商品质量,在线客服,中,4.54,是,5
TK0003461,C004716,O00037889,2025-10-13,商品质量,在线客服,中,35.66,否,3
TK0003462,C000157,O00037911,2026-03-09,安装使用,门店,中,7.98,是,5
TK0003463,C000069,O00037922,2026-07-17,促销规则,社交媒体,中,25.19,否,3
TK0003464,C000017,O00037934,2026-02-03,物流咨询,在线客服,低,5.82,是,4
TK0003465,C003150,O00037937,2026-07-13,商品质量,在线客服,低,33.82,否,2
TK0003466,C003012,O00037941,2026-07-26,安装使用,在线客服,高,14.73,否,5
TK0003467,C003155,O00037944,2025-11-06,物流咨询,在线客服,高,32.36,否,3
TK0003468,C003117,O00037975,2025-11-02,物流咨询,门店,中,34.07,否,3
TK0003469,C002789,O00037977,2025-10-16,退换货,门店,低,27.4,否,4
TK0003470,C003256,O00037989,2026-07-03,安装使用,在线客服,紧急,9.72,否,4
TK0003471,C001501,O00038045,2026-02-14,促销规则,门店,低,33.61,否,3
TK0003472,C004954,O00038048,2025-09-23,发票支付,社交媒体,高,4.8,是,5
TK0003473,C004894,O00038080,2025-11-20,商品质量,社交媒体,中,29.48,否,3
TK0003474,C000872,O00038087,2026-05-09,物流咨询,门店,中,7.65,是,5
TK0003475,C004811,O00038098,2026-02-10,退换货,在线客服,中,3.82,是,5
TK0003476,C003060,O00038100,2025-10-23,退换货,电话,中,18.0,否,2
TK0003477,C004688,O00038105,2026-06-11,退换货,在线客服,中,1.91,是,4
TK0003478,C001596,O00038128,2025-09-04,物流咨询,在线客服,中,12.71,否,4
TK0003479,C000322,O00038135,2025-10-19,促销规则,电话,低,14.31,否,5
TK0003480,C003066,O00038142,2026-04-07,发票支付,门店,低,17.6,否,5
TK0003481,C002150,O00038147,2025-11-18,物流咨询,电话,低,9.19,否,4
TK0003482,C001744,O00038148,2026-03-28,商品质量,社交媒体,低,25.7,否,3
TK0003483,C003338,O00038152,2025-11-28,促销规则,门店,低,4.6,是,5
TK0003484,C002753,O00038155,2026-05-23,退换货,门店,低,19.13,否,3
TK0003485,C004541,O00038160,2026-04-29,商品质量,在线客服,中,24.83,否,4
TK0003486,C004547,O00038186,2025-09-10,物流咨询,社交媒体,中,29.78,否,2
TK0003487,C001870,O00038192,2026-05-28,发票支付,电话,低,10.52,否,4
TK0003488,C001927,O00038193,2026-02-21,物流咨询,门店,高,7.23,是,4
TK0003489,C002333,O00038194,2025-10-17,促销规则,社交媒体,低,14.79,否,5
TK0003490,C000236,O00038198,2025-10-23,发票支付,电话,低,4.9,是,4
TK0003491,C004933,O00038202,2026-02-02,退换货,社交媒体,低,20.72,否,4
TK0003492,C004465,O00038209,2026-02-21,安装使用,电话,中,12.16,否,4
TK0003493,C001627,O00038237,2026-03-10,物流咨询,在线客服,高,29.85,否,3
TK0003494,C002918,O00038243,2025-11-18,安装使用,电话,中,21.9,否,4
TK0003495,C004695,O00038264,2026-07-02,促销规则,在线客服,中,18.02,否,4
TK0003496,C000973,O00038265,2026-06-03,发票支付,在线客服,高,4.28,是,5
TK0003497,C004496,O00038268,2026-03-22,促销规则,社交媒体,低,12.92,否,4
TK0003498,C001658,O00038269,2026-02-25,促销规则,门店,高,16.79,否,4
TK0003499,C000598,O00038277,2026-05-12,商品质量,电话,低,15.98,否,5
TK0003500,C001525,O00038281,2025-12-22,商品质量,社交媒体,低,27.08,否,3
TK0003501,C000051,O00038289,2026-01-23,商品质量,在线客服,中,6.64,是,4
TK0003502,C000392,O00038291,2025-08-12,物流咨询,门店,中,6.85,是,4
TK0003503,C000669,O00038302,2026-04-22,发票支付,在线客服,低,22.47,否,3
TK0003504,C003683,O00038316,2026-06-27,安装使用,社交媒体,高,8.94,否,4
TK0003505,C003098,O00038320,2026-06-06,促销规则,电话,低,35.98,否,2
TK0003506,C000516,O00038346,2026-04-18,物流咨询,电话,紧急,21.3,否,4
TK0003507,C003411,O00038353,2026-03-23,安装使用,电话,高,22.7,否,3
TK0003508,C004069,O00038357,2026-04-16,促销规则,社交媒体,中,1.86,是,4
TK0003509,C003484,O00038366,2025-11-13,物流咨询,门店,中,2.35,是,5
TK0003510,C003185,O00038367,2026-06-29,发票支付,社交媒体,中,25.11,否,3
TK0003511,C003413,O00038368,2026-07-05,商品质量,在线客服,低,13.28,否,5
TK0003512,C001355,O00038376,2025-11-07,安装使用,门店,紧急,18.69,否,3
TK0003513,C001870,O00038391,2026-03-03,商品质量,在线客服,中,10.04,否,4
TK0003514,C003920,O00038398,2025-08-22,退换货,门店,低,2.86,是,5
TK0003515,C004122,O00038427,2026-03-16,促销规则,社交媒体,中,12.38,否,5
TK0003516,C001571,O00038449,2026-06-11,退换货,社交媒体,中,14.37,否,4
TK0003517,C002874,O00038453,2026-04-11,物流咨询,门店,中,30.35,否,3
TK0003518,C000840,O00038468,2025-10-13,促销规则,电话,中,5.56,是,4
TK0003519,C002926,O00038480,2026-06-07,安装使用,在线客服,低,31.29,否,3
TK0003520,C002191,O00038491,2026-03-02,发票支付,在线客服,低,25.21,否,4
TK0003521,C002247,O00038497,2025-09-04,物流咨询,在线客服,低,31.3,否,3
TK0003522,C002569,O00038504,2026-02-28,物流咨询,社交媒体,低,8.85,否,5
TK0003523,C002112,O00038506,2026-02-24,促销规则,电话,高,7.41,是,5
TK0003524,C000461,O00038512,2025-10-23,商品质量,电话,中,13.6,否,5
TK0003525,C004105,O00038514,2026-01-21,商品质量,社交媒体,低,1.29,是,5
TK0003526,C001127,O00038528,2025-08-26,安装使用,门店,高,10.73,否,4
TK0003527,C003349,O00038539,2026-03-20,促销规则,电话,中,33.44,否,3
TK0003528,C003991,O00038540,2025-10-08,物流咨询,门店,中,20.64,否,4
TK0003529,C001861,O00038547,2025-11-20,退换货,门店,低,22.91,否,4
TK0003530,C003489,O00038548,2026-03-08,物流咨询,社交媒体,低,11.36,否,4
TK0003531,C002027,O00038554,2026-05-05,促销规则,在线客服,低,29.73,否,3
TK0003532,C000019,O00038561,2026-03-03,物流咨询,社交媒体,高,12.59,否,4
TK0003533,C000028,O00038568,2025-10-11,退换货,在线客服,低,12.2,否,4
TK0003534,C001475,O00038571,2025-12-13,退换货,门店,中,34.84,否,2
TK0003535,C004016,O00038577,2026-03-22,物流咨询,电话,低,21.59,否,4
TK0003536,C000284,O00038585,2026-07-24,商品质量,电话,高,14.08,否,4
TK0003537,C002495,O00038587,2026-03-06,退换货,门店,中,33.15,否,3
TK0003538,C001302,O00038588,2026-07-13,商品质量,电话,低,9.38,否,5
TK0003539,C001708,O00038613,2026-02-17,商品质量,在线客服,低,6.81,是,4
TK0003540,C003792,O00038615,2026-02-26,物流咨询,社交媒体,中,34.46,否,3
TK0003541,C003063,O00038629,2026-07-09,物流咨询,社交媒体,中,18.58,否,3
TK0003542,C002378,O00038632,2026-07-01,物流咨询,社交媒体,中,8.14,否,4
TK0003543,C002697,O00038651,2026-05-10,商品质量,在线客服,中,28.72,否,4
TK0003544,C000175,O00038659,2026-03-22,商品质量,门店,中,8.78,否,5
TK0003545,C004071,O00038665,2026-04-05,退换货,在线客服,低,1.07,是,4
TK0003546,C003143,O00038695,2025-09-24,促销规则,电话,中,3.48,是,5
TK0003547,C001592,O00038696,2025-11-08,促销规则,社交媒体,中,6.1,是,5
TK0003548,C003587,O00038699,2026-06-16,退换货,门店,中,6.54,是,4
TK0003549,C000963,O00038700,2025-09-03,物流咨询,电话,中,12.19,否,4
TK0003550,C001461,O00038704,2025-10-25,商品质量,电话,中,1.67,是,4
TK0003551,C004375,O00038717,2025-09-16,物流咨询,社交媒体,高,18.11,否,3
TK0003552,C004776,O00038718,2026-05-27,商品质量,门店,低,3.28,是,5
TK0003553,C003864,O00038723,2026-07-12,物流咨询,社交媒体,中,10.02,否,4
TK0003554,C003482,O00038732,2025-10-03,物流咨询,电话,低,33.38,否,3
TK0003555,C002923,O00038733,2025-09-14,安装使用,在线客服,高,8.64,否,5
TK0003556,C003797,O00038757,2026-07-31,促销规则,社交媒体,中,26.24,否,3
TK0003557,C001399,O00038805,2026-06-25,物流咨询,门店,中,12.7,否,3
TK0003558,C000425,O00038809,2026-01-27,退换货,社交媒体,低,16.25,否,5
TK0003559,C002676,O00038820,2026-04-02,商品质量,社交媒体,中,26.45,否,3
TK0003560,C004306,O00038828,2026-06-16,安装使用,在线客服,高,4.8,是,5
TK0003561,C002375,O00038838,2026-04-03,发票支付,电话,高,24.12,否,4
TK0003562,C004900,O00038841,2026-05-21,商品质量,社交媒体,中,6.76,是,4
TK0003563,C004025,O00038846,2026-03-27,促销规则,在线客服,低,21.74,否,3
TK0003564,C001831,O00038857,2026-05-26,物流咨询,在线客服,高,35.65,否,2
TK0003565,C003720,O00038858,2025-08-07,商品质量,门店,中,31.68,否,3
TK0003566,C003119,O00038871,2026-05-13,发票支付,电话,中,17.43,否,4
TK0003567,C000503,O00038915,2026-03-22,退换货,电话,高,33.94,否,3
TK0003568,C002120,O00038939,2025-12-30,商品质量,社交媒体,高,20.2,否,4
TK0003569,C003562,O00038941,2026-03-21,促销规则,社交媒体,中,32.17,否,3
TK0003570,C001053,O00038954,2025-09-11,物流咨询,在线客服,中,29.83,否,3
TK0003571,C002051,O00038955,2025-09-25,商品质量,门店,中,33.58,否,4
TK0003572,C003887,O00038958,2026-01-02,促销规则,电话,中,5.14,是,5
TK0003573,C001524,O00038984,2026-04-13,退换货,社交媒体,中,29.19,否,4
TK0003574,C000024,O00038990,2026-04-24,退换货,社交媒体,低,29.94,否,2
TK0003575,C000008,O00039003,2025-08-29,促销规则,门店,低,17.69,否,4
TK0003576,C000428,O00039006,2026-02-28,促销规则,社交媒体,高,3.03,是,5
TK0003577,C004570,O00039061,2026-02-16,安装使用,电话,低,13.91,否,4
TK0003578,C000048,O00039062,2025-11-22,物流咨询,电话,中,28.61,否,3
TK0003579,C001131,O00039063,2026-01-30,安装使用,电话,高,9.44,否,4
TK0003580,C004507,O00039074,2026-03-25,物流咨询,门店,中,23.37,否,3
TK0003581,C004776,O00039076,2025-11-17,物流咨询,在线客服,高,25.75,否,3
TK0003582,C001320,O00039082,2026-05-01,物流咨询,社交媒体,中,4.08,是,5
TK0003583,C003591,O00039091,2025-09-27,物流咨询,电话,中,5.41,是,4
TK0003584,C004996,O00039094,2026-01-04,商品质量,社交媒体,中,5.62,是,4
TK0003585,C003072,O00039105,2026-04-29,物流咨询,电话,高,11.52,否,4
TK0003586,C002900,O00039112,2026-01-11,商品质量,门店,中,34.93,否,2
TK0003587,C003994,O00039113,2025-10-31,物流咨询,电话,中,21.97,否,3
TK0003588,C004142,O00039128,2025-08-17,商品质量,社交媒体,中,32.63,否,3
TK0003589,C002030,O00039140,2025-10-20,退换货,在线客服,紧急,23.82,否,3
TK0003590,C002979,O00039144,2026-02-07,安装使用,电话,中,19.9,否,3
TK0003591,C003648,O00039145,2025-12-23,商品质量,门店,高,6.75,是,4
TK0003592,C000544,O00039149,2026-07-17,促销规则,门店,低,19.12,否,4
TK0003593,C000489,O00039150,2026-05-16,物流咨询,社交媒体,低,21.41,否,2
TK0003594,C002919,O00039155,2026-02-05,退换货,门店,低,6.01,是,5
TK0003595,C002755,O00039166,2026-02-02,安装使用,在线客服,低,8.94,否,4
TK0003596,C003368,O00039175,2025-11-04,物流咨询,电话,低,13.16,否,4
TK0003597,C003195,O00039182,2026-07-24,促销规则,门店,中,12.06,否,4
TK0003598,C002451,O00039190,2026-01-12,退换货,社交媒体,中,26.57,否,4
TK0003599,C002148,O00039194,2025-09-28,安装使用,门店,中,13.19,否,5
TK0003600,C003590,O00039195,2025-11-05,物流咨询,门店,低,19.92,否,3
TK0003601,C003039,O00039224,2025-10-11,安装使用,社交媒体,中,33.22,否,3
TK0003602,C004255,O00039226,2026-07-24,发票支付,社交媒体,中,12.76,否,4
TK0003603,C004838,O00039233,2026-04-26,物流咨询,在线客服,低,7.05,是,3
TK0003604,C004109,O00039247,2026-04-01,安装使用,电话,低,23.5,否,4
TK0003605,C000012,O00039249,2025-12-19,退换货,门店,中,5.35,是,5
TK0003606,C001296,O00039271,2026-01-13,退换货,社交媒体,中,23.24,否,4
TK0003607,C004668,O00039275,2026-07-27,促销规则,社交媒体,低,29.71,否,2
TK0003608,C004745,O00039286,2026-06-02,物流咨询,社交媒体,中,4.17,是,4
TK0003609,C003163,O00039287,2026-04-05,安装使用,在线客服,中,9.06,否,5
TK0003610,C000882,O00039300,2025-08-24,发票支付,在线客服,低,19.94,否,4
TK0003611,C003023,O00039305,2025-10-06,物流咨询,门店,中,28.77,否,3
TK0003612,C003974,O00039310,2026-04-23,促销规则,门店,中,20.01,否,4
TK0003613,C002294,O00039316,2026-07-06,退换货,社交媒体,低,32.25,否,3
TK0003614,C001728,O00039341,2026-03-01,物流咨询,在线客服,中,1.6,是,5
TK0003615,C004997,O00039343,2026-06-17,发票支付,电话,低,14.88,否,5
TK0003616,C004380,O00039349,2026-03-01,物流咨询,门店,低,20.65,否,3
TK0003617,C004057,O00039369,2026-01-23,安装使用,门店,高,22.12,否,4
TK0003618,C000377,O00039374,2025-12-10,物流咨询,门店,中,34.72,否,3
TK0003619,C002686,O00039382,2025-09-03,发票支付,社交媒体,中,24.81,否,4
TK0003620,C004240,O00039384,2025-12-02,商品质量,在线客服,低,14.67,否,4
TK0003621,C001893,O00039389,2026-02-17,物流咨询,电话,中,19.1,否,4
TK0003622,C000379,O00039390,2025-08-07,商品质量,在线客服,高,9.96,否,4
TK0003623,C004921,O00039395,2026-02-13,商品质量,门店,中,26.61,否,3
TK0003624,C002424,O00039402,2026-06-01,物流咨询,在线客服,低,34.61,否,2
TK0003625,C003058,O00039408,2026-06-20,安装使用,在线客服,低,8.65,否,5
TK0003626,C000673,O00039420,2026-01-18,退换货,门店,高,3.65,是,5
TK0003627,C004042,O00039435,2025-11-06,商品质量,在线客服,中,10.22,否,4
TK0003628,C002328,O00039448,2026-08-07,商品质量,在线客服,中,35.51,否,2
TK0003629,C002701,O00039478,2025-08-15,物流咨询,社交媒体,中,21.7,否,4
TK0003630,C003743,O00039483,2025-11-15,促销规则,社交媒体,中,21.17,否,4
TK0003631,C003443,O00039508,2026-03-06,物流咨询,在线客服,低,21.47,否,4
TK0003632,C004254,O00039511,2025-09-22,安装使用,门店,高,8.86,否,4
TK0003633,C004847,O00039515,2025-11-10,商品质量,电话,中,1.85,是,5
TK0003634,C003802,O00039522,2026-06-24,促销规则,门店,低,33.11,否,4
TK0003635,C002713,O00039527,2026-04-24,商品质量,社交媒体,中,35.29,否,3
TK0003636,C002106,O00039536,2026-07-29,物流咨询,社交媒体,高,23.34,否,3
TK0003637,C003415,O00039539,2026-05-26,退换货,门店,中,27.01,否,3
TK0003638,C004678,O00039542,2026-07-01,退换货,电话,中,18.58,否,4
TK0003639,C001422,O00039596,2026-04-09,促销规则,社交媒体,中,10.5,否,4
TK0003640,C002342,O00039606,2025-08-07,促销规则,门店,低,25.07,否,4
TK0003641,C002157,O00039622,2026-01-14,物流咨询,电话,中,13.13,否,5
TK0003642,C004837,O00039633,2026-04-08,发票支付,电话,低,15.76,否,4
TK0003643,C004982,O00039634,2025-10-07,商品质量,社交媒体,高,6.63,是,5
TK0003644,C000075,O00039637,2026-06-03,物流咨询,在线客服,中,22.35,否,3
TK0003645,C003781,O00039654,2026-08-02,安装使用,门店,紧急,14.02,否,5
TK0003646,C002594,O00039659,2026-03-06,商品质量,门店,低,24.74,否,4
TK0003647,C002936,O00039666,2026-06-02,发票支付,电话,低,17.89,否,3
TK0003648,C004894,O00039681,2025-10-01,商品质量,门店,中,3.42,是,5
TK0003649,C004147,O00039683,2025-11-14,商品质量,在线客服,紧急,18.55,否,4
TK0003650,C003855,O00039687,2026-03-15,商品质量,电话,中,4.08,是,5
TK0003651,C003683,O00039694,2026-06-22,退换货,门店,低,2.0,是,5
TK0003652,C001060,O00039696,2025-12-06,物流咨询,电话,高,8.2,否,4
TK0003653,C000555,O00039701,2025-08-18,商品质量,门店,低,9.43,否,4
TK0003654,C000254,O00039702,2026-05-16,商品质量,社交媒体,高,22.74,否,3
TK0003655,C004627,O00039713,2026-07-03,退换货,在线客服,高,29.21,否,3
TK0003656,C004739,O00039719,2026-01-22,物流咨询,电话,高,2.7,是,5
TK0003657,C004560,O00039723,2026-02-25,安装使用,电话,低,33.5,否,2
TK0003658,C003966,O00039748,2025-12-07,促销规则,电话,低,1.55,是,4
TK0003659,C001794,O00039773,2025-08-15,商品质量,在线客服,中,19.54,否,3
TK0003660,C002237,O00039788,2026-05-15,物流咨询,门店,低,14.13,否,3
TK0003661,C003535,O00039794,2025-12-26,商品质量,社交媒体,中,35.78,否,3
TK0003662,C001960,O00039796,2025-09-28,退换货,电话,低,6.52,是,5
TK0003663,C003680,O00039816,2026-01-29,物流咨询,电话,中,32.18,否,4
TK0003664,C003879,O00039818,2026-03-10,退换货,在线客服,高,18.65,否,3
TK0003665,C000847,O00039824,2026-06-07,商品质量,门店,中,30.39,否,3
TK0003666,C004949,O00039837,2026-07-24,安装使用,门店,低,15.88,否,4
TK0003667,C004866,O00039845,2026-04-15,物流咨询,门店,中,18.14,否,3
TK0003668,C004944,O00039862,2026-06-29,物流咨询,电话,高,35.14,否,3
TK0003669,C000963,O00039870,2025-11-27,物流咨询,门店,低,26.31,否,4
TK0003670,C004552,O00039895,2025-12-24,退换货,社交媒体,高,12.69,否,4
TK0003671,C002282,O00039897,2025-12-10,促销规则,在线客服,中,1.31,是,5
TK0003672,C000289,O00039901,2026-02-05,物流咨询,社交媒体,低,6.34,是,5
TK0003673,C001379,O00039903,2025-12-17,促销规则,社交媒体,高,11.86,否,4
TK0003674,C002310,O00039908,2026-03-26,物流咨询,门店,中,8.01,否,5
TK0003675,C004534,O00039930,2026-05-16,物流咨询,在线客服,中,5.36,是,5
TK0003676,C002302,O00039935,2025-10-14,物流咨询,在线客服,低,31.77,否,3
TK0003677,C001846,O00039939,2026-04-14,促销规则,社交媒体,高,13.5,否,4
TK0003678,C000983,O00039944,2025-11-24,发票支付,门店,低,26.48,否,4
TK0003679,C003239,O00039947,2025-08-14,促销规则,社交媒体,中,33.06,否,3
TK0003680,C004170,O00039972,2026-06-29,退换货,电话,中,1.01,是,4
TK0003681,C003364,O00039982,2026-04-13,促销规则,门店,低,12.3,否,4
TK0003682,C002996,O00039990,2025-08-11,物流咨询,社交媒体,中,18.55,否,3
TK0003683,C004986,O00039991,2026-07-19,退换货,电话,低,21.04,否,3
TK0003684,C002844,O00039998,2026-05-21,促销规则,在线客服,中,2.85,是,5
TK0003685,C002670,O00040017,2025-12-20,退换货,在线客服,中,13.56,否,5
TK0003686,C001330,O00040031,2026-03-24,商品质量,门店,中,2.82,是,5
TK0003687,C003668,O00040039,2025-08-10,退换货,电话,中,3.94,是,5
TK0003688,C002124,O00040045,2026-03-06,退换货,电话,中,29.5,否,3
TK0003689,C003103,O00040061,2025-11-23,商品质量,电话,紧急,22.21,否,3
TK0003690,C000226,O00040093,2025-11-07,商品质量,门店,高,5.37,是,4
TK0003691,C002987,O00040100,2025-09-27,安装使用,门店,中,14.74,否,5
TK0003692,C001717,O00040110,2026-05-24,退换货,社交媒体,低,12.74,否,5
TK0003693,C003116,O00040150,2026-05-20,物流咨询,社交媒体,高,25.66,否,4
TK0003694,C003664,O00040160,2025-10-09,安装使用,门店,中,33.44,否,3
TK0003695,C002393,O00040174,2025-11-25,商品质量,电话,低,9.73,否,4
TK0003696,C001888,O00040190,2025-08-05,退换货,社交媒体,低,31.57,否,2
TK0003697,C002162,O00040192,2026-01-25,发票支付,门店,中,2.15,是,5
TK0003698,C000707,O00040202,2026-03-18,安装使用,社交媒体,中,32.28,否,3
TK0003699,C003610,O00040207,2026-03-30,促销规则,电话,低,8.54,否,5
TK0003700,C004154,O00040209,2026-04-21,物流咨询,电话,中,28.62,否,4
TK0003701,C000394,O00040212,2026-06-09,商品质量,在线客服,高,5.04,是,4
TK0003702,C004385,O00040214,2026-06-12,物流咨询,门店,高,12.41,否,3
TK0003703,C004931,O00040215,2026-05-02,安装使用,社交媒体,中,15.83,否,5
TK0003704,C001517,O00040235,2026-06-29,退换货,门店,低,24.06,否,4
TK0003705,C001172,O00040236,2026-03-24,物流咨询,电话,中,14.8,否,4
TK0003706,C001164,O00040238,2026-02-01,促销规则,在线客服,高,21.1,否,4
TK0003707,C003243,O00040247,2026-05-11,退换货,电话,紧急,1.5,是,5
TK0003708,C002292,O00040248,2025-08-09,物流咨询,电话,中,1.43,是,4
TK0003709,C002673,O00040255,2025-12-30,商品质量,社交媒体,中,15.36,否,4
TK0003710,C000140,O00040261,2025-11-12,安装使用,电话,紧急,13.06,否,5
TK0003711,C000953,O00040273,2025-09-19,退换货,门店,中,19.8,否,4
TK0003712,C004089,O00040274,2026-07-14,退换货,电话,低,4.41,是,5
TK0003713,C000886,O00040280,2026-06-06,商品质量,门店,高,7.27,是,5
TK0003714,C004658,O00040307,2026-06-18,退换货,在线客服,高,7.03,是,4
TK0003715,C002389,O00040336,2025-12-01,商品质量,电话,紧急,26.41,否,3
TK0003716,C001075,O00040354,2026-05-24,退换货,门店,紧急,32.89,否,3
TK0003717,C001809,O00040372,2025-11-21,物流咨询,在线客服,高,27.9,否,4
TK0003718,C000015,O00040378,2026-02-24,商品质量,社交媒体,中,31.25,否,2
TK0003719,C004362,O00040391,2025-09-30,促销规则,电话,中,8.96,否,4
TK0003720,C003353,O00040394,2025-09-18,安装使用,门店,高,6.09,是,5
TK0003721,C002160,O00040401,2026-03-16,促销规则,社交媒体,高,12.41,否,5
TK0003722,C000772,O00040433,2025-11-27,安装使用,门店,中,26.11,否,2
TK0003723,C004784,O00040454,2026-05-15,安装使用,门店,中,32.06,否,3
TK0003724,C000331,O00040458,2026-03-25,促销规则,社交媒体,紧急,9.2,否,5
TK0003725,C000990,O00040466,2026-07-22,物流咨询,门店,中,18.79,否,4
TK0003726,C001192,O00040470,2026-07-24,商品质量,门店,低,18.43,否,3
TK0003727,C003639,O00040481,2025-08-03,商品质量,社交媒体,低,21.97,否,4
TK0003728,C003563,O00040482,2026-01-05,安装使用,社交媒体,中,33.02,否,3
TK0003729,C001749,O00040531,2026-01-14,促销规则,门店,中,24.32,否,3
TK0003730,C002354,O00040536,2026-03-16,商品质量,电话,中,31.19,否,3
TK0003731,C004658,O00040537,2025-12-05,安装使用,电话,中,16.2,否,5
TK0003732,C004055,O00040568,2025-11-01,商品质量,社交媒体,中,6.13,是,5
TK0003733,C000393,O00040570,2026-03-10,促销规则,在线客服,低,1.39,是,4
TK0003734,C003045,O00040599,2025-11-14,安装使用,门店,低,7.51,是,5
TK0003735,C002729,O00040600,2026-06-23,促销规则,在线客服,中,31.45,否,3
TK0003736,C000840,O00040601,2025-11-17,物流咨询,电话,高,25.82,否,3
TK0003737,C001793,O00040610,2026-04-28,商品质量,社交媒体,高,5.04,是,4
TK0003738,C001154,O00040613,2025-10-17,物流咨询,社交媒体,中,3.76,是,4
TK0003739,C000161,O00040625,2025-10-10,发票支付,电话,低,19.92,否,4
TK0003740,C001872,O00040628,2026-02-10,物流咨询,在线客服,高,14.89,否,4
TK0003741,C002611,O00040635,2026-05-27,商品质量,门店,高,26.69,否,3
TK0003742,C004529,O00040637,2025-10-18,物流咨询,门店,高,30.29,否,3
TK0003743,C003813,O00040640,2026-07-07,物流咨询,电话,中,34.48,否,3
TK0003744,C000105,O00040641,2025-11-06,商品质量,电话,低,14.64,否,4
TK0003745,C000094,O00040655,2025-10-12,退换货,在线客服,中,11.3,否,4
TK0003746,C001853,O00040666,2026-04-26,退换货,电话,高,15.98,否,4
TK0003747,C002886,O00040676,2026-04-26,促销规则,社交媒体,低,4.26,是,4
TK0003748,C003563,O00040701,2026-05-14,商品质量,电话,紧急,19.89,否,4
TK0003749,C003299,O00040705,2026-06-26,物流咨询,社交媒体,低,19.68,否,4
TK0003750,C002139,O00040734,2026-04-07,退换货,在线客服,低,16.36,否,5
TK0003751,C000871,O00040743,2026-01-02,安装使用,电话,高,22.77,否,4
TK0003752,C000248,O00040744,2026-06-11,商品质量,电话,中,28.79,否,4
TK0003753,C003809,O00040747,2025-10-23,促销规则,电话,中,6.7,是,5
TK0003754,C003509,O00040751,2025-11-09,物流咨询,在线客服,中,13.47,否,5
TK0003755,C002415,O00040754,2026-03-17,促销规则,在线客服,低,27.57,否,3
TK0003756,C004140,O00040756,2025-08-07,商品质量,电话,中,20.66,否,4
TK0003757,C002307,O00040782,2026-05-16,促销规则,电话,高,25.81,否,4
TK0003758,C003491,O00040829,2026-07-19,物流咨询,在线客服,高,32.98,否,3
TK0003759,C002209,O00040831,2026-04-03,物流咨询,电话,低,11.7,否,4
TK0003760,C003728,O00040851,2025-12-14,安装使用,电话,低,28.86,否,3
TK0003761,C002545,O00040861,2026-07-31,物流咨询,在线客服,高,12.41,否,4
TK0003762,C000571,O00040874,2026-03-02,物流咨询,电话,低,9.42,否,3
TK0003763,C001261,O00040883,2026-05-09,商品质量,社交媒体,中,27.21,否,3
TK0003764,C000429,O00040886,2026-07-05,安装使用,电话,低,2.49,是,5
TK0003765,C002209,O00040902,2025-09-05,物流咨询,社交媒体,紧急,8.21,否,5
TK0003766,C002138,O00040928,2026-06-08,物流咨询,社交媒体,中,23.13,否,3
TK0003767,C001770,O00040931,2026-04-11,商品质量,在线客服,低,28.77,否,3
TK0003768,C000371,O00040957,2026-01-22,物流咨询,在线客服,中,24.07,否,4
TK0003769,C003721,O00041003,2025-10-06,促销规则,在线客服,高,18.88,否,4
TK0003770,C001726,O00041011,2026-05-01,促销规则,在线客服,中,15.94,否,5
TK0003771,C004073,O00041029,2026-04-15,商品质量,电话,中,22.36,否,2
TK0003772,C004594,O00041032,2026-06-24,促销规则,社交媒体,低,20.35,否,2
TK0003773,C002851,O00041040,2026-04-28,发票支付,电话,高,24.06,否,4
TK0003774,C003092,O00041044,2026-06-28,促销规则,社交媒体,低,23.67,否,3
TK0003775,C004684,O00041057,2026-06-15,发票支付,电话,低,31.19,否,3
TK0003776,C000774,O00041064,2025-10-30,促销规则,在线客服,中,2.79,是,5
TK0003777,C003397,O00041066,2026-02-15,促销规则,社交媒体,中,22.51,否,2
TK0003778,C000520,O00041078,2026-01-27,物流咨询,电话,中,17.55,否,5
TK0003779,C000772,O00041094,2026-01-09,安装使用,在线客服,高,25.19,否,4
TK0003780,C004407,O00041099,2025-11-25,促销规则,社交媒体,高,1.93,是,5
TK0003781,C004553,O00041108,2025-09-03,退换货,社交媒体,中,20.34,否,2
TK0003782,C003169,O00041113,2025-10-20,物流咨询,社交媒体,低,3.97,是,4
TK0003783,C000478,O00041117,2026-01-19,安装使用,电话,高,1.82,是,5
TK0003784,C004512,O00041125,2025-12-06,安装使用,在线客服,低,29.46,否,4
TK0003785,C001565,O00041128,2026-07-20,促销规则,社交媒体,中,29.61,否,3
TK0003786,C004853,O00041138,2025-09-14,商品质量,门店,高,5.06,是,5
TK0003787,C003624,O00041176,2025-10-21,商品质量,门店,中,33.35,否,3
TK0003788,C003682,O00041178,2026-06-20,商品质量,门店,低,11.42,否,5
TK0003789,C002717,O00041193,2026-01-26,安装使用,在线客服,中,24.24,否,3
TK0003790,C003323,O00041209,2025-11-22,发票支付,在线客服,低,35.61,否,3
TK0003791,C002437,O00041220,2026-07-04,物流咨询,在线客服,中,6.21,是,4
TK0003792,C004943,O00041222,2026-05-25,物流咨询,社交媒体,中,20.17,否,4
TK0003793,C002869,O00041273,2025-12-12,物流咨询,在线客服,中,2.32,是,5
TK0003794,C003624,O00041303,2026-07-18,发票支付,在线客服,中,14.08,否,4
TK0003795,C000487,O00041311,2026-01-14,促销规则,社交媒体,高,18.89,否,4
TK0003796,C002860,O00041328,2026-06-07,商品质量,在线客服,高,14.93,否,4
TK0003797,C001030,O00041341,2026-06-21,商品质量,电话,低,35.16,否,3
TK0003798,C003286,O00041351,2026-07-14,物流咨询,社交媒体,低,13.99,否,5
TK0003799,C001967,O00041352,2026-05-24,退换货,电话,中,1.35,是,5
TK0003800,C002379,O00041379,2026-03-23,退换货,在线客服,中,11.49,否,4
TK0003801,C003286,O00041381,2025-09-16,安装使用,在线客服,低,15.48,否,4
TK0003802,C001638,O00041390,2026-07-04,商品质量,社交媒体,低,32.0,否,3
TK0003803,C000587,O00041392,2025-09-14,安装使用,在线客服,低,18.66,否,4
TK0003804,C003659,O00041420,2025-09-05,商品质量,电话,中,1.32,是,4
TK0003805,C002092,O00041432,2026-06-22,商品质量,在线客服,高,11.77,否,4
TK0003806,C000384,O00041452,2026-06-27,物流咨询,在线客服,低,6.68,是,4
TK0003807,C004888,O00041476,2025-12-18,促销规则,电话,高,12.42,否,5
TK0003808,C002516,O00041507,2026-04-17,安装使用,社交媒体,高,24.17,否,3
TK0003809,C000814,O00041512,2026-01-26,退换货,社交媒体,中,34.89,否,2
TK0003810,C002681,O00041537,2026-06-11,促销规则,社交媒体,中,18.98,否,5
TK0003811,C004947,O00041546,2025-12-10,促销规则,电话,低,5.33,是,5
TK0003812,C002601,O00041577,2025-10-19,退换货,在线客服,中,22.3,否,3
TK0003813,C001101,O00041589,2026-04-06,物流咨询,在线客服,中,26.48,否,3
TK0003814,C001913,O00041592,2026-01-16,物流咨询,电话,高,12.07,否,4
TK0003815,C000272,O00041596,2025-11-30,退换货,社交媒体,高,15.25,否,4
TK0003816,C004044,O00041630,2026-05-05,退换货,社交媒体,中,25.98,否,3
TK0003817,C002824,O00041642,2026-01-22,促销规则,社交媒体,紧急,27.54,否,2
TK0003818,C001353,O00041644,2026-05-21,退换货,电话,中,12.54,否,4
TK0003819,C002493,O00041651,2026-02-13,安装使用,门店,中,29.08,否,3
TK0003820,C004211,O00041658,2026-02-18,促销规则,电话,中,18.35,否,5
TK0003821,C003967,O00041661,2025-12-18,物流咨询,社交媒体,中,35.62,否,2
TK0003822,C004165,O00041663,2025-11-13,安装使用,门店,中,2.9,是,5
TK0003823,C002652,O00041664,2026-04-13,商品质量,社交媒体,低,16.43,否,4
TK0003824,C001553,O00041670,2026-02-13,物流咨询,在线客服,中,19.6,否,3
TK0003825,C002849,O00041675,2026-02-23,商品质量,电话,低,26.46,否,3
TK0003826,C000125,O00041683,2026-03-03,商品质量,社交媒体,中,11.13,否,4
TK0003827,C002738,O00041684,2026-01-29,物流咨询,门店,中,21.03,否,3
TK0003828,C004965,O00041685,2026-03-23,物流咨询,社交媒体,低,29.97,否,3
TK0003829,C003817,O00041698,2025-10-11,退换货,在线客服,中,25.41,否,3
TK0003830,C003477,O00041706,2026-02-09,物流咨询,在线客服,中,12.45,否,4
TK0003831,C003865,O00041717,2025-09-09,发票支付,电话,高,8.89,否,5
TK0003832,C004305,O00041748,2025-08-26,物流咨询,电话,中,13.27,否,3
TK0003833,C001085,O00041752,2026-07-26,物流咨询,电话,高,8.76,否,5
TK0003834,C001735,O00041754,2026-04-21,物流咨询,在线客服,中,21.35,否,4
TK0003835,C003226,O00041757,2025-10-01,物流咨询,电话,中,32.17,否,2
TK0003836,C001774,O00041772,2026-05-08,商品质量,在线客服,中,10.97,否,4
TK0003837,C002719,O00041774,2026-03-06,安装使用,社交媒体,中,9.82,否,4
TK0003838,C001276,O00041779,2026-06-08,商品质量,电话,中,33.19,否,3
TK0003839,C000218,O00041795,2026-05-21,物流咨询,电话,低,34.24,否,2
TK0003840,C004277,O00041802,2026-05-19,退换货,在线客服,低,14.98,否,4
TK0003841,C003238,O00041815,2026-06-01,物流咨询,在线客服,中,8.06,否,3
TK0003842,C000291,O00041825,2026-07-26,促销规则,电话,低,29.31,否,4
TK0003843,C004655,O00041826,2026-01-31,安装使用,社交媒体,高,9.7,否,5
TK0003844,C000034,O00041834,2026-07-27,商品质量,电话,中,17.15,否,4
TK0003845,C000192,O00041839,2025-10-29,商品质量,电话,中,24.32,否,3
TK0003846,C001679,O00041850,2025-10-14,促销规则,在线客服,低,29.38,否,3
TK0003847,C002054,O00041867,2026-03-11,物流咨询,社交媒体,低,5.15,是,4
TK0003848,C001869,O00041870,2026-01-10,退换货,社交媒体,中,12.03,否,4
TK0003849,C002521,O00041899,2026-05-20,退换货,社交媒体,高,18.73,否,4
TK0003850,C002845,O00041910,2025-11-26,促销规则,电话,中,29.04,否,4
TK0003851,C001863,O00041927,2026-02-22,物流咨询,社交媒体,中,2.67,是,5
TK0003852,C000264,O00041928,2025-11-16,物流咨询,社交媒体,中,22.42,否,4
TK0003853,C000574,O00041942,2025-12-24,物流咨询,门店,中,25.65,否,3
TK0003854,C004477,O00041953,2026-05-10,安装使用,电话,中,30.16,否,3
TK0003855,C000490,O00041975,2026-06-17,发票支付,社交媒体,中,24.34,否,2
TK0003856,C002172,O00041998,2025-09-07,物流咨询,电话,高,9.1,否,4
TK0003857,C000348,O00042004,2026-02-03,物流咨询,门店,中,27.05,否,3
TK0003858,C003362,O00042006,2026-01-26,退换货,在线客服,低,13.99,否,5
TK0003859,C004356,O00042044,2026-06-03,退换货,门店,低,20.54,否,3
TK0003860,C001192,O00042056,2025-11-26,物流咨询,社交媒体,低,18.57,否,4
TK0003861,C003988,O00042070,2025-09-15,物流咨询,电话,中,26.42,否,3
TK0003862,C000101,O00042110,2026-04-30,商品质量,社交媒体,紧急,1.21,是,5
TK0003863,C004602,O00042115,2026-03-25,物流咨询,在线客服,中,10.1,否,4
TK0003864,C000088,O00042116,2026-07-23,物流咨询,在线客服,中,28.0,否,3
TK0003865,C000303,O00042119,2026-04-22,促销规则,门店,中,2.82,是,5
TK0003866,C001813,O00042126,2026-07-22,安装使用,社交媒体,中,23.7,否,3
TK0003867,C004491,O00042132,2026-06-01,安装使用,社交媒体,紧急,13.65,否,3
TK0003868,C004340,O00042133,2026-05-16,物流咨询,在线客服,低,3.08,是,5
TK0003869,C001386,O00042135,2025-10-21,退换货,在线客服,中,2.3,是,5
TK0003870,C000775,O00042139,2026-06-05,安装使用,社交媒体,高,9.18,否,5
TK0003871,C000337,O00042158,2026-05-14,物流咨询,社交媒体,高,21.26,否,4
TK0003872,C003738,O00042161,2026-04-03,物流咨询,电话,中,23.56,否,4
TK0003873,C003627,O00042165,2025-11-27,安装使用,电话,高,6.11,是,5
TK0003874,C002290,O00042214,2026-02-11,促销规则,社交媒体,紧急,6.27,是,4
TK0003875,C004012,O00042231,2026-03-02,退换货,在线客服,中,8.54,否,5
TK0003876,C000997,O00042239,2026-03-21,物流咨询,门店,中,20.53,否,4
TK0003877,C004947,O00042244,2025-11-19,商品质量,在线客服,中,2.15,是,5
TK0003878,C003738,O00042252,2026-02-10,物流咨询,在线客服,低,17.5,否,3
TK0003879,C002111,O00042284,2026-06-05,商品质量,在线客服,低,9.85,否,4
TK0003880,C003853,O00042288,2026-06-27,物流咨询,在线客服,高,10.56,否,5
TK0003881,C004410,O00042290,2026-07-29,退换货,电话,低,14.33,否,5
TK0003882,C002478,O00042304,2025-08-16,商品质量,电话,紧急,21.4,否,3
TK0003883,C002405,O00042306,2025-09-03,促销规则,在线客服,低,20.13,否,4
TK0003884,C000002,O00042309,2026-05-20,安装使用,门店,低,20.99,否,4
TK0003885,C000049,O00042310,2026-03-16,物流咨询,门店,高,32.55,否,2
TK0003886,C002740,O00042312,2025-09-12,安装使用,门店,低,14.51,否,3
TK0003887,C004519,O00042323,2026-03-11,物流咨询,在线客服,高,29.84,否,3
TK0003888,C002972,O00042332,2025-09-30,退换货,门店,中,24.57,否,4
TK0003889,C003191,O00042339,2025-11-13,商品质量,门店,高,1.95,是,5
TK0003890,C001947,O00042350,2026-07-13,商品质量,门店,紧急,28.28,否,3
TK0003891,C001590,O00042363,2026-06-06,促销规则,门店,低,30.53,否,3
TK0003892,C003407,O00042386,2026-02-07,安装使用,电话,中,9.56,否,3
TK0003893,C000721,O00042452,2025-10-19,促销规则,社交媒体,中,2.15,是,5
TK0003894,C003308,O00042462,2025-11-08,退换货,社交媒体,中,18.6,否,4
TK0003895,C000864,O00042465,2026-06-10,物流咨询,社交媒体,高,15.72,否,3
TK0003896,C001757,O00042475,2025-11-14,退换货,在线客服,中,2.23,是,5
TK0003897,C002941,O00042499,2026-05-04,物流咨询,门店,中,14.6,否,4
TK0003898,C000799,O00042504,2025-12-31,物流咨询,社交媒体,低,7.56,是,5
TK0003899,C000333,O00042512,2025-10-05,商品质量,社交媒体,中,7.34,是,4
TK0003900,C004538,O00042513,2026-04-11,商品质量,社交媒体,高,7.65,是,5
TK0003901,C003332,O00042518,2025-09-05,物流咨询,电话,中,34.42,否,3
TK0003902,C000999,O00042579,2026-05-03,物流咨询,门店,低,20.69,否,4
TK0003903,C000595,O00042581,2026-02-17,发票支付,在线客服,高,1.74,是,5
TK0003904,C001475,O00042582,2026-06-17,物流咨询,社交媒体,低,2.19,是,5
TK0003905,C004507,O00042600,2026-06-24,物流咨询,在线客服,低,26.86,否,3
TK0003906,C001338,O00042610,2026-07-15,发票支付,在线客服,低,10.3,否,4
TK0003907,C003321,O00042619,2026-05-24,商品质量,门店,低,11.23,否,5
TK0003908,C004468,O00042633,2025-12-19,物流咨询,社交媒体,中,10.73,否,4
TK0003909,C003464,O00042649,2026-03-31,促销规则,门店,低,8.15,否,3
TK0003910,C002607,O00042657,2026-07-24,商品质量,电话,中,11.13,否,4
TK0003911,C000924,O00042693,2025-11-20,安装使用,社交媒体,中,25.63,否,4
TK0003912,C004610,O00042695,2026-04-02,物流咨询,电话,中,29.43,否,3
TK0003913,C004220,O00042719,2025-09-21,物流咨询,在线客服,低,23.43,否,3
TK0003914,C001912,O00042721,2026-01-12,安装使用,在线客服,低,28.06,否,3
TK0003915,C004466,O00042722,2025-12-02,退换货,电话,低,13.42,否,4
TK0003916,C000898,O00042729,2025-10-25,商品质量,社交媒体,低,33.75,否,3
TK0003917,C001561,O00042730,2026-02-28,物流咨询,在线客服,中,20.95,否,2
TK0003918,C004097,O00042731,2025-09-24,安装使用,在线客服,低,4.31,是,4
TK0003919,C000876,O00042742,2026-06-20,安装使用,门店,高,22.22,否,3
TK0003920,C002594,O00042743,2026-03-24,物流咨询,社交媒体,中,6.72,是,4
TK0003921,C004316,O00042755,2026-02-10,退换货,门店,中,2.35,是,5
TK0003922,C001601,O00042758,2026-04-02,商品质量,门店,中,16.44,否,4
TK0003923,C004414,O00042772,2025-12-09,物流咨询,在线客服,低,29.0,否,4
TK0003924,C003928,O00042784,2026-03-19,物流咨询,在线客服,低,26.26,否,4
TK0003925,C000627,O00042789,2025-08-14,商品质量,在线客服,中,18.59,否,4
TK0003926,C004144,O00042794,2025-12-05,物流咨询,社交媒体,低,19.97,否,4
TK0003927,C000217,O00042812,2025-11-11,商品质量,社交媒体,中,12.49,否,4
TK0003928,C000466,O00042815,2026-01-21,安装使用,电话,紧急,19.4,否,4
TK0003929,C003020,O00042822,2026-06-07,物流咨询,在线客服,中,16.98,否,3
TK0003930,C004490,O00042828,2025-12-23,物流咨询,社交媒体,低,15.05,否,3
TK0003931,C003063,O00042830,2026-01-12,安装使用,在线客服,紧急,9.88,否,4
TK0003932,C002574,O00042834,2026-07-24,物流咨询,门店,中,1.64,是,5
TK0003933,C004479,O00042841,2026-05-16,商品质量,在线客服,低,18.33,否,4
TK0003934,C000902,O00042860,2026-07-25,安装使用,在线客服,低,22.7,否,3
TK0003935,C002773,O00042862,2025-12-31,促销规则,门店,中,20.93,否,3
TK0003936,C003730,O00042867,2025-10-02,物流咨询,电话,中,14.05,否,3
TK0003937,C002025,O00042873,2026-04-18,物流咨询,社交媒体,高,20.37,否,3
TK0003938,C003568,O00042885,2026-04-07,物流咨询,在线客服,低,14.24,否,4
TK0003939,C004223,O00042907,2026-03-25,物流咨询,电话,高,21.89,否,4
TK0003940,C002637,O00042914,2026-06-18,物流咨询,门店,低,13.47,否,4
TK0003941,C000167,O00042919,2025-09-20,物流咨询,社交媒体,紧急,6.34,是,4
TK0003942,C000687,O00042976,2026-01-02,安装使用,社交媒体,紧急,12.91,否,4
TK0003943,C004244,O00042986,2026-06-29,物流咨询,门店,高,28.11,否,3
TK0003944,C002746,O00042989,2026-01-23,商品质量,电话,高,24.97,否,4
TK0003945,C000030,O00042995,2026-01-14,安装使用,社交媒体,紧急,9.59,否,4
TK0003946,C004716,O00043000,2026-01-19,安装使用,在线客服,低,28.32,否,2
TK0003947,C003106,O00043010,2025-11-19,退换货,在线客服,低,8.6,否,5
TK0003948,C001821,O00043011,2026-05-14,商品质量,电话,中,33.56,否,2
TK0003949,C004417,O00043015,2025-12-21,物流咨询,在线客服,中,5.66,是,4
TK0003950,C003612,O00043027,2026-02-09,物流咨询,社交媒体,中,32.73,否,3
TK0003951,C001440,O00043031,2026-05-27,物流咨询,在线客服,中,5.3,是,4
TK0003952,C002851,O00043044,2025-12-30,商品质量,在线客服,低,26.01,否,4
TK0003953,C000543,O00043047,2026-03-25,物流咨询,社交媒体,中,10.74,否,5
TK0003954,C001626,O00043065,2026-02-05,物流咨询,电话,中,23.85,否,3
TK0003955,C000039,O00043080,2026-04-04,商品质量,门店,中,17.91,否,3
TK0003956,C001725,O00043091,2026-05-30,物流咨询,电话,中,5.68,是,4
TK0003957,C000042,O00043100,2026-05-14,安装使用,在线客服,中,24.83,否,4
TK0003958,C004160,O00043107,2025-09-04,物流咨询,社交媒体,中,12.7,否,4
TK0003959,C000945,O00043126,2025-11-25,物流咨询,在线客服,高,19.48,否,2
TK0003960,C002038,O00043166,2026-02-06,物流咨询,社交媒体,中,33.75,否,2
TK0003961,C001270,O00043167,2025-09-10,物流咨询,在线客服,中,28.45,否,3
TK0003962,C001739,O00043170,2026-03-17,安装使用,社交媒体,高,6.7,是,5
TK0003963,C001912,O00043190,2025-10-14,商品质量,门店,中,30.43,否,3
TK0003964,C002064,O00043209,2026-03-22,物流咨询,在线客服,中,15.55,否,4
TK0003965,C002155,O00043212,2025-11-12,物流咨询,电话,高,16.39,否,3
TK0003966,C002245,O00043236,2026-05-23,物流咨询,社交媒体,高,3.12,是,4
TK0003967,C002442,O00043244,2025-10-25,物流咨询,在线客服,低,1.39,是,5
TK0003968,C003575,O00043280,2026-03-27,物流咨询,门店,中,2.64,是,5
TK0003969,C001170,O00043285,2026-03-21,物流咨询,门店,中,8.09,否,5
TK0003970,C000402,O00043302,2026-05-11,安装使用,电话,高,15.07,否,4
TK0003971,C003011,O00043320,2026-06-15,安装使用,在线客服,中,13.45,否,5
TK0003972,C002959,O00043340,2026-05-02,发票支付,电话,低,29.37,否,4
TK0003973,C001417,O00043380,2026-01-29,安装使用,电话,低,35.91,否,3
TK0003974,C003778,O00043400,2026-02-27,退换货,在线客服,低,9.15,否,4
TK0003975,C001860,O00043414,2026-07-04,商品质量,门店,高,35.92,否,3
TK0003976,C001221,O00043424,2026-01-15,发票支付,电话,中,3.16,是,4
TK0003977,C001916,O00043467,2025-11-04,促销规则,在线客服,中,5.13,是,5
TK0003978,C002117,O00043479,2026-01-17,物流咨询,门店,中,27.78,否,3
TK0003979,C001337,O00043487,2026-01-21,物流咨询,门店,中,27.41,否,4
TK0003980,C003689,O00043491,2025-12-19,物流咨询,门店,低,31.27,否,2
TK0003981,C003359,O00043496,2025-10-25,退换货,在线客服,低,16.34,否,4
TK0003982,C004860,O00043527,2025-10-13,安装使用,社交媒体,中,9.5,否,4
TK0003983,C004731,O00043535,2026-03-24,物流咨询,电话,中,12.89,否,3
TK0003984,C002403,O00043554,2025-10-02,退换货,电话,高,33.3,否,4
TK0003985,C004715,O00043555,2026-04-05,安装使用,电话,中,35.08,否,3
TK0003986,C003588,O00043564,2025-12-13,商品质量,电话,中,24.0,否,4
TK0003987,C003799,O00043585,2026-06-15,促销规则,电话,中,34.63,否,3
TK0003988,C004651,O00043590,2025-11-17,物流咨询,电话,中,16.75,否,4
TK0003989,C002302,O00043603,2025-11-10,商品质量,在线客服,低,6.16,是,5
TK0003990,C000343,O00043629,2026-04-16,退换货,门店,低,2.24,是,5
TK0003991,C001477,O00043638,2026-04-14,商品质量,在线客服,中,10.96,否,5
TK0003992,C002375,O00043650,2026-01-31,物流咨询,门店,低,33.93,否,3
TK0003993,C001492,O00043665,2026-04-03,退换货,在线客服,中,24.2,否,3
TK0003994,C001904,O00043684,2025-12-17,物流咨询,门店,高,7.84,是,4
TK0003995,C004581,O00043688,2025-12-10,商品质量,社交媒体,高,31.05,否,3
TK0003996,C000796,O00043690,2026-03-08,商品质量,在线客服,高,9.19,否,4
TK0003997,C004403,O00043693,2026-08-02,物流咨询,在线客服,中,14.76,否,5
TK0003998,C000396,O00043696,2025-10-15,促销规则,社交媒体,中,20.14,否,4
TK0003999,C000225,O00043697,2026-06-03,商品质量,社交媒体,高,12.93,否,4
TK0004000,C004496,O00043715,2026-07-03,安装使用,社交媒体,低,12.69,否,4
TK0004001,C000053,O00043717,2026-04-03,发票支付,门店,中,25.33,否,2
TK0004002,C004964,O00043733,2026-03-01,商品质量,社交媒体,低,6.08,是,4
TK0004003,C000710,O00043745,2025-10-24,商品质量,电话,中,15.39,否,4
TK0004004,C003182,O00043764,2025-12-15,物流咨询,在线客服,中,22.59,否,3
TK0004005,C000356,O00043778,2025-10-11,物流咨询,门店,中,19.02,否,3
TK0004006,C002123,O00043791,2026-01-01,商品质量,门店,中,10.56,否,4
TK0004007,C002689,O00043792,2026-07-06,物流咨询,电话,低,28.81,否,4
TK0004008,C004796,O00043821,2026-02-13,商品质量,电话,中,12.87,否,4
TK0004009,C004505,O00043834,2025-12-17,物流咨询,社交媒体,中,13.85,否,4
TK0004010,C004105,O00043851,2026-03-27,退换货,在线客服,中,9.47,否,3
TK0004011,C001711,O00043865,2026-08-04,退换货,电话,中,28.76,否,3
TK0004012,C001589,O00043877,2026-01-31,商品质量,在线客服,高,10.64,否,5
TK0004013,C002071,O00043894,2025-11-15,物流咨询,门店,高,18.93,否,3
TK0004014,C000532,O00043901,2026-01-02,商品质量,门店,低,20.14,否,3
TK0004015,C003199,O00043910,2025-10-26,促销规则,社交媒体,中,33.41,否,3
TK0004016,C003026,O00043915,2025-09-08,安装使用,在线客服,低,26.81,否,4
TK0004017,C000118,O00043918,2025-11-22,促销规则,门店,低,15.32,否,3
TK0004018,C002496,O00043921,2026-06-12,商品质量,在线客服,中,9.75,否,5
TK0004019,C004480,O00043933,2025-09-01,安装使用,在线客服,低,7.89,是,5
TK0004020,C004294,O00043943,2026-01-04,安装使用,门店,中,27.89,否,3
TK0004021,C000019,O00043956,2025-08-15,商品质量,在线客服,低,17.39,否,4
TK0004022,C003942,O00043966,2026-03-11,物流咨询,在线客服,紧急,29.6,否,2
TK0004023,C003077,O00043967,2026-05-09,物流咨询,社交媒体,高,1.39,是,5
TK0004024,C004261,O00043982,2025-08-22,物流咨询,社交媒体,高,3.3,是,4
TK0004025,C004675,O00043994,2026-07-01,物流咨询,电话,高,3.2,是,4
TK0004026,C003456,O00043996,2026-04-18,促销规则,门店,中,26.17,否,4
TK0004027,C001322,O00044007,2026-05-11,商品质量,门店,低,17.87,否,3
TK0004028,C003491,O00044008,2026-01-07,物流咨询,在线客服,中,19.24,否,4
TK0004029,C004728,O00044011,2025-09-22,促销规则,社交媒体,高,12.05,否,5
TK0004030,C002582,O00044012,2025-09-26,促销规则,社交媒体,低,1.84,是,5
TK0004031,C002847,O00044020,2026-02-26,物流咨询,门店,紧急,27.98,否,3
TK0004032,C003059,O00044022,2025-09-09,安装使用,社交媒体,低,29.03,否,3
TK0004033,C003077,O00044027,2026-08-01,物流咨询,电话,低,31.47,否,3
TK0004034,C000622,O00044046,2026-03-06,退换货,电话,高,2.05,是,5
TK0004035,C002855,O00044056,2026-07-20,商品质量,电话,高,35.13,否,3
TK0004036,C004868,O00044070,2026-02-20,物流咨询,门店,低,2.43,是,5
TK0004037,C001745,O00044087,2025-09-22,发票支付,社交媒体,中,32.9,否,3
TK0004038,C003822,O00044101,2026-03-03,安装使用,在线客服,高,35.46,否,3
TK0004039,C001275,O00044106,2025-10-24,物流咨询,门店,低,32.69,否,3
TK0004040,C003126,O00044119,2025-08-20,发票支付,电话,低,1.13,是,5
TK0004041,C000771,O00044124,2026-07-28,商品质量,电话,中,18.99,否,4
TK0004042,C000195,O00044134,2026-04-21,安装使用,电话,中,26.63,否,3
TK0004043,C004968,O00044155,2026-02-11,促销规则,社交媒体,低,3.81,是,5
TK0004044,C001516,O00044176,2026-05-14,退换货,电话,中,23.74,否,3
TK0004045,C002634,O00044214,2026-06-10,退换货,社交媒体,低,19.43,否,4
TK0004046,C002291,O00044260,2026-06-26,促销规则,电话,低,10.49,否,4
TK0004047,C004852,O00044292,2025-12-27,物流咨询,在线客服,中,8.23,否,4
TK0004048,C004693,O00044312,2025-08-08,物流咨询,在线客服,中,3.53,是,4
TK0004049,C002091,O00044316,2025-09-24,退换货,社交媒体,高,13.96,否,5
TK0004050,C000629,O00044326,2026-03-10,商品质量,社交媒体,高,35.38,否,3
TK0004051,C004465,O00044330,2026-01-03,物流咨询,电话,中,3.37,是,5
TK0004052,C003509,O00044334,2025-10-15,物流咨询,门店,高,16.15,否,3
TK0004053,C004659,O00044362,2025-10-16,商品质量,门店,中,22.22,否,4
TK0004054,C001280,O00044363,2026-04-17,退换货,门店,高,7.71,是,5
TK0004055,C000523,O00044368,2026-06-13,物流咨询,电话,中,12.23,否,5
TK0004056,C002004,O00044369,2026-02-14,发票支付,在线客服,高,17.31,否,3
TK0004057,C001734,O00044379,2026-04-15,物流咨询,电话,中,12.62,否,4
TK0004058,C002935,O00044381,2026-05-15,发票支付,社交媒体,高,9.51,否,5
TK0004059,C004788,O00044396,2026-04-22,物流咨询,门店,高,8.04,否,5
TK0004060,C000636,O00044403,2025-12-11,物流咨询,在线客服,高,22.71,否,4
TK0004061,C002308,O00044408,2025-11-01,发票支付,在线客服,中,18.9,否,4
TK0004062,C000078,O00044415,2026-05-06,物流咨询,门店,中,34.75,否,1
TK0004063,C002561,O00044416,2026-04-11,发票支付,门店,高,21.32,否,4
TK0004064,C003269,O00044417,2026-04-27,商品质量,在线客服,低,8.13,否,4
TK0004065,C000026,O00044451,2026-05-28,安装使用,在线客服,中,35.6,否,3
TK0004066,C000825,O00044466,2026-03-10,安装使用,在线客服,低,27.41,否,3
TK0004067,C000208,O00044479,2026-01-01,促销规则,在线客服,中,17.37,否,4
TK0004068,C003425,O00044480,2025-11-18,物流咨询,社交媒体,高,2.16,是,4
TK0004069,C004819,O00044482,2025-10-29,物流咨询,门店,低,23.53,否,3
TK0004070,C004924,O00044491,2026-01-31,安装使用,社交媒体,中,19.56,否,3
TK0004071,C004773,O00044504,2026-03-16,安装使用,电话,紧急,2.92,是,5
TK0004072,C004569,O00044524,2025-11-25,物流咨询,社交媒体,低,17.41,否,4
TK0004073,C003260,O00044526,2025-12-19,物流咨询,在线客服,低,8.45,否,3
TK0004074,C004537,O00044548,2026-01-15,安装使用,在线客服,低,13.21,否,5
TK0004075,C002147,O00044552,2026-07-29,物流咨询,在线客服,中,30.49,否,2
TK0004076,C000903,O00044570,2025-11-01,物流咨询,门店,高,10.01,否,3
TK0004077,C002155,O00044580,2026-05-01,商品质量,门店,低,5.07,是,5
TK0004078,C000999,O00044587,2026-03-07,物流咨询,社交媒体,中,7.56,是,4
TK0004079,C004719,O00044595,2025-12-15,安装使用,社交媒体,低,14.78,否,4
TK0004080,C003371,O00044625,2026-01-24,物流咨询,门店,中,13.23,否,4
TK0004081,C004187,O00044642,2025-11-11,物流咨询,在线客服,中,25.28,否,4
TK0004082,C000504,O00044650,2025-10-01,发票支付,电话,高,14.23,否,4
TK0004083,C004940,O00044671,2026-05-25,物流咨询,社交媒体,中,33.25,否,2
TK0004084,C003839,O00044674,2026-03-12,物流咨询,电话,高,8.48,否,4
TK0004085,C000468,O00044678,2025-08-11,安装使用,门店,中,1.2,是,5
TK0004086,C000667,O00044699,2025-08-22,物流咨询,门店,低,4.66,是,5
TK0004087,C002621,O00044715,2025-08-13,物流咨询,电话,低,21.73,否,3
TK0004088,C001902,O00044718,2026-01-02,促销规则,门店,低,13.16,否,4
TK0004089,C000304,O00044724,2026-05-11,物流咨询,电话,中,30.67,否,4
TK0004090,C002550,O00044730,2026-05-15,物流咨询,电话,高,10.83,否,5
TK0004091,C004100,O00044748,2026-05-24,物流咨询,在线客服,中,16.6,否,3
TK0004092,C000003,O00044757,2026-05-01,退换货,电话,中,23.41,否,3
TK0004093,C000604,O00044758,2026-01-06,商品质量,电话,低,5.92,是,4
TK0004094,C003795,O00044764,2026-01-14,促销规则,门店,高,24.46,否,4
TK0004095,C001256,O00044773,2026-01-29,商品质量,电话,中,33.46,否,2
TK0004096,C004850,O00044775,2026-07-07,商品质量,在线客服,低,13.67,否,5
TK0004097,C000225,O00044776,2026-04-05,发票支付,电话,低,25.55,否,3
TK0004098,C004437,O00044778,2026-06-17,促销规则,电话,高,34.64,否,3
TK0004099,C004470,O00044786,2026-02-05,物流咨询,在线客服,紧急,4.05,是,4
TK0004100,C002751,O00044791,2026-08-02,物流咨询,门店,中,21.01,否,3
TK0004101,C003014,O00044794,2026-05-22,物流咨询,门店,高,21.45,否,4
TK0004102,C000393,O00044841,2025-12-23,安装使用,门店,低,29.58,否,3
TK0004103,C002663,O00044867,2025-09-06,促销规则,门店,低,24.75,否,3
TK0004104,C003656,O00044884,2026-01-04,退换货,社交媒体,中,34.8,否,3
TK0004105,C001944,O00044887,2025-09-14,商品质量,电话,紧急,32.26,否,2
TK0004106,C001633,O00044908,2026-04-18,物流咨询,社交媒体,中,21.38,否,4
TK0004107,C003237,O00044918,2025-10-01,退换货,电话,中,21.63,否,3
TK0004108,C000855,O00044924,2026-06-01,促销规则,门店,低,32.64,否,3
TK0004109,C002642,O00044929,2026-07-24,商品质量,在线客服,低,18.26,否,4
TK0004110,C003997,O00044935,2025-10-30,促销规则,电话,中,12.88,否,4
TK0004111,C003005,O00044940,2026-01-10,商品质量,在线客服,低,30.52,否,4
TK0004112,C004255,O00044970,2026-07-05,物流咨询,电话,低,23.03,否,4
TK0004113,C002351,O00044978,2026-03-21,促销规则,门店,中,9.3,否,5
TK0004114,C002999,O00044980,2026-05-19,退换货,社交媒体,低,33.97,否,3
TK0004115,C000517,O00044982,2026-03-25,商品质量,社交媒体,中,24.9,否,4
TK0004116,C000862,O00044986,2025-12-10,物流咨询,社交媒体,低,21.43,否,2
TK0004117,C001727,O00045005,2025-10-12,物流咨询,社交媒体,高,6.1,是,3
TK0004118,C003956,O00045011,2026-03-22,商品质量,门店,低,16.3,否,5
TK0004119,C003403,O00045021,2026-01-19,商品质量,电话,低,13.85,否,4
TK0004120,C002370,O00045028,2025-09-04,商品质量,门店,中,8.38,否,5
TK0004121,C001642,O00045030,2026-05-21,安装使用,电话,高,28.8,否,3
TK0004122,C002104,O00045061,2025-12-16,商品质量,社交媒体,中,25.0,否,3
TK0004123,C002275,O00045064,2026-07-23,退换货,社交媒体,中,14.21,否,4
TK0004124,C004813,O00045077,2025-09-21,商品质量,电话,高,19.76,否,4
TK0004125,C001431,O00045119,2026-04-22,物流咨询,在线客服,中,12.48,否,4
TK0004126,C003984,O00045138,2026-04-05,商品质量,社交媒体,低,15.95,否,4
TK0004127,C002199,O00045150,2025-08-25,物流咨询,电话,高,14.29,否,4
TK0004128,C001609,O00045159,2026-07-30,安装使用,门店,高,14.61,否,4
TK0004129,C004161,O00045168,2025-12-20,安装使用,在线客服,中,10.69,否,4
TK0004130,C002825,O00045175,2026-03-31,物流咨询,电话,中,16.83,否,4
TK0004131,C000787,O00045179,2026-03-09,促销规则,在线客服,高,17.35,否,3
TK0004132,C003152,O00045185,2026-01-14,安装使用,在线客服,低,18.59,否,4
TK0004133,C002202,O00045207,2026-04-24,退换货,门店,中,9.08,否,4
TK0004134,C001165,O00045218,2026-02-25,商品质量,在线客服,紧急,21.78,否,4
TK0004135,C000859,O00045229,2025-11-30,物流咨询,社交媒体,高,20.92,否,3
TK0004136,C003879,O00045232,2026-03-25,物流咨询,社交媒体,低,28.86,否,4
TK0004137,C000461,O00045236,2025-09-05,物流咨询,电话,中,8.27,否,4
TK0004138,C002327,O00045239,2025-12-28,商品质量,门店,中,10.11,否,5
TK0004139,C002673,O00045241,2026-05-11,商品质量,门店,中,12.12,否,4
TK0004140,C002786,O00045243,2026-05-11,物流咨询,门店,高,10.01,否,4
TK0004141,C003725,O00045279,2026-04-27,物流咨询,社交媒体,高,31.83,否,3
TK0004142,C003804,O00045285,2026-05-23,促销规则,门店,中,1.5,是,5
TK0004143,C004028,O00045306,2026-03-21,物流咨询,门店,低,12.09,否,3
TK0004144,C003367,O00045313,2026-04-22,物流咨询,门店,高,11.33,否,4
TK0004145,C001835,O00045317,2026-07-22,物流咨询,在线客服,中,32.35,否,3
TK0004146,C004155,O00045340,2026-07-29,促销规则,在线客服,高,7.28,是,5
TK0004147,C004186,O00045354,2025-11-14,物流咨询,社交媒体,低,28.2,否,4
TK0004148,C002971,O00045371,2026-04-03,商品质量,电话,中,27.19,否,4
TK0004149,C001802,O00045410,2025-08-15,物流咨询,社交媒体,中,5.81,是,4
TK0004150,C002560,O00045419,2026-03-13,物流咨询,社交媒体,中,27.61,否,3
TK0004151,C001810,O00045423,2025-12-12,物流咨询,电话,中,16.5,否,3
TK0004152,C001648,O00045427,2026-03-24,商品质量,在线客服,低,5.64,是,3
TK0004153,C001431,O00045438,2026-02-12,商品质量,在线客服,中,31.34,否,3
TK0004154,C003940,O00045439,2025-12-23,退换货,在线客服,中,25.14,否,3
TK0004155,C003694,O00045450,2026-06-06,商品质量,社交媒体,中,17.59,否,4
TK0004156,C003377,O00045451,2026-03-16,商品质量,社交媒体,低,32.93,否,2
TK0004157,C003179,O00045461,2025-11-09,物流咨询,在线客服,中,13.06,否,4
TK0004158,C000647,O00045477,2025-12-19,促销规则,门店,中,12.26,否,4
TK0004159,C003229,O00045488,2025-08-29,退换货,在线客服,中,16.81,否,5
TK0004160,C004980,O00045491,2026-04-19,物流咨询,在线客服,低,6.61,是,4
TK0004161,C001665,O00045502,2026-02-14,退换货,在线客服,中,17.56,否,4
TK0004162,C004286,O00045503,2025-08-21,物流咨询,社交媒体,中,20.69,否,3
TK0004163,C003277,O00045513,2025-11-12,商品质量,在线客服,中,27.9,否,4
TK0004164,C000203,O00045530,2026-03-15,商品质量,电话,中,33.82,否,3
TK0004165,C002133,O00045531,2025-08-26,退换货,在线客服,高,3.53,是,5
TK0004166,C003414,O00045544,2026-06-01,商品质量,社交媒体,紧急,9.65,否,4
TK0004167,C003033,O00045562,2025-12-13,安装使用,社交媒体,中,25.77,否,3
TK0004168,C003356,O00045573,2026-04-28,商品质量,电话,中,9.05,否,5
TK0004169,C001635,O00045577,2025-10-13,退换货,门店,中,20.85,否,4
TK0004170,C004257,O00045582,2025-11-04,商品质量,门店,低,5.18,是,5
TK0004171,C002698,O00045585,2026-03-11,商品质量,门店,高,21.0,否,3
TK0004172,C002531,O00045590,2025-09-10,退换货,电话,高,14.34,否,5
TK0004173,C001167,O00045591,2026-05-18,物流咨询,电话,低,1.37,是,5
TK0004174,C000813,O00045602,2025-10-25,物流咨询,电话,中,15.94,否,4
TK0004175,C001754,O00045609,2026-03-07,商品质量,在线客服,高,18.2,否,4
TK0004176,C000495,O00045620,2025-12-21,促销规则,社交媒体,高,7.51,是,5
TK0004177,C000903,O00045632,2025-10-16,物流咨询,电话,高,27.28,否,4
TK0004178,C004418,O00045635,2026-05-05,物流咨询,电话,中,7.61,是,5
TK0004179,C004874,O00045641,2025-11-29,物流咨询,电话,中,8.12,否,5
TK0004180,C001373,O00045643,2026-05-17,物流咨询,电话,中,18.31,否,4
TK0004181,C002348,O00045654,2026-04-21,物流咨询,门店,高,10.48,否,4
TK0004182,C002000,O00045658,2026-08-04,退换货,门店,中,16.56,否,5
TK0004183,C003417,O00045665,2025-11-19,发票支付,社交媒体,中,1.99,是,5
TK0004184,C002520,O00045689,2025-12-02,物流咨询,门店,低,1.73,是,4
TK0004185,C001205,O00045720,2025-08-14,商品质量,社交媒体,中,9.06,否,5
TK0004186,C002389,O00045724,2025-10-06,物流咨询,在线客服,中,26.49,否,3
TK0004187,C003923,O00045731,2026-06-10,物流咨询,门店,高,11.0,否,4
TK0004188,C004810,O00045738,2025-12-17,物流咨询,电话,高,10.79,否,4
TK0004189,C003775,O00045757,2026-02-07,物流咨询,电话,中,4.56,是,5
TK0004190,C001209,O00045770,2026-07-19,退换货,电话,低,17.38,否,3
TK0004191,C000618,O00045773,2026-03-20,物流咨询,门店,低,9.22,否,4
TK0004192,C002747,O00045792,2026-07-05,物流咨询,电话,中,22.66,否,4
TK0004193,C001227,O00045794,2025-10-16,物流咨询,社交媒体,中,7.87,是,5
TK0004194,C002946,O00045802,2026-04-26,商品质量,社交媒体,低,3.77,是,5
TK0004195,C001615,O00045808,2025-10-12,安装使用,在线客服,中,23.87,否,3
TK0004196,C004393,O00045825,2026-05-12,物流咨询,门店,中,6.35,是,4
TK0004197,C003510,O00045829,2025-11-27,安装使用,在线客服,低,24.06,否,4
TK0004198,C002503,O00045846,2026-02-24,物流咨询,在线客服,中,3.0,是,5
TK0004199,C003513,O00045867,2026-01-21,退换货,电话,低,34.38,否,2
TK0004200,C002648,O00045873,2026-02-22,物流咨询,电话,中,32.93,否,4
TK0004201,C001378,O00045877,2026-01-19,退换货,社交媒体,高,19.4,否,4
TK0004202,C001924,O00045910,2026-03-06,发票支付,门店,低,8.93,否,4
TK0004203,C002148,O00045917,2026-03-09,退换货,在线客服,中,28.83,否,4
TK0004204,C001019,O00045926,2025-09-23,物流咨询,门店,中,2.33,是,5
TK0004205,C003193,O00045952,2026-08-01,商品质量,社交媒体,低,31.54,否,2
TK0004206,C001755,O00045960,2026-07-26,促销规则,门店,中,18.29,否,4
TK0004207,C000511,O00045968,2026-01-27,促销规则,在线客服,中,15.4,否,5
TK0004208,C001586,O00045974,2025-10-20,物流咨询,门店,中,15.09,否,3
TK0004209,C001800,O00045979,2026-05-31,物流咨询,电话,中,31.51,否,3
TK0004210,C002779,O00045982,2026-02-13,促销规则,电话,中,19.95,否,3
TK0004211,C000511,O00045984,2026-07-07,商品质量,门店,中,24.01,否,4
TK0004212,C002545,O00045996,2025-11-30,退换货,门店,高,34.45,否,3
TK0004213,C000638,O00045999,2026-06-18,物流咨询,社交媒体,高,32.49,否,2
TK0004214,C002962,O00046003,2026-05-09,商品质量,社交媒体,低,20.51,否,5
TK0004215,C003109,O00046005,2025-09-07,促销规则,社交媒体,紧急,6.05,是,4
TK0004216,C000609,O00046010,2026-04-28,商品质量,电话,低,35.17,否,2
TK0004217,C003763,O00046011,2026-01-14,退换货,在线客服,中,21.63,否,3
TK0004218,C002786,O00046014,2026-02-14,物流咨询,社交媒体,低,6.44,是,5
TK0004219,C004164,O00046031,2026-07-22,物流咨询,门店,中,10.63,否,4
TK0004220,C004317,O00046037,2025-11-08,物流咨询,门店,低,30.57,否,2
TK0004221,C000829,O00046059,2025-09-03,商品质量,门店,紧急,21.02,否,3
TK0004222,C004893,O00046060,2025-12-08,物流咨询,电话,高,4.88,是,5
TK0004223,C001743,O00046066,2026-01-08,物流咨询,在线客服,中,34.67,否,3
TK0004224,C001552,O00046073,2026-07-14,物流咨询,在线客服,高,6.19,是,5
TK0004225,C000890,O00046076,2025-10-30,商品质量,在线客服,高,3.63,是,5
TK0004226,C004650,O00046092,2026-04-27,商品质量,电话,高,13.83,否,5
TK0004227,C001821,O00046108,2026-02-03,促销规则,门店,中,27.94,否,4
TK0004228,C002057,O00046121,2026-01-05,物流咨询,门店,低,35.4,否,2
TK0004229,C002732,O00046123,2025-10-28,发票支付,电话,中,6.98,是,4
TK0004230,C003069,O00046129,2025-10-05,安装使用,门店,低,31.76,否,4
TK0004231,C001326,O00046133,2026-07-31,商品质量,在线客服,低,34.13,否,4
TK0004232,C002138,O00046134,2026-03-27,物流咨询,门店,中,13.49,否,3
TK0004233,C000387,O00046144,2025-12-24,物流咨询,社交媒体,低,35.42,否,3
TK0004234,C000883,O00046148,2026-04-26,促销规则,在线客服,低,17.06,否,5
TK0004235,C000831,O00046167,2025-10-15,物流咨询,电话,中,20.5,否,4
TK0004236,C001033,O00046171,2025-11-10,物流咨询,社交媒体,中,20.99,否,4
TK0004237,C001562,O00046184,2025-08-26,安装使用,社交媒体,中,14.03,否,5
TK0004238,C000291,O00046199,2026-01-01,商品质量,在线客服,中,13.35,否,4
TK0004239,C002368,O00046203,2026-05-07,商品质量,社交媒体,低,27.24,否,4
TK0004240,C002113,O00046206,2025-11-18,商品质量,电话,中,6.98,是,5
TK0004241,C004219,O00046208,2025-09-09,安装使用,在线客服,中,11.67,否,5
TK0004242,C000508,O00046211,2026-03-03,商品质量,在线客服,高,32.1,否,3
TK0004243,C003209,O00046213,2026-04-13,安装使用,社交媒体,低,28.81,否,4
TK0004244,C003965,O00046215,2026-01-07,商品质量,门店,高,33.6,否,2
TK0004245,C000189,O00046224,2026-02-23,安装使用,门店,中,2.21,是,5
TK0004246,C002619,O00046239,2026-04-27,促销规则,电话,低,32.96,否,3
TK0004247,C004382,O00046267,2025-10-22,物流咨询,社交媒体,中,11.84,否,4
TK0004248,C004247,O00046274,2025-12-09,物流咨询,门店,低,20.46,否,4
TK0004249,C004650,O00046305,2026-04-13,退换货,社交媒体,中,16.33,否,5
TK0004250,C003924,O00046307,2025-12-24,商品质量,在线客服,低,18.82,否,4
TK0004251,C004444,O00046325,2025-08-21,物流咨询,电话,高,33.31,否,4
TK0004252,C003327,O00046336,2025-12-14,退换货,门店,低,35.68,否,3
TK0004253,C004228,O00046341,2026-07-13,物流咨询,电话,中,31.13,否,3
TK0004254,C004412,O00046342,2026-01-18,商品质量,在线客服,低,3.73,是,5
TK0004255,C004633,O00046346,2025-09-16,物流咨询,电话,高,11.51,否,5
TK0004256,C002412,O00046368,2025-10-22,物流咨询,门店,紧急,23.39,否,3
TK0004257,C002535,O00046379,2026-06-18,促销规则,社交媒体,高,1.25,是,5
TK0004258,C003147,O00046380,2026-07-28,物流咨询,门店,中,17.08,否,3
TK0004259,C002795,O00046383,2026-04-17,物流咨询,在线客服,低,11.48,否,4
TK0004260,C003755,O00046392,2026-03-14,物流咨询,社交媒体,中,1.46,是,4
TK0004261,C004655,O00046403,2025-12-09,发票支付,门店,紧急,20.54,否,4
TK0004262,C001590,O00046404,2025-09-19,物流咨询,社交媒体,低,27.19,否,3
TK0004263,C004001,O00046415,2026-04-10,促销规则,在线客服,低,1.75,是,5
TK0004264,C000590,O00046426,2025-10-03,商品质量,在线客服,中,33.54,否,3
TK0004265,C004501,O00046431,2026-04-11,退换货,电话,高,6.19,是,5
TK0004266,C003069,O00046435,2026-04-15,物流咨询,电话,高,12.83,否,4
TK0004267,C001848,O00046487,2026-07-19,促销规则,电话,低,17.94,否,4
TK0004268,C003251,O00046491,2026-01-02,促销规则,门店,低,24.48,否,4
TK0004269,C002282,O00046493,2026-04-14,物流咨询,在线客服,高,24.39,否,3
TK0004270,C001777,O00046495,2026-02-20,物流咨询,门店,高,28.23,否,2
TK0004271,C002129,O00046496,2026-01-20,退换货,在线客服,中,12.41,否,5
TK0004272,C003497,O00046500,2026-05-29,物流咨询,社交媒体,低,22.21,否,3
TK0004273,C002389,O00046504,2025-09-07,商品质量,门店,低,14.19,否,4
TK0004274,C000681,O00046513,2025-11-08,安装使用,社交媒体,中,35.43,否,3
TK0004275,C002694,O00046516,2025-09-27,退换货,门店,中,20.45,否,4
TK0004276,C000945,O00046526,2025-08-31,退换货,门店,中,25.44,否,3
TK0004277,C001405,O00046528,2026-04-29,物流咨询,电话,低,26.05,否,3
TK0004278,C004810,O00046537,2025-09-10,促销规则,在线客服,高,25.2,否,4
TK0004279,C004602,O00046543,2025-08-20,物流咨询,电话,中,33.3,否,2
TK0004280,C000652,O00046546,2025-09-29,物流咨询,门店,中,33.82,否,3
TK0004281,C003715,O00046551,2026-06-13,物流咨询,在线客服,低,35.92,否,2
TK0004282,C003224,O00046569,2026-01-28,商品质量,在线客服,紧急,23.51,否,3
TK0004283,C000761,O00046570,2025-09-30,商品质量,电话,中,4.77,是,5
TK0004284,C004238,O00046578,2026-04-18,促销规则,电话,中,3.71,是,5
TK0004285,C002062,O00046584,2025-10-31,发票支付,门店,中,1.4,是,5
TK0004286,C002096,O00046589,2025-10-26,促销规则,社交媒体,中,29.46,否,4
TK0004287,C004856,O00046590,2026-02-08,商品质量,门店,高,21.16,否,3
TK0004288,C002123,O00046599,2025-09-14,安装使用,社交媒体,高,33.78,否,3
TK0004289,C001531,O00046607,2026-01-06,发票支付,电话,中,2.48,是,4
TK0004290,C004735,O00046610,2026-01-26,商品质量,门店,低,5.33,是,5
TK0004291,C004080,O00046614,2025-10-26,促销规则,在线客服,低,12.95,否,4
TK0004292,C001804,O00046617,2026-04-12,物流咨询,门店,紧急,26.09,否,3
TK0004293,C003359,O00046631,2026-02-06,促销规则,电话,中,13.76,否,5
TK0004294,C000192,O00046653,2025-12-22,促销规则,在线客服,低,19.89,否,4
TK0004295,C002620,O00046673,2026-07-06,商品质量,门店,中,7.81,是,4
TK0004296,C002899,O00046675,2026-06-03,安装使用,电话,中,14.05,否,3
TK0004297,C003599,O00046683,2026-02-11,退换货,在线客服,中,6.86,是,5
TK0004298,C003130,O00046695,2026-01-06,物流咨询,电话,中,18.45,否,3
TK0004299,C004007,O00046700,2026-06-11,安装使用,在线客服,中,33.6,否,3
TK0004300,C004844,O00046710,2026-04-19,退换货,在线客服,低,18.52,否,4
TK0004301,C004372,O00046740,2025-08-25,发票支付,社交媒体,中,9.06,否,5
TK0004302,C002739,O00046768,2025-10-18,退换货,社交媒体,低,23.87,否,3
TK0004303,C001300,O00046772,2026-04-21,安装使用,电话,中,4.32,是,5
TK0004304,C001716,O00046794,2025-11-29,安装使用,电话,低,15.54,否,4
TK0004305,C001584,O00046801,2026-05-29,商品质量,社交媒体,中,18.36,否,4
TK0004306,C000999,O00046813,2025-09-04,退换货,社交媒体,中,2.22,是,5
TK0004307,C004863,O00046853,2025-12-07,安装使用,门店,中,19.99,否,4
TK0004308,C004780,O00046856,2025-10-25,商品质量,门店,中,32.79,否,3
TK0004309,C001232,O00046859,2025-09-11,促销规则,在线客服,低,2.98,是,5
TK0004310,C001713,O00046879,2025-09-06,商品质量,社交媒体,中,18.47,否,4
TK0004311,C002232,O00046896,2026-07-01,促销规则,在线客服,中,27.6,否,3
TK0004312,C002934,O00046911,2025-11-11,物流咨询,门店,低,28.24,否,3
TK0004313,C000834,O00046923,2025-11-28,物流咨询,在线客服,低,18.0,否,3
TK0004314,C002979,O00046940,2026-05-21,物流咨询,电话,中,28.16,否,3
TK0004315,C001328,O00046943,2025-10-03,物流咨询,电话,中,31.81,否,3
TK0004316,C002991,O00046946,2025-10-30,物流咨询,在线客服,低,27.68,否,4
TK0004317,C004359,O00046960,2025-10-26,退换货,社交媒体,高,33.24,否,3
TK0004318,C004502,O00046961,2025-08-04,发票支付,社交媒体,中,18.05,否,3
TK0004319,C001535,O00046980,2026-01-25,退换货,电话,低,13.85,否,5
TK0004320,C001425,O00046981,2026-02-17,物流咨询,在线客服,高,2.13,是,4
TK0004321,C002598,O00046984,2026-05-29,促销规则,社交媒体,中,3.49,是,4
TK0004322,C001430,O00046985,2026-06-19,安装使用,门店,低,18.84,否,4
TK0004323,C001187,O00046987,2026-07-28,商品质量,电话,低,25.18,否,3
TK0004324,C004777,O00046993,2025-12-09,退换货,社交媒体,中,34.41,否,3
TK0004325,C000775,O00046997,2026-05-07,商品质量,社交媒体,中,22.09,否,3
TK0004326,C000789,O00046999,2025-11-12,商品质量,门店,高,24.47,否,4
TK0004327,C004465,O00047004,2025-12-28,发票支付,门店,中,21.92,否,3
TK0004328,C002599,O00047012,2026-03-14,物流咨询,电话,中,21.73,否,4
TK0004329,C003896,O00047026,2025-12-19,促销规则,在线客服,中,34.43,否,3
TK0004330,C002505,O00047040,2026-04-24,发票支付,在线客服,中,32.2,否,2
TK0004331,C003536,O00047043,2025-11-21,退换货,社交媒体,中,9.32,否,5
TK0004332,C002432,O00047066,2026-03-11,物流咨询,电话,中,20.49,否,3
TK0004333,C003108,O00047079,2025-09-03,商品质量,在线客服,中,16.62,否,4
TK0004334,C000131,O00047103,2026-04-05,商品质量,在线客服,低,25.6,否,2
TK0004335,C001198,O00047108,2025-10-13,退换货,在线客服,中,8.96,否,4
TK0004336,C000248,O00047121,2025-12-15,促销规则,社交媒体,低,18.93,否,4
TK0004337,C001673,O00047130,2026-05-22,商品质量,门店,高,30.13,否,3
TK0004338,C002760,O00047132,2026-04-18,退换货,门店,高,5.62,是,5
TK0004339,C004034,O00047138,2026-01-21,物流咨询,电话,紧急,6.74,是,3
TK0004340,C003174,O00047149,2026-02-04,物流咨询,门店,中,10.58,否,3
TK0004341,C001641,O00047157,2025-11-20,商品质量,社交媒体,中,7.88,是,5
TK0004342,C004892,O00047174,2025-11-18,安装使用,门店,低,2.47,是,5
TK0004343,C000847,O00047188,2025-11-21,退换货,电话,低,15.41,否,4
TK0004344,C004944,O00047191,2026-04-22,商品质量,社交媒体,高,12.8,否,4
TK0004345,C000198,O00047217,2026-03-18,商品质量,门店,中,8.39,否,5
TK0004346,C004348,O00047227,2026-01-13,安装使用,社交媒体,中,30.71,否,4
TK0004347,C001848,O00047228,2026-06-26,商品质量,门店,中,12.24,否,5
TK0004348,C002531,O00047272,2025-08-14,物流咨询,门店,高,31.18,否,2
TK0004349,C001987,O00047274,2026-04-03,物流咨询,电话,低,23.96,否,4
TK0004350,C002016,O00047283,2025-10-25,退换货,门店,低,3.82,是,5
TK0004351,C001951,O00047289,2026-07-27,退换货,门店,中,30.7,否,3
TK0004352,C002644,O00047303,2025-09-23,商品质量,在线客服,低,15.71,否,5
TK0004353,C001452,O00047325,2026-02-22,安装使用,社交媒体,高,28.26,否,4
TK0004354,C001084,O00047330,2025-09-04,促销规则,电话,中,11.95,否,4
TK0004355,C000701,O00047354,2026-01-15,发票支付,电话,中,11.6,否,4
TK0004356,C004183,O00047356,2026-04-11,退换货,社交媒体,低,32.69,否,3
TK0004357,C000571,O00047371,2026-02-14,物流咨询,电话,中,15.28,否,5
TK0004358,C003318,O00047381,2026-06-12,安装使用,在线客服,低,23.16,否,3
TK0004359,C002014,O00047424,2025-11-13,促销规则,在线客服,低,5.95,是,4
TK0004360,C001054,O00047425,2025-09-10,商品质量,电话,低,11.82,否,5
TK0004361,C001302,O00047428,2026-06-29,物流咨询,在线客服,中,29.43,否,3
TK0004362,C003626,O00047429,2026-05-02,安装使用,门店,低,24.33,否,4
TK0004363,C000545,O00047431,2026-01-18,物流咨询,电话,中,26.49,否,3
TK0004364,C000522,O00047452,2026-04-11,发票支付,社交媒体,低,18.88,否,4
TK0004365,C002960,O00047453,2026-03-13,发票支付,门店,中,5.0,是,5
TK0004366,C003589,O00047456,2025-08-09,促销规则,门店,紧急,23.08,否,4
TK0004367,C000154,O00047460,2026-02-24,退换货,门店,低,32.06,否,3
TK0004368,C003339,O00047465,2025-12-30,发票支付,社交媒体,低,20.15,否,4
TK0004369,C004873,O00047473,2026-01-14,商品质量,在线客服,中,18.57,否,4
TK0004370,C002189,O00047492,2025-09-27,退换货,门店,低,35.91,否,3
TK0004371,C001382,O00047493,2026-02-08,物流咨询,门店,中,29.48,否,4
TK0004372,C003043,O00047496,2026-06-14,物流咨询,在线客服,低,27.59,否,2
TK0004373,C004583,O00047504,2025-12-04,安装使用,在线客服,紧急,22.59,否,4
TK0004374,C000547,O00047505,2025-11-05,退换货,电话,中,5.04,是,5
TK0004375,C003389,O00047510,2026-03-06,商品质量,社交媒体,紧急,10.9,否,4
TK0004376,C002391,O00047524,2026-04-19,促销规则,门店,低,29.15,否,3
TK0004377,C002173,O00047526,2026-02-13,物流咨询,电话,高,21.63,否,3
TK0004378,C001689,O00047546,2026-04-08,退换货,社交媒体,中,29.0,否,4
TK0004379,C001343,O00047563,2025-12-03,商品质量,门店,中,16.76,否,5
TK0004380,C001969,O00047571,2025-10-29,物流咨询,门店,低,18.3,否,4
TK0004381,C002219,O00047593,2026-02-25,退换货,门店,高,9.19,否,4
TK0004382,C004016,O00047595,2026-06-13,促销规则,在线客服,高,26.96,否,4
TK0004383,C002502,O00047598,2025-08-17,退换货,在线客服,紧急,35.21,否,2
TK0004384,C002730,O00047601,2026-01-26,物流咨询,电话,中,33.47,否,2
TK0004385,C002967,O00047602,2026-03-11,发票支付,在线客服,低,28.49,否,3
TK0004386,C002185,O00047608,2026-02-03,商品质量,电话,中,35.05,否,3
TK0004387,C002385,O00047612,2025-10-09,商品质量,在线客服,高,30.88,否,2
TK0004388,C004844,O00047650,2025-08-26,商品质量,社交媒体,高,2.16,是,5
TK0004389,C004026,O00047662,2025-12-05,物流咨询,门店,中,11.64,否,4
TK0004390,C000656,O00047665,2025-11-09,促销规则,门店,中,15.58,否,4
TK0004391,C000144,O00047679,2026-06-22,物流咨询,社交媒体,中,30.53,否,3
TK0004392,C002746,O00047684,2025-12-14,促销规则,在线客服,高,14.27,否,5
TK0004393,C001191,O00047697,2026-02-21,商品质量,门店,高,31.6,否,2
TK0004394,C002799,O00047698,2025-09-05,退换货,电话,中,3.88,是,5
TK0004395,C001438,O00047716,2026-01-15,退换货,门店,低,2.14,是,5
TK0004396,C004411,O00047720,2025-11-03,物流咨询,门店,中,21.86,否,4
TK0004397,C002350,O00047722,2026-01-04,退换货,门店,中,29.77,否,3
TK0004398,C003264,O00047732,2026-03-04,物流咨询,在线客服,低,11.81,否,5
TK0004399,C001552,O00047739,2026-02-05,促销规则,电话,低,29.92,否,2
TK0004400,C002320,O00047743,2026-01-26,物流咨询,门店,高,30.21,否,3
TK0004401,C004918,O00047771,2025-11-17,物流咨询,社交媒体,中,8.51,否,4
TK0004402,C002337,O00047786,2025-08-12,退换货,社交媒体,中,28.17,否,2
TK0004403,C004927,O00047811,2025-09-19,物流咨询,社交媒体,低,27.05,否,4
TK0004404,C001645,O00047825,2026-01-08,商品质量,在线客服,紧急,5.64,是,5
TK0004405,C004536,O00047826,2025-12-31,促销规则,社交媒体,高,23.24,否,3
TK0004406,C002639,O00047833,2026-03-27,物流咨询,门店,低,5.95,是,4
TK0004407,C002139,O00047841,2026-07-29,安装使用,门店,中,21.74,否,4
TK0004408,C001539,O00047842,2026-02-13,物流咨询,电话,中,28.64,否,4
TK0004409,C003839,O00047845,2026-03-24,物流咨询,社交媒体,中,35.07,否,2
TK0004410,C003682,O00047854,2025-11-22,退换货,电话,紧急,22.18,否,3
TK0004411,C002373,O00047869,2026-03-29,商品质量,门店,中,30.6,否,3
TK0004412,C003071,O00047910,2026-01-24,物流咨询,电话,高,25.19,否,3
TK0004413,C003608,O00047922,2025-12-04,商品质量,在线客服,中,21.31,否,4
TK0004414,C000812,O00047924,2026-05-11,物流咨询,电话,中,22.13,否,3
TK0004415,C000416,O00047925,2025-12-04,物流咨询,门店,高,16.16,否,4
TK0004416,C002331,O00047929,2026-02-22,促销规则,电话,低,10.47,否,5
TK0004417,C003370,O00047932,2025-09-20,商品质量,在线客服,紧急,10.35,否,5
TK0004418,C004126,O00047939,2025-12-05,物流咨询,在线客服,紧急,6.82,是,5
TK0004419,C003478,O00047960,2026-06-21,物流咨询,社交媒体,中,3.97,是,5
TK0004420,C003466,O00047975,2025-12-13,商品质量,在线客服,中,29.37,否,3
TK0004421,C004249,O00047985,2026-06-08,物流咨询,电话,中,31.09,否,3
TK0004422,C004243,O00047996,2026-03-24,安装使用,门店,高,3.0,是,4
TK0004423,C000795,O00048008,2026-04-28,商品质量,门店,高,23.81,否,4
TK0004424,C001960,O00048034,2026-05-10,物流咨询,门店,中,13.9,否,4
TK0004425,C001291,O00048048,2026-05-28,物流咨询,在线客服,低,2.07,是,5
TK0004426,C002558,O00048049,2026-05-14,商品质量,电话,高,26.93,否,3
TK0004427,C001177,O00048077,2026-01-22,物流咨询,电话,低,16.31,否,4
TK0004428,C004145,O00048091,2026-01-27,物流咨询,门店,高,33.05,否,3
TK0004429,C000648,O00048092,2025-10-31,商品质量,电话,低,1.24,是,5
TK0004430,C003041,O00048097,2025-12-29,商品质量,门店,低,4.23,是,5
TK0004431,C001566,O00048100,2025-11-21,发票支付,在线客服,中,23.0,否,3
TK0004432,C000071,O00048101,2026-02-02,安装使用,电话,低,11.28,否,5
TK0004433,C003025,O00048118,2026-01-27,物流咨询,在线客服,中,17.74,否,3
TK0004434,C002921,O00048151,2026-07-15,退换货,电话,低,1.71,是,5
TK0004435,C004900,O00048163,2026-01-20,退换货,社交媒体,低,35.94,否,2
TK0004436,C001947,O00048170,2025-10-11,退换货,在线客服,中,17.7,否,5
TK0004437,C000741,O00048179,2025-12-12,物流咨询,电话,中,30.69,否,4
TK0004438,C003144,O00048181,2026-02-09,物流咨询,门店,中,16.68,否,5
TK0004439,C003359,O00048182,2025-11-17,物流咨询,在线客服,中,7.73,是,4
TK0004440,C004870,O00048188,2026-02-07,商品质量,社交媒体,中,7.92,是,5
TK0004441,C001585,O00048200,2026-04-08,物流咨询,社交媒体,紧急,31.51,否,3
TK0004442,C003242,O00048205,2026-05-23,促销规则,在线客服,高,27.08,否,4
TK0004443,C001794,O00048216,2026-03-16,安装使用,社交媒体,高,19.5,否,4
TK0004444,C003683,O00048218,2025-12-29,发票支付,电话,低,34.37,否,2
TK0004445,C004279,O00048219,2026-05-02,物流咨询,门店,低,22.49,否,2
TK0004446,C002342,O00048243,2026-05-31,发票支付,门店,高,19.44,否,3
TK0004447,C000310,O00048244,2025-12-05,商品质量,电话,中,30.3,否,3
TK0004448,C000479,O00048264,2025-12-06,物流咨询,门店,高,30.1,否,3
TK0004449,C003575,O00048312,2025-11-29,退换货,门店,中,3.24,是,4
TK0004450,C001516,O00048329,2026-06-01,促销规则,社交媒体,低,26.84,否,3
TK0004451,C002995,O00048338,2026-06-04,商品质量,门店,中,17.51,否,3
TK0004452,C000308,O00048345,2026-07-02,退换货,门店,紧急,19.22,否,4
TK0004453,C002769,O00048348,2026-01-24,物流咨询,门店,紧急,16.74,否,4
TK0004454,C001798,O00048350,2025-12-01,商品质量,社交媒体,高,6.63,是,5
TK0004455,C002807,O00048353,2026-07-12,发票支付,在线客服,低,29.53,否,4
TK0004456,C001675,O00048379,2026-04-11,商品质量,在线客服,中,2.16,是,5
TK0004457,C004676,O00048387,2026-01-11,发票支付,门店,高,24.96,否,4
TK0004458,C001477,O00048406,2025-08-16,物流咨询,社交媒体,中,29.79,否,3
TK0004459,C004592,O00048420,2026-04-23,物流咨询,在线客服,高,8.53,否,5
TK0004460,C003729,O00048421,2026-08-01,物流咨询,在线客服,高,12.92,否,4
TK0004461,C000618,O00048430,2026-01-05,物流咨询,在线客服,低,17.74,否,3
TK0004462,C000151,O00048433,2025-12-31,发票支付,在线客服,中,26.4,否,3
TK0004463,C004672,O00048438,2026-02-04,商品质量,在线客服,高,1.26,是,4
TK0004464,C000237,O00048452,2025-08-28,促销规则,门店,中,30.33,否,3
TK0004465,C000484,O00048453,2026-05-24,发票支付,社交媒体,低,32.13,否,3
TK0004466,C001140,O00048460,2025-11-05,商品质量,门店,中,29.74,否,3
TK0004467,C000220,O00048483,2026-05-06,商品质量,社交媒体,低,12.78,否,4
TK0004468,C001643,O00048485,2026-02-03,促销规则,社交媒体,中,20.11,否,4
TK0004469,C001727,O00048512,2026-07-26,退换货,门店,低,7.21,是,4
TK0004470,C000846,O00048523,2026-04-26,退换货,在线客服,紧急,32.01,否,2
TK0004471,C002458,O00048527,2026-04-29,商品质量,在线客服,中,2.92,是,5
TK0004472,C004480,O00048535,2026-05-18,促销规则,在线客服,中,31.94,否,3
TK0004473,C004414,O00048536,2026-01-10,商品质量,门店,中,20.21,否,5
TK0004474,C000047,O00048542,2025-10-03,退换货,社交媒体,中,15.24,否,3
TK0004475,C000807,O00048551,2025-10-11,退换货,社交媒体,中,21.04,否,4
TK0004476,C003846,O00048554,2026-03-22,促销规则,门店,中,10.72,否,5
TK0004477,C003573,O00048574,2025-12-16,商品质量,社交媒体,低,27.23,否,3
TK0004478,C004431,O00048578,2026-03-29,商品质量,社交媒体,高,27.86,否,3
TK0004479,C001286,O00048600,2026-01-28,商品质量,在线客服,中,32.87,否,2
TK0004480,C002920,O00048608,2026-07-22,物流咨询,电话,低,30.87,否,3
TK0004481,C003939,O00048610,2026-04-02,发票支付,门店,低,35.09,否,3
TK0004482,C000091,O00048624,2026-05-04,促销规则,社交媒体,低,13.13,否,4
TK0004483,C004218,O00048646,2025-12-25,退换货,电话,中,17.36,否,4
TK0004484,C000298,O00048647,2025-12-08,退换货,社交媒体,高,24.18,否,4
TK0004485,C000100,O00048669,2026-06-13,商品质量,在线客服,中,18.21,否,5
TK0004486,C003382,O00048671,2026-01-03,商品质量,电话,高,21.93,否,3
TK0004487,C003556,O00048686,2026-06-19,物流咨询,社交媒体,中,9.24,否,3
TK0004488,C002194,O00048694,2026-03-28,退换货,门店,低,18.09,否,3
TK0004489,C000129,O00048729,2025-08-12,促销规则,社交媒体,中,18.77,否,4
TK0004490,C000481,O00048737,2026-03-18,商品质量,社交媒体,高,32.2,否,4
TK0004491,C003991,O00048749,2026-06-04,安装使用,门店,低,20.15,否,4
TK0004492,C001155,O00048781,2025-10-19,安装使用,在线客服,中,33.82,否,4
TK0004493,C002603,O00048811,2025-08-11,退换货,社交媒体,低,11.11,否,4
TK0004494,C003926,O00048814,2025-12-03,促销规则,社交媒体,低,11.87,否,5
TK0004495,C000486,O00048831,2026-02-08,商品质量,在线客服,低,22.77,否,4
TK0004496,C003422,O00048834,2026-06-27,退换货,社交媒体,中,30.9,否,3
TK0004497,C003153,O00048883,2026-01-02,物流咨询,门店,中,30.52,否,4
TK0004498,C001741,O00048885,2026-07-28,促销规则,门店,高,8.4,否,5
TK0004499,C003498,O00048897,2026-06-04,促销规则,门店,中,26.64,否,3
TK0004500,C003397,O00048916,2025-10-14,商品质量,门店,中,5.81,是,4
TK0004501,C000180,O00048930,2026-06-28,物流咨询,在线客服,中,8.56,否,4
TK0004502,C001619,O00048942,2026-06-22,商品质量,社交媒体,低,10.44,否,4
TK0004503,C002725,O00048965,2025-09-21,安装使用,在线客服,低,1.44,是,5
TK0004504,C003523,O00048968,2025-09-17,退换货,社交媒体,低,20.97,否,3
TK0004505,C000927,O00048979,2025-11-18,退换货,在线客服,低,17.74,否,4
TK0004506,C004944,O00048997,2025-11-11,发票支付,门店,低,33.97,否,3
TK0004507,C003394,O00049037,2025-08-28,物流咨询,门店,低,1.69,是,5
TK0004508,C004746,O00049038,2025-09-28,物流咨询,电话,高,35.7,否,2
TK0004509,C004907,O00049039,2025-10-03,退换货,门店,中,5.72,是,4
TK0004510,C004367,O00049060,2025-11-30,商品质量,社交媒体,中,13.16,否,4
TK0004511,C004461,O00049083,2025-09-27,促销规则,社交媒体,中,26.27,否,4
TK0004512,C004080,O00049084,2025-10-03,物流咨询,门店,中,32.2,否,2
TK0004513,C003125,O00049085,2026-01-19,商品质量,电话,低,17.44,否,4
TK0004514,C002408,O00049144,2025-10-10,促销规则,门店,中,21.25,否,4
TK0004515,C003596,O00049149,2026-03-21,物流咨询,电话,中,22.55,否,3
TK0004516,C004065,O00049153,2026-05-10,物流咨询,门店,中,4.19,是,4
TK0004517,C000910,O00049159,2025-12-23,物流咨询,在线客服,中,26.64,否,3
TK0004518,C004298,O00049178,2026-02-02,安装使用,社交媒体,中,32.02,否,3
TK0004519,C001079,O00049214,2026-05-31,安装使用,社交媒体,低,10.81,否,4
TK0004520,C000978,O00049215,2026-06-13,安装使用,社交媒体,中,22.65,否,3
TK0004521,C000688,O00049233,2026-04-26,促销规则,电话,低,27.69,否,2
TK0004522,C000505,O00049241,2025-10-20,促销规则,社交媒体,中,33.0,否,3
TK0004523,C001766,O00049273,2025-08-17,物流咨询,电话,紧急,27.15,否,4
TK0004524,C002997,O00049290,2025-12-13,物流咨询,社交媒体,中,15.87,否,3
TK0004525,C003797,O00049317,2026-03-25,物流咨询,电话,低,19.32,否,3
TK0004526,C000907,O00049318,2026-05-25,商品质量,在线客服,低,2.47,是,5
TK0004527,C001991,O00049320,2025-09-03,促销规则,电话,高,11.27,否,3
TK0004528,C001878,O00049336,2025-12-11,物流咨询,社交媒体,高,16.91,否,3
TK0004529,C003044,O00049353,2025-10-08,商品质量,社交媒体,中,23.14,否,3
TK0004530,C000201,O00049354,2025-12-25,物流咨询,门店,高,3.15,是,5
TK0004531,C004342,O00049357,2026-06-14,安装使用,社交媒体,中,30.43,否,3
TK0004532,C002547,O00049370,2026-07-03,安装使用,在线客服,低,34.01,否,2
TK0004533,C004421,O00049382,2025-08-16,物流咨询,电话,中,23.22,否,4
TK0004534,C001892,O00049421,2025-10-21,退换货,在线客服,高,29.77,否,3
TK0004535,C001370,O00049440,2025-09-24,退换货,社交媒体,低,7.95,是,4
TK0004536,C002504,O00049441,2026-03-22,物流咨询,门店,中,35.28,否,3
TK0004537,C002803,O00049442,2026-04-03,物流咨询,门店,高,2.56,是,5
TK0004538,C002762,O00049443,2025-10-03,物流咨询,电话,高,35.33,否,3
TK0004539,C000474,O00049444,2026-03-21,安装使用,门店,高,14.61,否,5
TK0004540,C003673,O00049445,2025-11-13,退换货,社交媒体,中,32.98,否,2
TK0004541,C002491,O00049448,2026-02-04,物流咨询,在线客服,中,19.65,否,4
TK0004542,C003546,O00049463,2026-07-03,物流咨询,社交媒体,中,14.82,否,5
TK0004543,C002363,O00049473,2026-07-05,安装使用,门店,中,20.92,否,3
TK0004544,C004367,O00049488,2026-05-13,退换货,电话,低,28.77,否,3
TK0004545,C001163,O00049496,2026-04-25,促销规则,社交媒体,中,17.46,否,3
TK0004546,C002633,O00049512,2025-11-15,退换货,社交媒体,低,35.82,否,4
TK0004547,C004386,O00049526,2026-02-23,物流咨询,电话,低,1.05,是,5
TK0004548,C001263,O00049527,2025-12-02,商品质量,门店,高,27.05,否,4
TK0004549,C001570,O00049530,2026-02-23,安装使用,社交媒体,中,34.95,否,2
TK0004550,C000476,O00049536,2025-08-12,促销规则,门店,高,33.76,否,3
TK0004551,C002059,O00049547,2025-12-05,促销规则,电话,中,17.34,否,4
TK0004552,C003261,O00049550,2025-12-28,退换货,门店,低,24.76,否,4
TK0004553,C001976,O00049564,2026-03-17,物流咨询,社交媒体,高,35.29,否,3
TK0004554,C002637,O00049565,2026-07-15,退换货,电话,中,27.55,否,3
TK0004555,C001331,O00049570,2026-04-25,商品质量,门店,紧急,26.57,否,3
TK0004556,C004852,O00049603,2025-10-01,退换货,社交媒体,低,26.04,否,3
TK0004557,C002074,O00049607,2026-02-10,安装使用,社交媒体,高,33.79,否,3
TK0004558,C002526,O00049620,2025-11-29,物流咨询,社交媒体,紧急,26.1,否,4
TK0004559,C000598,O00049634,2026-03-27,商品质量,门店,低,20.19,否,4
TK0004560,C003581,O00049674,2025-08-05,退换货,社交媒体,低,31.3,否,3
TK0004561,C000967,O00049675,2026-05-29,退换货,门店,中,19.64,否,3
TK0004562,C000820,O00049700,2026-03-21,促销规则,门店,低,20.64,否,3
TK0004563,C000092,O00049704,2025-12-11,物流咨询,电话,高,13.35,否,5
TK0004564,C003761,O00049713,2025-12-31,物流咨询,社交媒体,中,13.43,否,4
TK0004565,C002090,O00049740,2026-04-07,物流咨询,门店,低,29.77,否,2
TK0004566,C002963,O00049742,2026-07-02,安装使用,社交媒体,高,35.02,否,2
TK0004567,C000454,O00049770,2026-07-06,安装使用,在线客服,中,16.22,否,4
TK0004568,C002822,O00049771,2026-01-12,物流咨询,社交媒体,中,14.97,否,4
TK0004569,C004444,O00049797,2026-05-08,物流咨询,在线客服,中,10.91,否,4
TK0004570,C003283,O00049806,2026-07-19,物流咨询,在线客服,中,2.66,是,5
TK0004571,C002406,O00049819,2025-12-26,退换货,社交媒体,低,17.48,否,4
TK0004572,C000911,O00049825,2026-03-26,物流咨询,电话,中,9.77,否,3
TK0004573,C004035,O00049841,2025-08-26,商品质量,门店,中,18.55,否,3
TK0004574,C004224,O00049852,2025-09-13,商品质量,门店,高,7.72,是,4
TK0004575,C002761,O00049853,2026-07-17,物流咨询,门店,紧急,17.81,否,4
TK0004576,C003829,O00049867,2025-09-30,促销规则,在线客服,中,28.55,否,4
TK0004577,C002128,O00049870,2025-11-22,物流咨询,社交媒体,高,17.31,否,4
TK0004578,C003832,O00049876,2026-07-24,物流咨询,在线客服,中,15.52,否,4
TK0004579,C002294,O00049878,2026-04-23,安装使用,电话,紧急,17.84,否,4
TK0004580,C000771,O00049884,2025-09-19,促销规则,在线客服,中,16.09,否,4
TK0004581,C001881,O00049888,2026-06-07,物流咨询,电话,中,17.27,否,4
TK0004582,C003903,O00049893,2026-06-21,物流咨询,在线客服,低,10.95,否,4
TK0004583,C002576,O00049898,2026-06-20,物流咨询,电话,高,4.07,是,5
TK0004584,C001459,O00049900,2026-06-11,发票支付,在线客服,低,29.78,否,3
TK0004585,C000520,O00049906,2026-04-17,安装使用,门店,高,17.83,否,4
TK0004586,C002978,O00049909,2026-01-25,安装使用,在线客服,中,3.08,是,4
TK0004587,C004631,O00049911,2025-12-06,物流咨询,在线客服,中,4.47,是,5
TK0004588,C002211,O00049937,2025-10-11,物流咨询,电话,中,1.41,是,5
TK0004589,C001306,O00049944,2026-02-25,退换货,在线客服,中,35.12,否,3
TK0004590,C002740,O00049952,2026-03-31,商品质量,电话,中,28.33,否,3
TK0004591,C002052,O00049977,2026-02-02,退换货,门店,低,18.34,否,4
TK0004592,C002188,O00049993,2026-05-18,促销规则,电话,低,15.53,否,4
TK0004593,C003689,O00050020,2026-05-02,安装使用,在线客服,中,11.56,否,4
TK0004594,C004511,O00050029,2026-06-13,退换货,社交媒体,中,9.62,否,3
TK0004595,C004783,O00050034,2026-05-10,商品质量,门店,中,20.01,否,3
TK0004596,C004011,O00050047,2026-08-03,商品质量,门店,高,23.16,否,4
TK0004597,C003297,O00050073,2026-04-24,商品质量,电话,低,4.96,是,5
TK0004598,C000603,O00050075,2026-05-22,物流咨询,在线客服,中,26.89,否,3
TK0004599,C000593,O00050106,2025-10-22,退换货,电话,低,18.02,否,4
TK0004600,C001145,O00050107,2025-09-01,退换货,门店,中,3.65,是,5
TK0004601,C000409,O00050122,2026-03-02,发票支付,在线客服,中,11.42,否,5
TK0004602,C000911,O00050123,2026-07-05,物流咨询,社交媒体,中,5.59,是,4
TK0004603,C001724,O00050126,2025-12-01,发票支付,社交媒体,高,15.67,否,5
TK0004604,C000002,O00050127,2026-04-06,退换货,电话,中,2.5,是,5
TK0004605,C002357,O00050132,2026-06-19,发票支付,电话,中,33.71,否,4
TK0004606,C001891,O00050137,2025-10-11,促销规则,门店,中,7.44,是,4
TK0004607,C003386,O00050142,2026-03-28,商品质量,社交媒体,中,17.41,否,5
TK0004608,C000275,O00050190,2026-07-06,商品质量,门店,中,29.03,否,3
TK0004609,C004590,O00050192,2025-12-01,物流咨询,门店,中,16.7,否,4
TK0004610,C003671,O00050212,2026-05-08,物流咨询,在线客服,中,10.29,否,3
TK0004611,C002742,O00050227,2026-02-21,物流咨询,社交媒体,中,29.12,否,3
TK0004612,C002101,O00050237,2025-12-01,物流咨询,电话,中,18.96,否,4
TK0004613,C000868,O00050246,2025-11-02,促销规则,电话,中,23.97,否,3
TK0004614,C002533,O00050251,2026-04-09,物流咨询,社交媒体,中,34.88,否,3
TK0004615,C003943,O00050262,2025-09-10,促销规则,社交媒体,中,4.55,是,5
TK0004616,C004701,O00050266,2026-04-29,物流咨询,门店,紧急,12.48,否,3
TK0004617,C003485,O00050285,2025-08-20,物流咨询,社交媒体,高,13.51,否,4
TK0004618,C000981,O00050305,2026-06-26,物流咨询,社交媒体,紧急,3.56,是,5
TK0004619,C002589,O00050311,2026-07-12,安装使用,门店,中,29.56,否,3
TK0004620,C002830,O00050320,2025-12-14,商品质量,在线客服,中,22.46,否,3
TK0004621,C004458,O00050347,2025-09-10,安装使用,门店,高,19.18,否,4
TK0004622,C003092,O00050353,2026-06-26,物流咨询,电话,中,28.87,否,3
TK0004623,C000747,O00050372,2025-10-30,促销规则,社交媒体,中,25.18,否,4
TK0004624,C002906,O00050389,2026-01-06,物流咨询,电话,低,10.23,否,4
TK0004625,C000348,O00050396,2026-05-17,物流咨询,电话,中,12.35,否,4
TK0004626,C002097,O00050405,2025-12-29,商品质量,在线客服,高,22.13,否,4
TK0004627,C001174,O00050409,2026-07-09,促销规则,社交媒体,高,31.38,否,3
TK0004628,C000406,O00050414,2026-02-25,安装使用,在线客服,高,2.01,是,5
TK0004629,C002872,O00050434,2026-02-24,物流咨询,在线客服,高,32.61,否,3
TK0004630,C003193,O00050440,2025-10-30,促销规则,在线客服,高,34.27,否,3
TK0004631,C004335,O00050445,2025-11-09,商品质量,在线客服,高,18.6,否,3
TK0004632,C001149,O00050447,2026-06-30,安装使用,在线客服,低,17.2,否,4
TK0004633,C001293,O00050450,2026-05-03,物流咨询,电话,高,26.36,否,4
TK0004634,C003732,O00050452,2025-08-31,促销规则,社交媒体,中,26.26,否,4
TK0004635,C002434,O00050454,2026-05-26,物流咨询,在线客服,低,18.43,否,3
TK0004636,C002762,O00050458,2025-11-25,物流咨询,电话,低,6.63,是,5
TK0004637,C001442,O00050461,2026-05-11,物流咨询,门店,低,34.58,否,3
TK0004638,C000087,O00050498,2026-03-27,安装使用,社交媒体,中,21.01,否,3
TK0004639,C001717,O00050502,2026-04-20,商品质量,社交媒体,中,33.68,否,4
TK0004640,C001805,O00050523,2025-12-13,促销规则,在线客服,中,23.15,否,4
TK0004641,C001945,O00050538,2026-04-27,安装使用,社交媒体,高,31.3,否,3
TK0004642,C000033,O00050547,2026-04-28,商品质量,社交媒体,低,26.43,否,3
TK0004643,C001732,O00050551,2026-05-16,商品质量,在线客服,低,28.46,否,4
TK0004644,C004865,O00050565,2025-10-01,物流咨询,社交媒体,中,32.22,否,3
TK0004645,C004887,O00050571,2026-07-26,物流咨询,门店,中,22.35,否,3
TK0004646,C001935,O00050572,2026-07-01,商品质量,在线客服,中,8.16,否,5
TK0004647,C000086,O00050582,2025-12-26,安装使用,社交媒体,高,16.21,否,4
TK0004648,C004263,O00050596,2026-03-20,物流咨询,门店,高,20.05,否,4
TK0004649,C000408,O00050604,2025-09-18,物流咨询,社交媒体,中,14.45,否,4
TK0004650,C004875,O00050626,2026-06-11,促销规则,在线客服,中,21.49,否,3
TK0004651,C001017,O00050631,2025-10-25,物流咨询,在线客服,中,26.08,否,3
TK0004652,C003905,O00050660,2026-01-20,物流咨询,在线客服,中,2.33,是,4
TK0004653,C000036,O00050662,2025-12-07,促销规则,门店,中,22.1,否,3
TK0004654,C004889,O00050677,2026-07-09,物流咨询,在线客服,中,24.34,否,4
TK0004655,C003602,O00050678,2026-05-12,物流咨询,在线客服,低,31.69,否,3
TK0004656,C002803,O00050703,2026-01-29,物流咨询,社交媒体,低,2.62,是,5
TK0004657,C000125,O00050710,2025-11-19,物流咨询,社交媒体,低,33.09,否,2
TK0004658,C002488,O00050721,2026-02-06,安装使用,门店,中,31.04,否,2
TK0004659,C002929,O00050732,2026-03-30,物流咨询,在线客服,紧急,12.07,否,4
TK0004660,C000973,O00050745,2025-11-28,商品质量,电话,低,34.1,否,3
TK0004661,C003939,O00050754,2026-07-29,促销规则,门店,高,17.95,否,4
TK0004662,C003870,O00050757,2026-05-19,商品质量,在线客服,高,11.1,否,5
TK0004663,C001829,O00050765,2026-04-29,物流咨询,门店,低,15.59,否,4
TK0004664,C001936,O00050772,2026-03-07,发票支付,电话,高,5.5,是,4
TK0004665,C003383,O00050779,2026-03-05,物流咨询,电话,低,35.74,否,2
TK0004666,C001459,O00050790,2026-03-09,商品质量,在线客服,高,13.52,否,4
TK0004667,C001202,O00050813,2026-06-26,促销规则,社交媒体,低,31.87,否,3
TK0004668,C000261,O00050816,2025-12-17,安装使用,在线客服,低,1.26,是,5
TK0004669,C000730,O00050825,2026-06-11,商品质量,在线客服,低,6.95,是,4
TK0004670,C000480,O00050828,2026-04-01,促销规则,电话,紧急,15.08,否,4
TK0004671,C000469,O00050829,2026-02-11,商品质量,社交媒体,中,32.68,否,3
TK0004672,C002024,O00050847,2026-05-07,安装使用,门店,低,16.24,否,4
TK0004673,C003741,O00050852,2026-04-09,退换货,社交媒体,中,10.61,否,4
TK0004674,C000180,O00050854,2026-06-20,物流咨询,电话,中,3.17,是,5
TK0004675,C002925,O00050857,2025-12-22,商品质量,社交媒体,低,21.57,否,4
TK0004676,C001894,O00050863,2026-06-26,退换货,门店,中,18.12,否,4
TK0004677,C000616,O00050880,2026-07-22,安装使用,电话,中,5.69,是,4
TK0004678,C004571,O00050889,2026-05-30,商品质量,电话,高,10.73,否,4
TK0004679,C003448,O00050895,2025-10-04,安装使用,电话,中,5.98,是,4
TK0004680,C002563,O00050900,2026-03-27,发票支付,门店,中,11.68,否,3
TK0004681,C002338,O00050907,2025-11-05,物流咨询,电话,中,1.51,是,5
TK0004682,C004657,O00050915,2025-10-08,安装使用,电话,中,35.91,否,3
TK0004683,C004642,O00050923,2025-11-13,物流咨询,社交媒体,紧急,30.42,否,3
TK0004684,C001579,O00050947,2026-03-06,促销规则,电话,紧急,30.5,否,3
TK0004685,C002417,O00050969,2025-09-16,物流咨询,社交媒体,高,6.42,是,4
TK0004686,C003945,O00050971,2026-05-16,退换货,在线客服,中,27.83,否,2
TK0004687,C002969,O00051008,2025-10-14,物流咨询,社交媒体,高,19.07,否,3
TK0004688,C001679,O00051011,2025-11-23,退换货,门店,中,29.81,否,3
TK0004689,C002452,O00051015,2026-07-05,商品质量,社交媒体,中,30.09,否,3
TK0004690,C001571,O00051038,2026-05-22,商品质量,门店,低,29.79,否,3
TK0004691,C002969,O00051094,2026-04-23,物流咨询,电话,中,20.68,否,3
TK0004692,C004592,O00051096,2026-03-03,物流咨询,门店,中,1.76,是,3
TK0004693,C004147,O00051106,2025-11-18,物流咨询,在线客服,中,23.22,否,4
TK0004694,C003122,O00051111,2025-11-10,商品质量,门店,中,2.07,是,5
TK0004695,C003919,O00051113,2025-08-16,退换货,电话,中,15.28,否,4
TK0004696,C000116,O00051117,2025-10-06,物流咨询,社交媒体,中,26.77,否,3
TK0004697,C003698,O00051163,2025-09-10,商品质量,门店,低,30.18,否,3
TK0004698,C001778,O00051172,2025-08-11,商品质量,社交媒体,中,5.12,是,5
TK0004699,C003183,O00051176,2025-12-05,物流咨询,门店,中,25.95,否,3
TK0004700,C000239,O00051180,2026-06-27,安装使用,门店,中,27.72,否,3
TK0004701,C002422,O00051184,2025-10-26,退换货,电话,中,24.64,否,3
TK0004702,C002355,O00051189,2025-10-12,促销规则,在线客服,低,33.08,否,3
TK0004703,C002936,O00051205,2026-06-03,商品质量,在线客服,中,6.02,是,5
TK0004704,C003406,O00051220,2025-12-05,退换货,社交媒体,高,20.07,否,2
TK0004705,C002647,O00051236,2025-09-14,退换货,在线客服,高,20.41,否,3
TK0004706,C004501,O00051254,2025-09-18,物流咨询,在线客服,中,32.82,否,2
TK0004707,C002399,O00051256,2025-12-27,物流咨询,社交媒体,中,7.75,是,4
TK0004708,C003928,O00051271,2026-07-28,发票支付,在线客服,高,27.66,否,3
TK0004709,C003544,O00051275,2025-08-13,物流咨询,社交媒体,中,24.71,否,3
TK0004710,C004105,O00051335,2026-07-07,商品质量,电话,低,10.1,否,5
TK0004711,C000502,O00051337,2026-02-12,发票支付,在线客服,中,3.7,是,4
TK0004712,C002476,O00051384,2025-08-29,退换货,社交媒体,中,9.81,否,4
TK0004713,C001781,O00051424,2026-06-25,促销规则,社交媒体,低,35.29,否,3
TK0004714,C001156,O00051432,2026-01-28,商品质量,门店,中,21.32,否,3
TK0004715,C001406,O00051479,2026-07-28,物流咨询,门店,低,16.25,否,4
TK0004716,C000394,O00051485,2025-12-16,促销规则,社交媒体,中,11.86,否,3
TK0004717,C000793,O00051488,2025-11-10,退换货,在线客服,中,15.46,否,4
TK0004718,C001021,O00051494,2026-03-05,商品质量,电话,低,15.57,否,3
TK0004719,C002740,O00051505,2026-07-22,商品质量,社交媒体,高,10.37,否,5
TK0004720,C000096,O00051521,2025-09-30,退换货,门店,中,1.29,是,4
TK0004721,C002417,O00051522,2025-10-21,安装使用,在线客服,高,32.53,否,3
TK0004722,C004081,O00051528,2025-12-17,退换货,电话,低,19.79,否,3
TK0004723,C003993,O00051542,2026-01-21,商品质量,社交媒体,高,16.11,否,4
TK0004724,C000256,O00051544,2026-07-24,物流咨询,在线客服,高,30.5,否,3
TK0004725,C000754,O00051557,2026-03-11,商品质量,社交媒体,中,15.13,否,4
TK0004726,C002402,O00051569,2026-03-25,物流咨询,社交媒体,低,7.03,是,5
TK0004727,C002076,O00051573,2026-04-07,安装使用,社交媒体,高,20.41,否,4
TK0004728,C000950,O00051607,2026-03-07,物流咨询,门店,中,33.87,否,3
TK0004729,C000990,O00051623,2026-01-29,物流咨询,在线客服,中,21.3,否,4
TK0004730,C003965,O00051625,2026-05-04,物流咨询,在线客服,低,15.45,否,4
TK0004731,C004097,O00051632,2026-05-21,商品质量,在线客服,中,32.81,否,2
TK0004732,C000418,O00051640,2026-04-19,发票支付,电话,低,21.4,否,4
TK0004733,C000576,O00051644,2026-05-02,发票支付,在线客服,低,4.2,是,4
TK0004734,C001060,O00051673,2026-02-19,物流咨询,在线客服,中,19.77,否,3
TK0004735,C003493,O00051682,2025-10-19,商品质量,电话,中,24.99,否,3
TK0004736,C004005,O00051690,2026-04-04,安装使用,在线客服,高,21.57,否,3
TK0004737,C002008,O00051714,2026-01-22,物流咨询,门店,中,3.47,是,4
TK0004738,C001101,O00051715,2025-10-13,安装使用,门店,高,10.71,否,4
TK0004739,C004383,O00051718,2026-06-10,促销规则,电话,中,13.59,否,4
TK0004740,C002441,O00051720,2026-02-07,物流咨询,社交媒体,低,2.61,是,5
TK0004741,C002150,O00051730,2026-07-25,物流咨询,在线客服,低,23.0,否,4
TK0004742,C000562,O00051734,2026-03-27,物流咨询,社交媒体,高,7.47,是,5
TK0004743,C004705,O00051735,2025-10-12,物流咨询,门店,低,33.66,否,2
TK0004744,C004155,O00051739,2025-11-26,退换货,门店,中,13.8,否,4
TK0004745,C001078,O00051746,2025-10-30,发票支付,门店,中,17.62,否,4
TK0004746,C002552,O00051747,2026-01-16,发票支付,电话,低,4.44,是,5
TK0004747,C000959,O00051756,2026-04-20,物流咨询,社交媒体,低,15.57,否,3
TK0004748,C003663,O00051762,2025-09-17,促销规则,社交媒体,低,21.32,否,3
TK0004749,C001670,O00051769,2026-01-27,物流咨询,门店,低,22.5,否,3
TK0004750,C002162,O00051775,2026-01-15,安装使用,社交媒体,中,18.53,否,3
TK0004751,C000720,O00051780,2026-02-17,商品质量,电话,低,31.69,否,3
TK0004752,C002472,O00051795,2026-05-06,物流咨询,社交媒体,高,12.29,否,4
TK0004753,C002022,O00051803,2025-09-18,物流咨询,门店,低,7.74,是,4
TK0004754,C003110,O00051813,2026-07-21,物流咨询,电话,中,32.03,否,3
TK0004755,C004237,O00051844,2025-09-28,促销规则,社交媒体,中,7.87,是,5
TK0004756,C001391,O00051864,2025-09-28,退换货,在线客服,中,23.71,否,3
TK0004757,C002704,O00051887,2026-01-12,发票支付,门店,高,9.39,否,3
TK0004758,C004908,O00051898,2026-04-16,退换货,电话,中,26.24,否,4
TK0004759,C001560,O00051903,2025-11-17,物流咨询,在线客服,低,28.32,否,3
TK0004760,C002159,O00051928,2026-07-30,商品质量,电话,低,14.8,否,4
TK0004761,C004103,O00051931,2026-07-29,物流咨询,在线客服,低,14.3,否,4
TK0004762,C003384,O00051934,2025-09-13,安装使用,门店,低,12.56,否,5
TK0004763,C004055,O00051970,2026-06-08,促销规则,在线客服,低,24.17,否,4
TK0004764,C002672,O00052007,2026-04-24,安装使用,电话,中,3.8,是,4
TK0004765,C003872,O00052009,2026-06-12,物流咨询,门店,中,24.23,否,3
TK0004766,C003120,O00052035,2026-01-21,商品质量,电话,中,33.42,否,2
TK0004767,C001700,O00052054,2026-07-23,安装使用,电话,低,35.96,否,3
TK0004768,C002608,O00052058,2026-04-30,商品质量,社交媒体,高,8.81,否,5
TK0004769,C000022,O00052060,2025-10-30,物流咨询,门店,高,29.45,否,3
TK0004770,C003287,O00052061,2026-06-25,安装使用,电话,高,34.34,否,2
TK0004771,C001663,O00052068,2026-01-23,商品质量,电话,中,13.11,否,3
TK0004772,C003520,O00052078,2026-07-17,安装使用,门店,紧急,15.23,否,4
TK0004773,C002050,O00052085,2026-02-18,安装使用,在线客服,高,2.69,是,5
TK0004774,C004352,O00052086,2026-01-19,物流咨询,社交媒体,中,28.47,否,2
TK0004775,C001755,O00052109,2025-11-12,商品质量,社交媒体,低,16.94,否,4
TK0004776,C002432,O00052125,2026-05-27,物流咨询,电话,中,31.74,否,3
TK0004777,C001638,O00052135,2026-05-06,商品质量,在线客服,低,25.29,否,3
TK0004778,C004118,O00052140,2025-12-15,物流咨询,电话,中,27.42,否,3
TK0004779,C003356,O00052153,2026-06-14,促销规则,社交媒体,高,12.84,否,3
TK0004780,C002460,O00052154,2026-07-22,商品质量,电话,低,19.52,否,4
TK0004781,C002667,O00052190,2025-10-19,发票支付,在线客服,中,1.99,是,5
TK0004782,C003681,O00052201,2026-06-15,安装使用,社交媒体,高,30.23,否,4
TK0004783,C001598,O00052207,2025-12-13,商品质量,社交媒体,中,23.66,否,3
TK0004784,C003301,O00052210,2026-03-16,安装使用,门店,低,3.96,是,4
TK0004785,C003545,O00052213,2026-01-05,退换货,社交媒体,中,29.09,否,4
TK0004786,C001113,O00052214,2026-03-02,安装使用,电话,中,26.08,否,3
TK0004787,C002747,O00052216,2025-08-30,物流咨询,社交媒体,中,7.45,是,5
TK0004788,C001428,O00052225,2026-06-23,退换货,社交媒体,中,11.35,否,4
TK0004789,C002264,O00052227,2025-12-08,物流咨询,在线客服,中,2.59,是,4
TK0004790,C002652,O00052236,2026-04-18,促销规则,门店,中,33.59,否,3
TK0004791,C003842,O00052248,2025-10-20,商品质量,社交媒体,高,8.91,否,5
TK0004792,C002882,O00052281,2026-02-26,物流咨询,在线客服,中,34.77,否,3
TK0004793,C004728,O00052295,2025-12-14,安装使用,电话,高,14.37,否,5
TK0004794,C004080,O00052306,2026-04-25,物流咨询,电话,高,12.42,否,4
TK0004795,C002265,O00052313,2025-11-22,安装使用,电话,高,9.89,否,4
TK0004796,C002420,O00052320,2025-12-05,商品质量,电话,中,11.2,否,3
TK0004797,C001725,O00052322,2025-10-16,促销规则,电话,低,1.41,是,4
TK0004798,C000601,O00052334,2026-03-22,物流咨询,在线客服,中,12.54,否,4
TK0004799,C000443,O00052346,2026-06-13,商品质量,电话,低,23.39,否,3
TK0004800,C003412,O00052348,2026-01-04,物流咨询,在线客服,紧急,30.3,否,3
TK0004801,C004699,O00052357,2026-05-04,物流咨询,社交媒体,高,3.55,是,4
TK0004802,C004701,O00052365,2026-05-06,安装使用,社交媒体,低,28.82,否,4
TK0004803,C002000,O00052373,2026-03-26,物流咨询,社交媒体,中,13.95,否,4
TK0004804,C000352,O00052375,2026-06-26,物流咨询,电话,低,15.18,否,4
TK0004805,C002926,O00052384,2025-10-22,促销规则,门店,中,26.14,否,4
TK0004806,C004849,O00052399,2026-02-16,促销规则,门店,低,32.89,否,4
TK0004807,C002370,O00052411,2025-10-18,物流咨询,门店,中,30.66,否,2
TK0004808,C003143,O00052434,2026-04-23,商品质量,电话,高,24.25,否,3
TK0004809,C002351,O00052442,2026-01-26,商品质量,在线客服,低,9.24,否,4
TK0004810,C003001,O00052458,2025-11-20,退换货,在线客服,中,1.89,是,4
TK0004811,C003176,O00052460,2025-08-09,安装使用,门店,低,10.04,否,5
TK0004812,C000601,O00052466,2026-04-12,商品质量,门店,紧急,1.55,是,4
TK0004813,C004260,O00052471,2026-06-23,安装使用,在线客服,低,19.11,否,4
TK0004814,C003740,O00052476,2026-06-12,退换货,社交媒体,低,34.03,否,3
TK0004815,C000979,O00052507,2026-01-07,物流咨询,社交媒体,中,15.72,否,3
TK0004816,C000869,O00052517,2025-12-12,发票支付,电话,低,28.43,否,2
TK0004817,C001958,O00052531,2026-01-05,商品质量,社交媒体,中,15.99,否,4
TK0004818,C003481,O00052566,2026-06-16,发票支付,门店,中,28.31,否,3
TK0004819,C001306,O00052570,2026-01-23,退换货,门店,高,15.39,否,4
TK0004820,C000103,O00052571,2025-09-05,安装使用,电话,中,23.65,否,3
TK0004821,C000369,O00052574,2026-01-12,物流咨询,电话,中,29.74,否,3
TK0004822,C002218,O00052575,2025-11-13,安装使用,电话,紧急,18.91,否,3
TK0004823,C000661,O00052583,2026-03-13,退换货,门店,低,14.85,否,4
TK0004824,C000159,O00052584,2026-06-19,促销规则,在线客服,低,8.69,否,4
TK0004825,C001705,O00052599,2026-02-04,退换货,社交媒体,中,11.28,否,4
TK0004826,C002906,O00052615,2026-04-10,商品质量,社交媒体,中,32.02,否,3
TK0004827,C001878,O00052616,2026-02-10,商品质量,社交媒体,中,33.43,否,3
TK0004828,C000450,O00052633,2026-04-18,物流咨询,门店,中,10.27,否,4
TK0004829,C000177,O00052638,2025-11-07,促销规则,门店,中,35.32,否,3
TK0004830,C003935,O00052659,2025-09-01,促销规则,社交媒体,高,30.01,否,2
TK0004831,C004932,O00052687,2025-11-03,物流咨询,社交媒体,中,29.7,否,3
TK0004832,C004307,O00052745,2026-03-20,退换货,社交媒体,中,9.76,否,3
TK0004833,C001037,O00052750,2026-07-22,物流咨询,电话,低,9.86,否,5
TK0004834,C001916,O00052754,2026-07-30,商品质量,在线客服,中,20.12,否,4
TK0004835,C002516,O00052758,2026-07-16,商品质量,在线客服,低,19.86,否,5
TK0004836,C003343,O00052767,2026-07-22,商品质量,在线客服,中,26.38,否,3
TK0004837,C002160,O00052782,2026-07-14,物流咨询,电话,紧急,11.52,否,5
TK0004838,C002791,O00052802,2026-07-01,物流咨询,社交媒体,低,30.78,否,3
TK0004839,C002536,O00052803,2025-09-23,发票支付,社交媒体,低,8.11,否,5
TK0004840,C002094,O00052806,2025-12-24,商品质量,社交媒体,中,14.93,否,4
TK0004841,C004200,O00052830,2025-08-24,安装使用,门店,低,2.45,是,4
TK0004842,C001408,O00052840,2025-12-02,商品质量,在线客服,低,3.72,是,5
TK0004843,C000849,O00052848,2026-01-01,退换货,电话,中,35.33,否,2
TK0004844,C004495,O00052877,2026-06-08,商品质量,社交媒体,低,5.86,是,4
TK0004845,C004524,O00052883,2025-08-20,发票支付,社交媒体,中,27.27,否,3
TK0004846,C000516,O00052893,2026-04-19,物流咨询,电话,中,16.64,否,4
TK0004847,C000086,O00052903,2025-09-24,发票支付,在线客服,中,10.61,否,5
TK0004848,C002268,O00052924,2025-12-16,物流咨询,电话,高,19.7,否,4
TK0004849,C002405,O00052939,2025-11-11,物流咨询,门店,高,15.07,否,4
TK0004850,C004832,O00052942,2026-06-22,促销规则,电话,中,9.68,否,5
TK0004851,C000797,O00052943,2025-12-22,物流咨询,社交媒体,中,9.17,否,4
TK0004852,C001974,O00052956,2025-11-11,安装使用,门店,低,7.8,是,5
TK0004853,C002335,O00052965,2025-12-31,物流咨询,在线客服,低,27.96,否,3
TK0004854,C004934,O00052967,2026-01-22,物流咨询,门店,低,31.06,否,3
TK0004855,C002035,O00052985,2025-08-11,促销规则,社交媒体,低,5.24,是,3
TK0004856,C002168,O00052998,2026-05-31,物流咨询,社交媒体,中,30.85,否,4
TK0004857,C004554,O00053045,2025-12-29,物流咨询,门店,低,10.73,否,5
TK0004858,C001207,O00053058,2025-08-18,退换货,在线客服,中,34.33,否,3
TK0004859,C004464,O00053076,2025-10-16,物流咨询,电话,低,12.88,否,3
TK0004860,C001730,O00053083,2026-01-02,安装使用,门店,紧急,25.65,否,3
TK0004861,C002366,O00053085,2026-06-13,物流咨询,电话,高,32.04,否,3
TK0004862,C002043,O00053098,2026-06-05,物流咨询,门店,低,24.84,否,3
TK0004863,C003156,O00053116,2025-08-09,发票支付,门店,高,26.02,否,3
TK0004864,C001613,O00053143,2025-11-20,商品质量,电话,中,7.71,是,5
TK0004865,C004997,O00053163,2025-11-01,物流咨询,社交媒体,中,21.4,否,3
TK0004866,C000690,O00053168,2026-04-17,物流咨询,门店,低,8.0,否,4
TK0004867,C004120,O00053174,2025-12-09,物流咨询,在线客服,低,22.95,否,3
TK0004868,C001688,O00053177,2025-11-16,退换货,门店,低,24.95,否,4
TK0004869,C004614,O00053219,2026-04-11,物流咨询,在线客服,中,28.34,否,3
TK0004870,C002446,O00053228,2025-09-11,退换货,在线客服,低,30.39,否,3
TK0004871,C001048,O00053230,2025-09-20,物流咨询,在线客服,中,13.09,否,4
TK0004872,C003364,O00053231,2026-03-04,物流咨询,电话,中,6.51,是,5
TK0004873,C002154,O00053238,2026-03-14,促销规则,社交媒体,中,9.14,否,4
TK0004874,C004651,O00053245,2025-12-08,商品质量,电话,中,28.54,否,4
TK0004875,C001967,O00053259,2026-03-19,促销规则,门店,中,32.67,否,3
TK0004876,C002565,O00053270,2026-02-26,安装使用,社交媒体,中,13.11,否,5
TK0004877,C003653,O00053278,2026-01-28,物流咨询,门店,中,16.59,否,4
TK0004878,C002160,O00053296,2026-04-17,物流咨询,门店,低,24.39,否,3
TK0004879,C001748,O00053304,2025-12-19,发票支付,电话,中,13.37,否,5
TK0004880,C004619,O00053306,2025-11-19,促销规则,电话,紧急,31.62,否,3
TK0004881,C001035,O00053337,2026-02-23,商品质量,电话,紧急,22.97,否,4
TK0004882,C003077,O00053340,2025-10-25,物流咨询,在线客服,中,8.85,否,4
TK0004883,C002691,O00053362,2025-11-30,物流咨询,门店,高,4.26,是,4
TK0004884,C003311,O00053376,2026-03-24,退换货,社交媒体,紧急,27.96,否,4
TK0004885,C004782,O00053433,2026-07-02,商品质量,社交媒体,低,24.73,否,4
TK0004886,C004317,O00053448,2026-03-13,安装使用,门店,中,25.8,否,3
TK0004887,C003829,O00053452,2026-06-26,物流咨询,在线客服,中,24.55,否,3
TK0004888,C003892,O00053453,2025-11-13,商品质量,在线客服,低,31.45,否,3
TK0004889,C004972,O00053463,2026-05-08,退换货,电话,高,9.21,否,4
TK0004890,C001003,O00053467,2025-11-05,物流咨询,电话,低,35.4,否,3
TK0004891,C004034,O00053481,2026-01-06,商品质量,电话,紧急,17.38,否,4
TK0004892,C003479,O00053510,2025-12-03,商品质量,社交媒体,中,9.9,否,5
TK0004893,C002014,O00053514,2026-07-23,物流咨询,在线客服,紧急,35.96,否,3
TK0004894,C004022,O00053519,2025-09-10,发票支付,在线客服,低,25.56,否,4
TK0004895,C003744,O00053520,2026-03-18,退换货,社交媒体,中,7.15,是,4
TK0004896,C001543,O00053535,2025-09-14,退换货,门店,中,7.08,是,5
TK0004897,C001288,O00053546,2026-01-10,商品质量,社交媒体,中,29.61,否,3
TK0004898,C003713,O00053566,2026-03-09,安装使用,社交媒体,低,29.06,否,4
TK0004899,C000098,O00053575,2026-06-11,商品质量,在线客服,中,21.53,否,3
TK0004900,C003316,O00053599,2025-10-16,退换货,门店,中,25.03,否,3
TK0004901,C000989,O00053623,2026-04-05,退换货,在线客服,低,5.54,是,5
TK0004902,C002119,O00053625,2026-04-16,安装使用,电话,中,1.57,是,4
TK0004903,C002866,O00053641,2026-03-23,商品质量,电话,低,23.52,否,4
TK0004904,C000777,O00053656,2025-12-11,商品质量,在线客服,高,26.81,否,3
TK0004905,C004751,O00053669,2026-03-27,退换货,社交媒体,低,26.62,否,4
TK0004906,C004942,O00053677,2026-05-15,商品质量,在线客服,低,23.53,否,4
TK0004907,C003949,O00053678,2026-03-10,退换货,在线客服,中,22.97,否,4
TK0004908,C003821,O00053689,2026-01-27,物流咨询,社交媒体,中,24.01,否,3
TK0004909,C002386,O00053695,2025-10-21,促销规则,社交媒体,低,24.24,否,3
TK0004910,C002738,O00053712,2026-06-04,安装使用,在线客服,低,11.54,否,5
TK0004911,C001751,O00053724,2026-04-14,物流咨询,在线客服,低,1.13,是,5
TK0004912,C004120,O00053743,2026-02-08,物流咨询,在线客服,低,14.53,否,4
TK0004913,C004202,O00053758,2025-09-09,物流咨询,电话,高,10.79,否,3
TK0004914,C001884,O00053782,2026-03-08,物流咨询,电话,中,22.33,否,4
TK0004915,C004573,O00053783,2025-11-15,促销规则,在线客服,高,30.68,否,3
TK0004916,C001239,O00053803,2026-04-06,促销规则,门店,中,7.04,是,5
TK0004917,C004089,O00053807,2026-01-12,发票支付,门店,低,29.07,否,3
TK0004918,C003568,O00053817,2025-12-05,物流咨询,社交媒体,中,23.75,否,4
TK0004919,C004179,O00053828,2026-06-03,物流咨询,门店,中,5.88,是,5
TK0004920,C003669,O00053833,2026-04-18,退换货,在线客服,中,32.17,否,2
TK0004921,C000683,O00053840,2026-02-24,商品质量,门店,低,10.21,否,4
TK0004922,C002290,O00053857,2026-04-24,商品质量,社交媒体,低,1.58,是,5
TK0004923,C003604,O00053867,2026-01-16,物流咨询,门店,中,13.41,否,4
TK0004924,C003843,O00053870,2025-11-30,退换货,社交媒体,中,7.02,是,5
TK0004925,C000682,O00053879,2026-02-08,发票支付,门店,低,33.6,否,3
TK0004926,C002466,O00053904,2026-07-05,商品质量,门店,中,7.87,是,4
TK0004927,C000266,O00053923,2025-11-07,物流咨询,社交媒体,低,34.03,否,3
TK0004928,C000381,O00053942,2025-09-19,物流咨询,在线客服,紧急,27.22,否,3
TK0004929,C003918,O00053948,2025-12-18,商品质量,电话,低,25.04,否,3
TK0004930,C002803,O00053965,2026-03-31,安装使用,社交媒体,低,34.8,否,3
TK0004931,C002938,O00053968,2026-05-01,物流咨询,电话,中,17.12,否,4
TK0004932,C001614,O00053977,2026-01-30,促销规则,社交媒体,高,33.21,否,3
TK0004933,C001812,O00053982,2026-03-16,发票支付,在线客服,中,28.85,否,4
TK0004934,C001729,O00053999,2025-08-09,物流咨询,电话,中,13.39,否,4
TK0004935,C003215,O00054004,2025-10-14,安装使用,门店,低,1.54,是,5
TK0004936,C000377,O00054007,2025-08-14,安装使用,在线客服,低,20.36,否,4
TK0004937,C002233,O00054027,2026-06-11,退换货,在线客服,中,32.97,否,3
TK0004938,C000121,O00054035,2025-09-01,退换货,社交媒体,中,20.75,否,4
TK0004939,C002325,O00054047,2026-04-28,退换货,社交媒体,中,3.91,是,5
TK0004940,C001793,O00054050,2025-11-26,商品质量,社交媒体,低,20.58,否,2
TK0004941,C002354,O00054053,2026-05-27,退换货,在线客服,低,13.13,否,4
TK0004942,C001353,O00054079,2026-02-02,商品质量,在线客服,中,8.77,否,4
TK0004943,C000917,O00054080,2026-06-08,退换货,电话,中,21.06,否,3
TK0004944,C000520,O00054086,2026-02-20,安装使用,在线客服,中,32.58,否,2
TK0004945,C002141,O00054099,2026-07-06,发票支付,在线客服,高,22.14,否,3
TK0004946,C001134,O00054102,2026-01-06,发票支付,门店,低,12.98,否,5
TK0004947,C000935,O00054103,2026-05-01,发票支付,在线客服,中,32.63,否,3
TK0004948,C000937,O00054111,2025-11-19,商品质量,电话,紧急,22.28,否,4
TK0004949,C004604,O00054120,2026-02-01,商品质量,门店,中,21.48,否,3
TK0004950,C003827,O00054144,2026-04-14,物流咨询,社交媒体,中,12.38,否,4
TK0004951,C004523,O00054146,2026-07-31,安装使用,在线客服,高,35.04,否,3
TK0004952,C001007,O00054169,2025-10-18,促销规则,在线客服,高,30.66,否,3
TK0004953,C002053,O00054171,2026-03-23,物流咨询,门店,中,12.08,否,4
TK0004954,C000071,O00054183,2026-01-06,退换货,电话,高,9.15,否,5
TK0004955,C000399,O00054187,2025-09-04,退换货,在线客服,中,22.29,否,4
TK0004956,C004753,O00054198,2026-03-18,安装使用,电话,高,24.69,否,4
TK0004957,C004915,O00054210,2025-08-13,物流咨询,社交媒体,中,13.98,否,4
TK0004958,C004841,O00054211,2026-03-11,物流咨询,电话,低,19.25,否,3
TK0004959,C002802,O00054214,2026-01-29,发票支付,在线客服,高,11.85,否,5
TK0004960,C000818,O00054235,2026-06-24,安装使用,在线客服,高,34.09,否,3
TK0004961,C003354,O00054250,2026-07-08,退换货,门店,紧急,1.73,是,5
TK0004962,C003126,O00054254,2026-05-29,安装使用,电话,高,22.7,否,4
TK0004963,C001818,O00054262,2026-05-05,发票支付,社交媒体,中,20.08,否,3
TK0004964,C000393,O00054267,2025-08-16,发票支付,在线客服,中,11.35,否,4
TK0004965,C003313,O00054291,2025-11-10,物流咨询,门店,中,17.2,否,4
TK0004966,C001602,O00054293,2025-11-12,退换货,社交媒体,中,1.0,是,5
TK0004967,C002852,O00054306,2026-05-29,商品质量,在线客服,中,5.8,是,4
TK0004968,C003112,O00054313,2025-10-11,安装使用,社交媒体,中,32.31,否,3
TK0004969,C001078,O00054315,2026-06-07,物流咨询,在线客服,低,33.99,否,3
TK0004970,C000629,O00054319,2026-02-08,商品质量,社交媒体,高,7.24,是,5
TK0004971,C003759,O00054331,2025-11-05,商品质量,社交媒体,中,11.84,否,4
TK0004972,C001714,O00054338,2026-06-24,物流咨询,门店,中,19.46,否,3
TK0004973,C001477,O00054339,2025-11-24,物流咨询,电话,中,5.24,是,5
TK0004974,C003355,O00054356,2025-11-30,退换货,社交媒体,紧急,10.09,否,5
TK0004975,C001912,O00054360,2026-03-09,退换货,在线客服,低,1.62,是,5
TK0004976,C003171,O00054374,2026-04-22,安装使用,电话,高,17.47,否,4
TK0004977,C002666,O00054389,2025-11-25,物流咨询,社交媒体,低,7.14,是,3
TK0004978,C004834,O00054392,2025-09-23,物流咨询,门店,高,21.77,否,2
TK0004979,C001815,O00054394,2026-05-23,商品质量,电话,高,14.45,否,4
TK0004980,C003928,O00054439,2026-01-23,退换货,门店,高,4.97,是,5
TK0004981,C002412,O00054443,2026-01-14,物流咨询,门店,中,5.23,是,4
TK0004982,C002594,O00054450,2025-10-05,物流咨询,门店,紧急,17.02,否,3
TK0004983,C002794,O00054452,2026-01-12,安装使用,社交媒体,中,10.66,否,5
TK0004984,C003978,O00054453,2026-06-14,促销规则,电话,中,5.58,是,5
TK0004985,C000865,O00054463,2026-04-20,安装使用,社交媒体,高,14.56,否,4
TK0004986,C001704,O00054470,2026-04-28,安装使用,门店,低,24.89,否,3
TK0004987,C004099,O00054472,2026-01-19,退换货,在线客服,低,22.07,否,3
TK0004988,C000325,O00054481,2026-01-22,促销规则,在线客服,低,27.1,否,3
TK0004989,C004275,O00054482,2026-06-15,发票支付,社交媒体,低,34.11,否,3
TK0004990,C002106,O00054496,2026-02-10,物流咨询,电话,中,22.28,否,3
TK0004991,C001594,O00054500,2025-11-29,物流咨询,在线客服,中,17.39,否,4
TK0004992,C000944,O00054506,2025-11-21,商品质量,门店,高,26.5,否,4
TK0004993,C004700,O00054514,2026-07-31,商品质量,门店,高,17.59,否,4
TK0004994,C000804,O00054515,2025-11-05,物流咨询,门店,中,29.6,否,3
TK0004995,C002511,O00054540,2025-12-12,退换货,在线客服,低,24.8,否,3
TK0004996,C004535,O00054553,2026-06-25,商品质量,门店,中,23.86,否,4
TK0004997,C003012,O00054563,2026-02-11,促销规则,门店,低,34.16,否,3
TK0004998,C000047,O00054573,2025-12-14,物流咨询,门店,低,28.22,否,3
TK0004999,C004974,O00054574,2025-09-22,促销规则,在线客服,高,2.42,是,5
TK0005000,C002812,O00054585,2025-09-23,退换货,电话,中,26.87,否,3
TK0005001,C002946,O00054608,2026-07-25,商品质量,门店,中,28.11,否,4
TK0005002,C002610,O00054680,2026-05-14,商品质量,社交媒体,高,27.14,否,4
TK0005003,C004424,O00054686,2026-04-09,物流咨询,门店,低,24.67,否,3
TK0005004,C004991,O00054695,2025-10-27,退换货,在线客服,中,24.21,否,2
TK0005005,C001983,O00054700,2025-12-30,物流咨询,电话,中,35.07,否,2
TK0005006,C004903,O00054716,2025-11-04,发票支付,电话,高,11.78,否,4
TK0005007,C004118,O00054759,2025-10-24,促销规则,在线客服,中,9.57,否,4
TK0005008,C002786,O00054780,2026-05-19,物流咨询,门店,中,17.82,否,3
TK0005009,C004239,O00054789,2025-09-22,物流咨询,门店,中,18.93,否,3
TK0005010,C000437,O00054790,2025-11-19,安装使用,门店,高,28.29,否,4
TK0005011,C000278,O00054794,2026-07-22,促销规则,电话,中,29.65,否,3
TK0005012,C001944,O00054801,2026-02-04,物流咨询,电话,中,27.25,否,3
TK0005013,C003661,O00054806,2026-04-02,物流咨询,社交媒体,中,25.06,否,4
TK0005014,C004166,O00054808,2026-08-06,物流咨询,门店,高,11.67,否,4
TK0005015,C001649,O00054830,2026-08-04,发票支付,在线客服,高,30.62,否,3
TK0005016,C002927,O00054838,2026-06-21,促销规则,社交媒体,中,2.47,是,5
TK0005017,C004774,O00054844,2025-10-27,安装使用,电话,低,20.43,否,5
TK0005018,C001160,O00054863,2026-06-22,退换货,门店,中,25.62,否,3
TK0005019,C004152,O00054877,2025-10-08,商品质量,社交媒体,中,27.99,否,3
TK0005020,C003115,O00054880,2026-07-25,退换货,在线客服,高,1.7,是,5
TK0005021,C004013,O00054891,2025-10-25,促销规则,社交媒体,中,3.51,是,5
TK0005022,C004476,O00054899,2026-02-17,商品质量,门店,低,26.41,否,3
TK0005023,C001496,O00054911,2026-03-04,物流咨询,电话,中,3.95,是,4
TK0005024,C002663,O00054924,2026-03-08,安装使用,门店,低,25.45,否,3
TK0005025,C001353,O00054930,2026-03-05,商品质量,电话,低,31.64,否,3
TK0005026,C004507,O00054933,2026-05-24,物流咨询,门店,紧急,22.39,否,4
TK0005027,C002475,O00054943,2026-03-22,安装使用,社交媒体,中,12.54,否,4
TK0005028,C003265,O00054950,2026-02-04,物流咨询,社交媒体,中,24.7,否,4
TK0005029,C004108,O00054971,2026-01-16,商品质量,社交媒体,低,24.05,否,2
TK0005030,C003709,O00054972,2026-05-12,物流咨询,门店,紧急,9.62,否,4
TK0005031,C000635,O00054984,2025-09-15,商品质量,社交媒体,中,19.57,否,5
TK0005032,C001165,O00054989,2025-08-23,退换货,门店,低,7.72,是,5
TK0005033,C000366,O00054995,2026-05-10,安装使用,电话,高,12.66,否,4
TK0005034,C002456,O00055018,2026-08-02,促销规则,在线客服,低,3.73,是,4
TK0005035,C000239,O00055024,2025-11-25,物流咨询,在线客服,低,30.06,否,3
TK0005036,C001922,O00055035,2026-03-13,安装使用,社交媒体,中,29.28,否,4
TK0005037,C002560,O00055036,2026-05-21,安装使用,电话,紧急,3.41,是,5
TK0005038,C001397,O00055042,2026-04-29,安装使用,社交媒体,低,3.02,是,5
TK0005039,C003609,O00055057,2025-11-24,商品质量,社交媒体,低,5.67,是,5
TK0005040,C004014,O00055061,2026-03-08,退换货,社交媒体,紧急,25.79,否,4
TK0005041,C002399,O00055066,2026-02-15,物流咨询,门店,低,12.76,否,3
TK0005042,C002170,O00055074,2026-05-04,促销规则,门店,高,2.71,是,5
TK0005043,C004360,O00055083,2025-10-16,物流咨询,门店,中,27.41,否,2
TK0005044,C003051,O00055111,2025-09-15,退换货,电话,低,12.03,否,5
TK0005045,C000434,O00055125,2026-01-06,安装使用,在线客服,中,12.59,否,4
TK0005046,C004320,O00055129,2026-07-11,退换货,电话,低,8.94,否,4
TK0005047,C000639,O00055131,2025-11-04,物流咨询,门店,中,34.24,否,2
TK0005048,C001904,O00055147,2025-12-10,发票支付,社交媒体,中,12.31,否,4
TK0005049,C002785,O00055160,2026-01-27,退换货,在线客服,紧急,30.2,否,3
TK0005050,C002836,O00055191,2026-06-21,物流咨询,社交媒体,中,2.56,是,4
TK0005051,C002870,O00055201,2026-08-08,商品质量,在线客服,高,9.53,否,5
TK0005052,C004826,O00055212,2026-07-26,退换货,社交媒体,高,12.11,否,4
TK0005053,C000945,O00055214,2025-11-03,商品质量,在线客服,中,22.97,否,4
TK0005054,C000899,O00055223,2025-09-01,安装使用,门店,低,14.8,否,4
TK0005055,C000207,O00055226,2026-03-06,安装使用,在线客服,中,9.01,否,4
TK0005056,C001766,O00055249,2025-11-18,发票支付,电话,紧急,5.71,是,4
TK0005057,C003970,O00055270,2025-11-12,物流咨询,在线客服,中,9.02,否,4
TK0005058,C003545,O00055273,2026-05-14,物流咨询,门店,中,31.86,否,3
TK0005059,C004225,O00055278,2025-12-31,物流咨询,社交媒体,中,13.95,否,4
TK0005060,C000725,O00055281,2025-11-17,物流咨询,门店,中,17.62,否,4
TK0005061,C000601,O00055290,2026-08-04,退换货,社交媒体,低,24.64,否,4
TK0005062,C004182,O00055297,2026-02-02,物流咨询,社交媒体,中,12.95,否,3
TK0005063,C000254,O00055314,2026-04-07,退换货,门店,高,11.27,否,5
TK0005064,C004140,O00055334,2026-06-01,物流咨询,电话,高,23.59,否,3
TK0005065,C003873,O00055337,2026-02-15,商品质量,电话,中,18.17,否,3
TK0005066,C004608,O00055344,2026-04-25,促销规则,在线客服,高,28.39,否,3
TK0005067,C002217,O00055347,2025-08-21,安装使用,社交媒体,紧急,2.77,是,5
TK0005068,C002980,O00055353,2025-11-15,物流咨询,在线客服,中,12.2,否,5
TK0005069,C003538,O00055362,2026-06-25,退换货,社交媒体,低,34.13,否,3
TK0005070,C004264,O00055366,2025-08-13,退换货,在线客服,高,32.92,否,2
TK0005071,C003640,O00055375,2026-03-15,商品质量,在线客服,低,14.08,否,4
TK0005072,C001754,O00055394,2026-03-22,物流咨询,社交媒体,低,11.83,否,4
TK0005073,C004845,O00055404,2026-07-20,商品质量,电话,中,26.04,否,3
TK0005074,C002810,O00055413,2025-12-26,促销规则,在线客服,低,24.08,否,4
TK0005075,C002634,O00055424,2025-10-18,物流咨询,社交媒体,中,25.91,否,3
TK0005076,C003505,O00055457,2026-03-25,促销规则,门店,低,9.37,否,4
TK0005077,C002444,O00055466,2025-12-23,促销规则,在线客服,低,23.46,否,4
TK0005078,C001729,O00055478,2026-01-07,商品质量,电话,中,2.44,是,5
TK0005079,C002062,O00055479,2026-06-17,物流咨询,在线客服,高,16.65,否,5
TK0005080,C002440,O00055484,2026-04-04,发票支付,电话,中,19.81,否,4
TK0005081,C001591,O00055494,2025-12-31,退换货,在线客服,中,9.71,否,5
TK0005082,C000261,O00055496,2025-12-03,物流咨询,社交媒体,低,8.23,否,5
TK0005083,C000314,O00055500,2026-05-05,安装使用,电话,中,12.49,否,3
TK0005084,C001288,O00055501,2026-05-05,退换货,在线客服,低,13.19,否,4
TK0005085,C002798,O00055513,2025-12-18,物流咨询,门店,中,4.25,是,5
TK0005086,C004550,O00055527,2025-11-05,退换货,电话,低,13.38,否,5
TK0005087,C002981,O00055532,2025-11-26,促销规则,电话,低,23.04,否,4
TK0005088,C002190,O00055540,2025-12-29,退换货,社交媒体,低,28.61,否,4
TK0005089,C004158,O00055542,2025-12-12,安装使用,社交媒体,中,26.39,否,4
TK0005090,C003392,O00055544,2026-06-23,安装使用,电话,低,18.83,否,4
TK0005091,C003624,O00055555,2025-12-29,商品质量,门店,低,8.3,否,4
TK0005092,C000852,O00055561,2026-05-29,物流咨询,电话,中,27.81,否,3
TK0005093,C004988,O00055575,2026-02-08,促销规则,社交媒体,中,25.39,否,3
TK0005094,C003086,O00055584,2025-10-19,发票支付,社交媒体,中,8.87,否,5
TK0005095,C000838,O00055595,2025-08-17,退换货,门店,高,32.59,否,3
TK0005096,C004889,O00055600,2026-05-03,物流咨询,电话,中,17.95,否,4
TK0005097,C001475,O00055619,2025-12-16,物流咨询,社交媒体,中,29.0,否,2
TK0005098,C002706,O00055643,2026-06-07,商品质量,社交媒体,高,6.02,是,5
TK0005099,C002389,O00055655,2026-02-05,商品质量,在线客服,中,8.71,否,4
TK0005100,C004493,O00055672,2026-01-24,退换货,门店,低,27.69,否,4
TK0005101,C001691,O00055688,2025-09-07,促销规则,在线客服,中,1.05,是,5
TK0005102,C001786,O00055727,2025-11-18,物流咨询,门店,中,22.42,否,3
TK0005103,C004954,O00055730,2026-06-08,物流咨询,门店,中,35.12,否,3
TK0005104,C004010,O00055743,2026-04-15,物流咨询,社交媒体,中,23.68,否,4
TK0005105,C000037,O00055748,2026-07-18,退换货,社交媒体,低,32.85,否,2
TK0005106,C002950,O00055756,2025-11-27,安装使用,门店,高,10.61,否,4
TK0005107,C002234,O00055762,2026-05-04,退换货,门店,低,30.39,否,4
TK0005108,C001496,O00055767,2025-10-02,物流咨询,电话,中,14.03,否,3
TK0005109,C000043,O00055773,2026-02-12,退换货,在线客服,中,23.19,否,3
TK0005110,C004150,O00055787,2026-04-15,物流咨询,在线客服,低,2.99,是,5
TK0005111,C001946,O00055824,2026-01-21,物流咨询,社交媒体,中,11.31,否,5
TK0005112,C000229,O00055826,2025-08-15,物流咨询,门店,低,25.5,否,3
TK0005113,C003592,O00055830,2025-12-26,物流咨询,在线客服,中,5.02,是,5
TK0005114,C003844,O00055845,2026-01-28,退换货,门店,中,26.7,否,3
TK0005115,C002400,O00055856,2025-09-26,安装使用,社交媒体,中,17.19,否,5
TK0005116,C004637,O00055888,2026-05-08,物流咨询,电话,中,10.85,否,4
TK0005117,C004160,O00055911,2025-12-01,物流咨询,在线客服,中,15.14,否,3
TK0005118,C001885,O00055944,2026-06-28,物流咨询,电话,中,13.23,否,3
TK0005119,C004239,O00055962,2026-03-07,安装使用,社交媒体,紧急,2.82,是,5
TK0005120,C002319,O00056027,2026-04-10,安装使用,社交媒体,低,19.7,否,4
TK0005121,C002155,O00056062,2025-08-12,物流咨询,社交媒体,高,5.08,是,4
TK0005122,C001711,O00056073,2025-09-25,退换货,门店,紧急,26.51,否,4
TK0005123,C001374,O00056074,2026-03-20,物流咨询,门店,低,34.17,否,3
TK0005124,C002043,O00056075,2026-03-04,商品质量,在线客服,高,14.08,否,3
TK0005125,C001811,O00056081,2026-04-22,促销规则,社交媒体,中,22.66,否,4
TK0005126,C004149,O00056084,2026-03-14,商品质量,社交媒体,高,30.62,否,3
TK0005127,C002456,O00056103,2026-06-14,商品质量,电话,高,30.21,否,3
TK0005128,C001511,O00056120,2026-02-15,商品质量,社交媒体,低,11.76,否,4
TK0005129,C003766,O00056145,2025-12-31,物流咨询,社交媒体,高,2.49,是,4
TK0005130,C000615,O00056177,2026-03-14,物流咨询,门店,高,23.0,否,3
TK0005131,C001192,O00056181,2026-07-26,安装使用,电话,低,26.5,否,4
TK0005132,C000661,O00056203,2026-03-10,物流咨询,在线客服,低,16.24,否,4
TK0005133,C000895,O00056210,2025-12-16,物流咨询,门店,中,27.43,否,3
TK0005134,C004897,O00056225,2025-11-27,促销规则,电话,中,34.43,否,3
TK0005135,C004233,O00056226,2026-02-10,退换货,门店,低,17.0,否,4
TK0005136,C001604,O00056228,2026-05-24,发票支付,电话,中,11.21,否,4
TK0005137,C001305,O00056232,2025-10-16,商品质量,社交媒体,中,35.3,否,4
TK0005138,C002694,O00056266,2026-05-06,发票支付,社交媒体,中,13.96,否,4
TK0005139,C000296,O00056270,2025-11-12,物流咨询,在线客服,中,31.19,否,2
TK0005140,C003751,O00056273,2026-02-02,物流咨询,在线客服,中,27.07,否,2
TK0005141,C003774,O00056289,2026-01-16,物流咨询,社交媒体,低,28.76,否,4
TK0005142,C001851,O00056304,2026-06-26,物流咨询,电话,高,23.55,否,4
TK0005143,C000911,O00056310,2025-09-12,商品质量,门店,中,29.98,否,2
TK0005144,C003618,O00056316,2025-11-16,商品质量,在线客服,高,29.74,否,2
TK0005145,C004874,O00056330,2026-04-19,促销规则,门店,中,34.35,否,3
TK0005146,C004777,O00056352,2026-03-16,退换货,门店,中,32.38,否,3
TK0005147,C001349,O00056372,2026-07-04,物流咨询,电话,高,32.49,否,3
TK0005148,C000256,O00056393,2026-07-20,商品质量,电话,中,31.48,否,3
TK0005149,C002673,O00056429,2025-12-29,促销规则,社交媒体,中,16.13,否,4
TK0005150,C001279,O00056468,2026-04-02,物流咨询,社交媒体,低,24.13,否,3
TK0005151,C001060,O00056481,2026-05-24,发票支付,社交媒体,高,22.33,否,3
TK0005152,C001237,O00056491,2025-08-07,促销规则,门店,低,12.3,否,3
TK0005153,C003535,O00056494,2026-01-31,物流咨询,电话,低,12.56,否,4
TK0005154,C003597,O00056498,2025-12-30,促销规则,电话,低,19.44,否,4
TK0005155,C003855,O00056503,2025-10-23,物流咨询,社交媒体,中,22.64,否,4
TK0005156,C002638,O00056505,2025-12-09,退换货,电话,中,24.82,否,4
TK0005157,C002374,O00056506,2026-04-24,促销规则,电话,低,32.25,否,3
TK0005158,C003262,O00056532,2026-05-15,安装使用,电话,中,10.98,否,4
TK0005159,C000047,O00056534,2026-05-03,促销规则,社交媒体,中,31.57,否,3
TK0005160,C003626,O00056540,2026-03-10,促销规则,电话,低,6.97,是,5
TK0005161,C004617,O00056541,2026-04-24,退换货,在线客服,中,30.75,否,3
TK0005162,C001482,O00056543,2026-05-28,促销规则,社交媒体,中,26.1,否,4
TK0005163,C000498,O00056555,2026-01-04,安装使用,门店,低,12.41,否,5
TK0005164,C003603,O00056561,2026-01-16,发票支付,在线客服,中,23.04,否,3
TK0005165,C004249,O00056564,2026-01-08,商品质量,在线客服,低,18.95,否,3
TK0005166,C003029,O00056569,2025-11-25,物流咨询,社交媒体,中,19.35,否,4
TK0005167,C001003,O00056574,2026-01-12,物流咨询,门店,高,13.93,否,3
TK0005168,C001919,O00056578,2026-05-07,退换货,社交媒体,高,7.0,是,5
TK0005169,C002728,O00056590,2026-05-03,物流咨询,电话,高,10.34,否,4
TK0005170,C004563,O00056614,2026-08-02,商品质量,电话,中,5.95,是,4
TK0005171,C001588,O00056616,2025-09-26,商品质量,在线客服,低,1.34,是,5
TK0005172,C003197,O00056627,2026-04-01,安装使用,门店,中,23.24,否,4
TK0005173,C003938,O00056635,2025-12-16,物流咨询,电话,高,25.79,否,4
TK0005174,C001793,O00056640,2026-02-25,商品质量,在线客服,中,15.92,否,4
TK0005175,C000989,O00056641,2026-06-26,商品质量,在线客服,中,1.77,是,4
TK0005176,C004824,O00056651,2026-01-01,安装使用,社交媒体,中,16.16,否,5
TK0005177,C000216,O00056654,2026-04-29,商品质量,门店,中,18.46,否,4
TK0005178,C002763,O00056655,2026-01-10,安装使用,在线客服,中,28.34,否,3
TK0005179,C004647,O00056678,2026-04-17,物流咨询,在线客服,中,32.97,否,3
TK0005180,C002028,O00056681,2026-06-03,物流咨询,在线客服,中,8.27,否,4
TK0005181,C001680,O00056685,2026-05-03,退换货,电话,中,26.08,否,3
TK0005182,C004378,O00056731,2026-03-15,促销规则,电话,低,7.47,是,5
TK0005183,C002335,O00056735,2025-08-21,商品质量,电话,低,32.66,否,4
TK0005184,C001953,O00056736,2026-01-07,物流咨询,在线客服,高,14.29,否,5
TK0005185,C000420,O00056757,2026-04-29,物流咨询,在线客服,低,15.52,否,3
TK0005186,C004903,O00056776,2025-12-19,物流咨询,社交媒体,中,8.1,否,4
TK0005187,C001751,O00056781,2026-02-15,商品质量,门店,中,35.04,否,3
TK0005188,C003258,O00056794,2026-04-28,促销规则,电话,低,30.72,否,3
TK0005189,C003772,O00056812,2025-09-27,物流咨询,在线客服,低,17.67,否,4
TK0005190,C004845,O00056814,2025-09-12,安装使用,电话,低,35.1,否,3
TK0005191,C003056,O00056816,2025-12-03,物流咨询,电话,低,12.37,否,4
TK0005192,C001834,O00056824,2026-03-24,安装使用,门店,高,10.96,否,4
TK0005193,C001641,O00056833,2026-03-14,退换货,电话,高,10.32,否,5
TK0005194,C000599,O00056838,2025-12-04,退换货,社交媒体,高,1.24,是,5
TK0005195,C004084,O00056846,2026-04-02,商品质量,在线客服,中,27.16,否,3
TK0005196,C001317,O00056847,2025-10-03,发票支付,在线客服,高,20.79,否,4
TK0005197,C001307,O00056848,2025-08-22,物流咨询,在线客服,中,15.43,否,3
TK0005198,C000563,O00056869,2026-07-28,商品质量,门店,高,35.39,否,3
TK0005199,C000212,O00056881,2025-10-03,物流咨询,门店,低,35.96,否,3
TK0005200,C000524,O00056882,2026-06-26,退换货,在线客服,低,24.9,否,4
TK0005201,C003349,O00056891,2026-06-17,促销规则,在线客服,高,3.09,是,4
TK0005202,C001353,O00056908,2025-12-01,发票支付,门店,中,34.96,否,3
TK0005203,C004492,O00056909,2025-09-19,物流咨询,电话,高,10.0,否,5
TK0005204,C002444,O00056950,2025-09-30,商品质量,门店,中,23.24,否,4
TK0005205,C001671,O00056983,2026-08-07,物流咨询,在线客服,中,24.31,否,3
TK0005206,C000662,O00056992,2026-06-21,物流咨询,电话,中,27.93,否,2
TK0005207,C002386,O00057002,2026-05-06,商品质量,电话,中,21.68,否,4
TK0005208,C000563,O00057006,2026-05-07,物流咨询,电话,中,20.3,否,4
TK0005209,C002188,O00057007,2026-08-02,物流咨询,在线客服,高,2.59,是,3
TK0005210,C001980,O00057026,2025-10-14,物流咨询,在线客服,低,8.48,否,5
TK0005211,C002121,O00057055,2025-12-31,物流咨询,门店,高,29.71,否,3
TK0005212,C000325,O00057062,2025-10-06,物流咨询,门店,中,6.6,是,5
TK0005213,C000167,O00057080,2025-11-09,物流咨询,在线客服,中,32.07,否,3
TK0005214,C001608,O00057085,2025-11-07,物流咨询,社交媒体,中,33.52,否,3
TK0005215,C000210,O00057086,2026-03-28,商品质量,电话,中,27.47,否,2
TK0005216,C004674,O00057089,2026-03-22,物流咨询,门店,中,32.18,否,3
TK0005217,C001951,O00057090,2025-09-26,退换货,社交媒体,低,24.78,否,4
TK0005218,C000097,O00057092,2025-10-01,退换货,电话,中,2.02,是,5
TK0005219,C002738,O00057095,2026-06-25,物流咨询,在线客服,低,24.43,否,4
TK0005220,C002359,O00057108,2026-07-31,发票支付,门店,中,7.3,是,4
TK0005221,C003747,O00057125,2026-06-27,商品质量,门店,低,29.79,否,3
TK0005222,C004094,O00057126,2026-04-13,物流咨询,社交媒体,低,5.83,是,4
TK0005223,C000266,O00057134,2025-10-21,发票支付,在线客服,紧急,24.23,否,4
TK0005224,C002780,O00057137,2025-12-11,物流咨询,电话,低,28.48,否,3
TK0005225,C001226,O00057147,2025-09-08,商品质量,电话,中,10.18,否,5
TK0005226,C004569,O00057154,2025-10-07,发票支付,电话,高,12.76,否,4
TK0005227,C003640,O00057170,2026-03-21,安装使用,社交媒体,中,16.73,否,4
TK0005228,C000616,O00057173,2026-07-12,物流咨询,门店,中,32.9,否,3
TK0005229,C000054,O00057175,2026-03-15,物流咨询,在线客服,中,17.37,否,4
TK0005230,C001262,O00057206,2025-10-13,物流咨询,电话,中,31.81,否,2
TK0005231,C004942,O00057222,2025-12-15,安装使用,在线客服,中,30.74,否,3
TK0005232,C001763,O00057238,2025-10-12,物流咨询,在线客服,中,14.35,否,5
TK0005233,C001668,O00057244,2025-08-29,物流咨询,在线客服,中,35.84,否,3
TK0005234,C003386,O00057253,2025-12-21,安装使用,门店,低,21.5,否,4
TK0005235,C004619,O00057284,2026-05-11,促销规则,在线客服,低,17.91,否,4
TK0005236,C004103,O00057290,2025-08-28,退换货,门店,低,19.88,否,4
TK0005237,C004581,O00057291,2026-03-29,促销规则,社交媒体,中,18.49,否,3
TK0005238,C001432,O00057297,2026-06-04,退换货,电话,中,11.69,否,5
TK0005239,C003492,O00057305,2026-03-18,物流咨询,电话,中,18.47,否,4
TK0005240,C002960,O00057309,2025-11-20,物流咨询,在线客服,中,27.56,否,2
TK0005241,C001784,O00057322,2026-03-24,物流咨询,在线客服,中,3.04,是,5
TK0005242,C001061,O00057357,2026-06-21,促销规则,门店,低,22.52,否,3
TK0005243,C001678,O00057362,2026-06-08,物流咨询,社交媒体,中,1.61,是,3
TK0005244,C000713,O00057384,2025-12-13,物流咨询,电话,中,1.67,是,4
TK0005245,C000851,O00057389,2026-04-17,物流咨询,在线客服,中,6.91,是,5
TK0005246,C000035,O00057404,2025-09-30,安装使用,电话,中,14.78,否,5
TK0005247,C004152,O00057407,2026-05-21,物流咨询,社交媒体,高,25.95,否,4
TK0005248,C004220,O00057408,2025-08-24,安装使用,社交媒体,中,33.57,否,3
TK0005249,C002285,O00057409,2025-12-13,促销规则,在线客服,低,17.83,否,4
TK0005250,C004006,O00057422,2025-08-30,物流咨询,在线客服,中,20.25,否,4
TK0005251,C001009,O00057450,2025-10-24,物流咨询,在线客服,中,15.92,否,4
TK0005252,C001111,O00057483,2025-12-06,物流咨询,在线客服,中,26.08,否,3
TK0005253,C002659,O00057484,2026-06-26,商品质量,门店,中,21.2,否,4
TK0005254,C002868,O00057497,2026-01-08,物流咨询,门店,高,20.51,否,3
TK0005255,C002760,O00057499,2025-09-15,安装使用,门店,中,33.04,否,3
TK0005256,C000122,O00057501,2026-05-17,退换货,社交媒体,中,30.79,否,4
TK0005257,C003692,O00057512,2026-02-06,退换货,社交媒体,中,4.77,是,4
TK0005258,C003859,O00057513,2025-10-01,安装使用,社交媒体,低,13.68,否,4
TK0005259,C001991,O00057518,2026-04-16,退换货,在线客服,低,21.2,否,4
TK0005260,C002400,O00057525,2026-05-18,物流咨询,电话,中,33.15,否,2
TK0005261,C001652,O00057529,2026-05-01,促销规则,门店,中,11.96,否,4
TK0005262,C002235,O00057534,2025-09-27,商品质量,电话,中,13.54,否,5
TK0005263,C004273,O00057538,2025-10-12,物流咨询,门店,高,4.76,是,4
TK0005264,C003841,O00057547,2026-03-12,物流咨询,电话,低,29.41,否,4
TK0005265,C004468,O00057550,2025-10-13,促销规则,在线客服,中,11.85,否,4
TK0005266,C004249,O00057552,2026-05-12,安装使用,门店,低,12.26,否,5
TK0005267,C001545,O00057556,2025-12-23,商品质量,在线客服,低,3.22,是,5
TK0005268,C004972,O00057564,2026-06-25,商品质量,电话,中,32.63,否,3
TK0005269,C002590,O00057571,2026-05-02,安装使用,电话,中,10.26,否,5
TK0005270,C000474,O00057572,2026-01-13,退换货,门店,中,15.85,否,5
TK0005271,C002612,O00057575,2026-07-27,退换货,在线客服,中,1.01,是,5
TK0005272,C002652,O00057586,2025-12-09,发票支付,在线客服,中,25.79,否,3
TK0005273,C001471,O00057596,2026-07-11,促销规则,社交媒体,中,34.48,否,4
TK0005274,C003375,O00057603,2026-05-28,发票支付,门店,低,10.25,否,5
TK0005275,C002559,O00057613,2025-11-18,商品质量,在线客服,中,25.37,否,3
TK0005276,C001967,O00057614,2025-09-15,物流咨询,社交媒体,低,17.1,否,4
TK0005277,C000706,O00057634,2026-05-01,物流咨询,社交媒体,高,26.9,否,3
TK0005278,C004533,O00057638,2026-04-20,物流咨询,门店,高,14.17,否,3
TK0005279,C004748,O00057640,2026-08-01,商品质量,电话,中,5.57,是,5
TK0005280,C000761,O00057661,2026-02-05,物流咨询,门店,低,11.48,否,4
TK0005281,C000801,O00057665,2026-04-26,物流咨询,电话,中,24.28,否,3
TK0005282,C001849,O00057666,2026-06-06,安装使用,电话,低,10.6,否,4
TK0005283,C004735,O00057678,2026-04-18,物流咨询,在线客服,中,24.64,否,4
TK0005284,C004334,O00057681,2026-06-02,促销规则,社交媒体,低,11.29,否,5
TK0005285,C002396,O00057700,2026-04-28,安装使用,门店,高,32.18,否,3
TK0005286,C003573,O00057709,2025-12-27,物流咨询,电话,中,24.32,否,4
TK0005287,C000963,O00057711,2026-06-14,促销规则,在线客服,高,11.19,否,4
TK0005288,C000688,O00057712,2025-12-30,物流咨询,在线客服,低,27.59,否,3
TK0005289,C002207,O00057719,2025-11-19,退换货,门店,低,16.02,否,4
TK0005290,C004161,O00057733,2025-08-27,物流咨询,社交媒体,低,2.79,是,5
TK0005291,C001450,O00057747,2026-06-02,物流咨询,电话,中,24.16,否,4
TK0005292,C001929,O00057759,2026-03-18,物流咨询,社交媒体,中,8.54,否,3
TK0005293,C000255,O00057762,2026-04-23,退换货,电话,低,14.9,否,5
TK0005294,C002640,O00057765,2026-02-21,退换货,社交媒体,中,3.75,是,5
TK0005295,C001120,O00057777,2025-10-01,退换货,门店,中,15.4,否,4
TK0005296,C000696,O00057784,2025-10-10,安装使用,社交媒体,中,7.61,是,5
TK0005297,C003467,O00057790,2026-04-09,物流咨询,社交媒体,高,13.12,否,4
TK0005298,C001384,O00057795,2026-02-17,促销规则,在线客服,低,25.22,否,4
TK0005299,C002111,O00057802,2026-07-24,退换货,在线客服,中,1.25,是,5
TK0005300,C000840,O00057815,2025-09-06,退换货,电话,中,17.41,否,2
TK0005301,C002873,O00057832,2025-12-10,退换货,电话,中,29.94,否,4
TK0005302,C004019,O00057834,2025-12-27,促销规则,电话,低,7.38,是,4
TK0005303,C003004,O00057839,2025-09-30,退换货,在线客服,低,27.93,否,3
TK0005304,C000285,O00057843,2026-05-15,退换货,在线客服,低,30.77,否,3
TK0005305,C002188,O00057861,2025-09-22,退换货,社交媒体,低,9.18,否,4
TK0005306,C000659,O00057865,2025-11-24,促销规则,门店,中,27.16,否,4
TK0005307,C002698,O00057877,2026-04-06,物流咨询,在线客服,高,5.57,是,5
TK0005308,C001211,O00057880,2026-03-23,退换货,电话,中,35.34,否,3
TK0005309,C000081,O00057890,2026-07-25,发票支付,在线客服,高,22.5,否,4
TK0005310,C000195,O00057910,2026-06-09,物流咨询,在线客服,高,26.13,否,3
TK0005311,C003052,O00057913,2026-04-01,商品质量,在线客服,低,9.15,否,5
TK0005312,C001497,O00057916,2025-12-04,促销规则,在线客服,低,3.76,是,5
TK0005313,C001184,O00057917,2026-04-30,物流咨询,门店,高,3.67,是,5
TK0005314,C003165,O00057923,2025-12-08,促销规则,门店,中,1.37,是,5
TK0005315,C002209,O00057935,2025-08-26,退换货,社交媒体,低,32.3,否,3
TK0005316,C001432,O00057938,2025-12-23,促销规则,社交媒体,高,5.74,是,5
TK0005317,C000095,O00057948,2026-05-16,退换货,在线客服,高,25.23,否,4
TK0005318,C000867,O00057960,2025-09-16,安装使用,电话,紧急,34.1,否,3
TK0005319,C004220,O00057968,2026-03-08,安装使用,社交媒体,低,26.61,否,4
TK0005320,C001957,O00057973,2025-11-11,商品质量,社交媒体,中,21.58,否,4
TK0005321,C003160,O00057986,2026-05-13,物流咨询,门店,中,30.69,否,3
TK0005322,C004132,O00057990,2026-05-25,物流咨询,在线客服,低,31.49,否,2
TK0005323,C000766,O00057997,2026-01-11,商品质量,门店,高,27.97,否,3
TK0005324,C003399,O00058016,2025-10-19,安装使用,社交媒体,低,1.57,是,5
TK0005325,C001150,O00058032,2025-10-23,物流咨询,电话,中,34.63,否,3
TK0005326,C004512,O00058060,2025-12-09,商品质量,在线客服,中,8.9,否,4
TK0005327,C000231,O00058085,2025-12-04,退换货,门店,高,16.6,否,3
TK0005328,C003340,O00058088,2026-05-21,物流咨询,门店,中,1.17,是,5
TK0005329,C003852,O00058103,2025-10-21,安装使用,门店,低,9.82,否,5
TK0005330,C000273,O00058112,2025-11-28,促销规则,电话,低,9.55,否,4
TK0005331,C003675,O00058137,2025-11-09,物流咨询,电话,中,24.66,否,3
TK0005332,C001276,O00058142,2025-12-29,退换货,社交媒体,低,10.12,否,4
TK0005333,C002525,O00058149,2025-08-17,发票支付,社交媒体,高,7.47,是,4
TK0005334,C004781,O00058162,2026-03-29,安装使用,在线客服,中,11.22,否,5
TK0005335,C002546,O00058170,2025-11-10,发票支付,门店,高,29.45,否,4
TK0005336,C001667,O00058186,2025-12-11,促销规则,电话,中,16.85,否,5
TK0005337,C003057,O00058194,2025-10-19,商品质量,门店,低,16.26,否,4
TK0005338,C003647,O00058205,2026-06-22,退换货,电话,中,17.55,否,4
TK0005339,C004943,O00058206,2026-03-29,商品质量,社交媒体,中,27.94,否,3
TK0005340,C004278,O00058213,2026-05-09,退换货,电话,紧急,31.14,否,3
TK0005341,C001124,O00058216,2026-07-14,发票支付,电话,中,20.83,否,3
TK0005342,C000932,O00058237,2025-12-26,物流咨询,门店,中,9.75,否,3
TK0005343,C000962,O00058239,2025-08-30,物流咨询,社交媒体,低,35.4,否,3
TK0005344,C000472,O00058245,2026-03-13,商品质量,在线客服,低,9.27,否,5
TK0005345,C002343,O00058247,2026-07-20,商品质量,社交媒体,中,19.85,否,4
TK0005346,C004688,O00058256,2025-10-29,商品质量,在线客服,中,16.85,否,4
TK0005347,C002118,O00058264,2026-03-15,促销规则,电话,紧急,29.79,否,2
TK0005348,C001834,O00058267,2026-03-27,安装使用,社交媒体,高,8.14,否,5
TK0005349,C004584,O00058271,2025-12-30,退换货,电话,中,32.58,否,3
TK0005350,C002452,O00058289,2025-10-21,发票支付,电话,中,6.54,是,5
TK0005351,C002152,O00058311,2026-02-14,物流咨询,社交媒体,低,3.7,是,4
TK0005352,C003575,O00058317,2025-12-17,商品质量,电话,中,16.87,否,4
TK0005353,C000025,O00058321,2026-05-02,商品质量,在线客服,中,21.71,否,5
TK0005354,C001132,O00058336,2025-12-24,促销规则,门店,中,29.42,否,3
TK0005355,C001288,O00058337,2026-04-24,物流咨询,在线客服,中,32.73,否,3
TK0005356,C002706,O00058338,2026-04-16,物流咨询,在线客服,中,30.75,否,2
TK0005357,C003189,O00058353,2026-01-02,商品质量,门店,高,6.73,是,5
TK0005358,C001689,O00058356,2026-06-29,安装使用,社交媒体,高,21.89,否,3
TK0005359,C002460,O00058367,2026-02-21,商品质量,社交媒体,紧急,24.78,否,4
TK0005360,C004518,O00058382,2026-01-20,退换货,电话,中,12.22,否,5
TK0005361,C000053,O00058384,2025-12-29,促销规则,电话,高,25.11,否,3
TK0005362,C002980,O00058386,2026-06-25,物流咨询,社交媒体,中,16.54,否,4
TK0005363,C003891,O00058392,2026-06-12,安装使用,门店,中,9.12,否,4
TK0005364,C000728,O00058429,2025-09-18,商品质量,社交媒体,低,30.6,否,2
TK0005365,C002317,O00058434,2026-06-12,物流咨询,在线客服,中,13.86,否,4
TK0005366,C003944,O00058441,2026-05-29,物流咨询,电话,低,32.98,否,3
TK0005367,C003371,O00058444,2026-03-24,物流咨询,社交媒体,中,24.24,否,2
TK0005368,C002904,O00058454,2025-12-10,物流咨询,门店,中,1.02,是,5
TK0005369,C000723,O00058455,2026-03-06,物流咨询,电话,低,8.38,否,3
TK0005370,C003115,O00058486,2025-09-04,商品质量,社交媒体,中,7.84,是,4
TK0005371,C001950,O00058506,2026-01-26,安装使用,在线客服,高,33.01,否,1
TK0005372,C004482,O00058509,2026-04-12,物流咨询,社交媒体,低,34.99,否,3
TK0005373,C004641,O00058517,2026-05-28,商品质量,在线客服,中,22.13,否,4
TK0005374,C000544,O00058530,2026-04-28,物流咨询,电话,高,20.84,否,3
TK0005375,C004604,O00058532,2026-05-16,商品质量,在线客服,高,23.32,否,3
TK0005376,C001583,O00058550,2025-12-23,安装使用,社交媒体,中,18.49,否,4
TK0005377,C004835,O00058557,2026-05-17,安装使用,在线客服,中,12.42,否,4
TK0005378,C003037,O00058562,2026-07-07,退换货,社交媒体,低,19.18,否,3
TK0005379,C002232,O00058577,2026-07-06,物流咨询,在线客服,低,12.06,否,4
TK0005380,C004964,O00058581,2026-04-22,商品质量,门店,中,16.43,否,3
TK0005381,C002920,O00058619,2026-05-14,物流咨询,门店,中,32.79,否,2
TK0005382,C002502,O00058625,2025-12-04,退换货,社交媒体,中,24.26,否,4
TK0005383,C004471,O00058632,2026-08-04,物流咨询,社交媒体,中,23.69,否,3
TK0005384,C003608,O00058650,2026-04-22,退换货,电话,低,31.86,否,3
TK0005385,C001070,O00058666,2025-08-29,商品质量,电话,中,22.99,否,3
TK0005386,C002889,O00058667,2026-05-16,物流咨询,在线客服,高,28.76,否,3
TK0005387,C000044,O00058675,2026-01-28,商品质量,社交媒体,高,12.16,否,5
TK0005388,C003102,O00058709,2025-10-09,安装使用,门店,低,26.37,否,4
TK0005389,C002550,O00058728,2025-12-24,物流咨询,门店,低,31.71,否,4
TK0005390,C001675,O00058759,2026-01-21,商品质量,门店,中,3.55,是,5
TK0005391,C001158,O00058767,2025-12-18,商品质量,社交媒体,高,4.34,是,5
TK0005392,C004315,O00058770,2026-06-24,促销规则,社交媒体,低,19.35,否,3
TK0005393,C003741,O00058776,2026-04-20,促销规则,社交媒体,高,23.43,否,3
TK0005394,C000849,O00058791,2026-03-21,物流咨询,社交媒体,中,5.42,是,5
TK0005395,C004033,O00058819,2025-11-05,发票支付,门店,紧急,25.72,否,4
TK0005396,C000012,O00058825,2025-12-15,退换货,在线客服,低,4.54,是,4
TK0005397,C002070,O00058826,2026-07-06,安装使用,门店,中,30.82,否,2
TK0005398,C002524,O00058838,2026-05-04,物流咨询,门店,高,28.84,否,2
TK0005399,C004962,O00058853,2026-06-03,退换货,社交媒体,中,5.95,是,5
TK0005400,C000236,O00058857,2025-08-06,物流咨询,门店,低,21.55,否,4
TK0005401,C002178,O00058864,2026-07-28,发票支付,在线客服,紧急,19.06,否,4
TK0005402,C003624,O00058889,2025-12-08,商品质量,在线客服,中,3.31,是,4
TK0005403,C001585,O00058908,2026-08-01,物流咨询,电话,低,12.89,否,3
TK0005404,C000199,O00058923,2026-04-23,物流咨询,门店,高,15.0,否,3
TK0005405,C000378,O00058933,2025-12-07,物流咨询,社交媒体,中,29.56,否,3
TK0005406,C001953,O00058940,2026-06-09,物流咨询,电话,中,5.9,是,5
TK0005407,C000393,O00058957,2026-07-12,物流咨询,在线客服,高,4.8,是,4
TK0005408,C000373,O00058966,2026-04-14,促销规则,在线客服,中,27.69,否,3
TK0005409,C001359,O00058980,2026-01-27,物流咨询,社交媒体,低,4.82,是,4
TK0005410,C001191,O00059018,2025-11-05,物流咨询,社交媒体,紧急,28.85,否,2
TK0005411,C000972,O00059024,2025-12-25,物流咨询,社交媒体,中,24.31,否,4
TK0005412,C000425,O00059050,2026-05-01,物流咨询,在线客服,高,5.95,是,4
TK0005413,C002423,O00059061,2026-06-16,商品质量,门店,中,21.58,否,3
TK0005414,C002280,O00059070,2026-01-10,退换货,电话,中,12.85,否,5
TK0005415,C002916,O00059085,2025-08-21,物流咨询,社交媒体,低,9.99,否,4
TK0005416,C004055,O00059098,2026-07-28,促销规则,门店,低,16.87,否,3
TK0005417,C003735,O00059100,2026-03-26,物流咨询,在线客服,低,1.78,是,5
TK0005418,C000481,O00059106,2026-04-20,物流咨询,社交媒体,高,25.76,否,3
TK0005419,C000229,O00059135,2026-07-29,退换货,门店,紧急,29.24,否,4
TK0005420,C002442,O00059155,2026-04-16,发票支付,电话,中,35.33,否,3
TK0005421,C001867,O00059161,2026-03-26,安装使用,在线客服,低,34.62,否,2
TK0005422,C001787,O00059167,2025-12-30,物流咨询,门店,中,3.13,是,5
TK0005423,C001602,O00059176,2025-12-10,安装使用,门店,低,29.78,否,3
TK0005424,C004646,O00059192,2025-08-06,退换货,在线客服,中,13.79,否,4
TK0005425,C003316,O00059193,2026-01-03,物流咨询,门店,中,25.52,否,3
TK0005426,C004733,O00059198,2026-05-27,安装使用,在线客服,高,30.72,否,3
TK0005427,C000804,O00059202,2026-04-29,退换货,社交媒体,中,10.43,否,3
TK0005428,C000532,O00059205,2026-02-08,商品质量,门店,低,20.95,否,4
TK0005429,C004926,O00059214,2025-12-26,安装使用,电话,低,12.59,否,5
TK0005430,C001898,O00059221,2025-10-27,物流咨询,社交媒体,紧急,17.56,否,3
TK0005431,C002737,O00059251,2025-08-11,发票支付,门店,高,30.66,否,3
TK0005432,C004922,O00059260,2026-03-23,物流咨询,社交媒体,中,6.84,是,5
TK0005433,C000497,O00059289,2026-01-07,物流咨询,社交媒体,高,31.12,否,2
TK0005434,C000199,O00059297,2025-12-29,物流咨询,社交媒体,中,20.66,否,3
TK0005435,C002122,O00059328,2025-12-31,发票支付,在线客服,中,31.98,否,3
TK0005436,C002254,O00059336,2026-06-13,发票支付,社交媒体,中,17.87,否,5
TK0005437,C003908,O00059338,2025-11-13,商品质量,在线客服,高,13.31,否,4
TK0005438,C004987,O00059343,2025-10-12,物流咨询,在线客服,低,6.74,是,5
TK0005439,C004584,O00059362,2026-05-10,退换货,在线客服,中,30.84,否,3
TK0005440,C002477,O00059376,2026-01-14,商品质量,在线客服,中,10.69,否,5
TK0005441,C003509,O00059380,2026-05-21,安装使用,社交媒体,中,1.59,是,5
TK0005442,C003176,O00059387,2025-09-26,物流咨询,门店,中,9.21,否,3
TK0005443,C000145,O00059418,2026-02-26,商品质量,社交媒体,中,35.81,否,3
TK0005444,C004015,O00059431,2025-10-11,物流咨询,电话,中,19.91,否,3
TK0005445,C003613,O00059445,2026-01-15,发票支付,门店,低,10.8,否,5
TK0005446,C004903,O00059469,2025-11-03,物流咨询,社交媒体,高,33.11,否,3
TK0005447,C001838,O00059472,2026-05-13,促销规则,电话,中,31.48,否,3
TK0005448,C001626,O00059474,2026-05-19,退换货,电话,低,24.01,否,4
TK0005449,C000396,O00059503,2025-08-23,物流咨询,在线客服,低,1.45,是,5
TK0005450,C002064,O00059504,2026-01-20,安装使用,电话,高,16.76,否,4
TK0005451,C003681,O00059510,2026-01-26,退换货,电话,中,33.1,否,2
TK0005452,C002923,O00059516,2025-10-02,安装使用,门店,中,19.09,否,3
TK0005453,C004090,O00059520,2025-09-14,退换货,在线客服,低,26.97,否,3
TK0005454,C003785,O00059531,2026-04-01,商品质量,电话,中,10.66,否,5
TK0005455,C002503,O00059538,2025-11-21,发票支付,电话,中,11.16,否,5
TK0005456,C002402,O00059542,2026-07-29,发票支付,在线客服,高,31.76,否,3
TK0005457,C000791,O00059555,2026-05-31,商品质量,门店,低,23.94,否,3
TK0005458,C002263,O00059562,2026-01-12,退换货,社交媒体,高,8.63,否,5
TK0005459,C004649,O00059583,2026-02-13,物流咨询,门店,高,28.01,否,4
TK0005460,C001800,O00059595,2026-08-05,促销规则,电话,中,17.19,否,3
TK0005461,C002357,O00059599,2026-03-03,安装使用,社交媒体,中,5.12,是,4
TK0005462,C002090,O00059629,2026-01-03,商品质量,门店,中,24.89,否,3
TK0005463,C002132,O00059641,2025-11-30,物流咨询,社交媒体,高,14.59,否,4
TK0005464,C001235,O00059643,2025-09-03,发票支付,在线客服,中,34.1,否,3
TK0005465,C004049,O00059644,2026-02-08,物流咨询,社交媒体,中,34.1,否,2
TK0005466,C002578,O00059645,2026-06-14,商品质量,社交媒体,中,9.54,否,5
TK0005467,C003220,O00059680,2025-12-05,物流咨询,社交媒体,中,30.13,否,3
TK0005468,C001301,O00059684,2025-11-12,物流咨询,在线客服,高,33.62,否,3
TK0005469,C003131,O00059699,2025-11-18,商品质量,在线客服,中,19.54,否,4
TK0005470,C003051,O00059729,2026-06-29,物流咨询,在线客服,低,28.88,否,3
TK0005471,C004824,O00059733,2026-06-23,物流咨询,社交媒体,高,12.42,否,4
TK0005472,C001064,O00059764,2026-01-17,商品质量,门店,高,20.67,否,4
TK0005473,C001863,O00059774,2026-01-22,促销规则,社交媒体,中,17.35,否,5
TK0005474,C002165,O00059796,2026-01-09,安装使用,门店,低,2.18,是,4
TK0005475,C000847,O00059798,2025-12-06,促销规则,在线客服,中,1.94,是,4
TK0005476,C002330,O00059806,2026-02-12,物流咨询,门店,中,30.82,否,3
TK0005477,C004994,O00059815,2026-07-19,安装使用,电话,中,8.83,否,5
TK0005478,C000301,O00059821,2026-08-02,安装使用,电话,中,34.41,否,3
TK0005479,C001375,O00059826,2026-08-02,物流咨询,社交媒体,中,20.25,否,3
TK0005480,C000516,O00059829,2025-11-16,商品质量,门店,中,21.19,否,3
TK0005481,C003055,O00059836,2025-10-23,物流咨询,社交媒体,中,34.28,否,3
TK0005482,C003333,O00059839,2025-11-11,安装使用,门店,紧急,13.48,否,3
TK0005483,C000458,O00059846,2026-07-02,物流咨询,在线客服,低,27.51,否,3
TK0005484,C003990,O00059854,2026-01-24,物流咨询,门店,低,22.37,否,4
TK0005485,C003539,O00059892,2026-01-01,退换货,电话,高,29.99,否,4
TK0005486,C004645,O00059935,2026-02-06,商品质量,门店,低,9.54,否,5
TK0005487,C002671,O00059936,2026-08-04,退换货,电话,低,13.54,否,5
TK0005488,C003356,O00059955,2026-03-21,商品质量,电话,低,1.63,是,5
TK0005489,C003429,O00059959,2025-08-30,物流咨询,门店,中,18.04,否,4
TK0005490,C002586,O00059964,2025-10-05,物流咨询,电话,低,26.7,否,3
TK0005491,C001068,O00059971,2025-11-27,安装使用,电话,中,28.64,否,3
TK0005492,C000069,O00059992,2026-02-28,物流咨询,社交媒体,中,5.02,是,4
TK0005493,C003816,O00059997,2026-06-17,物流咨询,社交媒体,高,16.34,否,4
